text,id,author,subreddit,link_id,parent_id,created_utc,rater_id,example_very_unclear,admiration,amusement,anger,annoyance,approval,caring,confusion,curiosity,desire,disappointment,disapproval,disgust,embarrassment,excitement,fear,gratitude,grief,joy,love,nervousness,optimism,pride,realization,relief,remorse,sadness,surprise,neutral,main_emotion,x,y,hdbscan_cluster,kmeans_cluster
Because when everything goes ok people don’t post about it.,eejnctn,maartenjwg,relationship_advice,t3_ahtrf3,t3_ahtrf3,1548003464,61,False,0,0,0,0,0,0,0,0,0,0,0,0,0,0,0,0,0,0,0,0,0,0,0,0,0,0,0,1,neutral,8.516633,3.330121,1,0
Man red dead 2 looks so good,edstk1a,fizzle-kicks,yesyesyesyesno,t3_aeu38k,t3_aeu38k,1547209651,55,False,0,0,0,0,0,0,0,0,0,0,0,0,0,0,0,0,0,0,0,0,0,0,0,0,0,0,0,1,neutral,11.234713,4.2140746,1,2
Did you seriously miss the like 50 comments above that girls can’t play games?,edaffzu,thetruckerdave,Overwatch,t3_acq5cy,t1_edabgre,1546679654,33,False,0,0,0,0,0,0,0,0,0,0,0,0,0,0,0,0,0,0,0,0,0,0,0,0,0,0,0,1,neutral,7.848945,4.46829,1,3
“-sigh- I’m so bad at making friends”- Owl,ee4aozp,SimpsonFry,AnimalsBeingJerks,t3_ag5hb6,t3_ag5hb6,1547560252,37,True,0,0,0,0,0,0,0,0,0,0,0,0,0,0,0,0,0,0,0,0,0,0,0,0,0,0,0,0,neutral,9.542757,5.442046,1,1
"I never believe draft rumors of who teams are looking at or wanting, especially if its fan rumors. ",ed5kia8,deevotionpotion,GreenBayPackers,t3_abyg4r,t1_ed4rz75,1546528954,64,False,0,0,0,0,0,0,0,0,0,0,0,0,0,0,0,0,0,0,0,0,0,0,0,0,0,0,0,1,neutral,8.922471,1.013519,1,0
"Damn, super glue and band aids stat!",edj17to,MeasuredImpulse,instant_regret,t3_adl2b3,t1_ediqwgd,1546912304,8,False,0,0,0,0,0,0,0,0,0,0,0,0,0,0,0,0,0,0,0,0,0,0,0,0,0,0,0,1,neutral,9.982095,4.5901103,1,1
"Yes. However, they also could've just gotten something catered.",ee7g3or,MetalHead_Literally,TheSimpsons,t3_agheo6,t1_ee7eieo,1547659917,20,False,0,0,0,0,0,0,0,0,0,0,0,0,0,0,0,0,0,0,0,0,0,0,0,0,0,0,0,1,neutral,8.295166,2.566618,1,0
"Realistically speaking, if they were on a VGBC channel, [NAME] would give them a nickname whenever they were on stream, and that would eventually catch on.",eew0rdy,[deleted],SSBM,t3_aji1ib,t3_aji1ib,1548377388,6,False,0,0,0,0,0,0,0,0,0,0,0,0,0,0,0,0,0,0,0,0,0,0,0,0,0,0,0,1,neutral,11.652909,2.1580398,1,2
"I know you’re out there somewhere Beer Barron, and I’ll find you.... *no you won’t!*",efek6u3,housetim,Jokes,t3_alce54,t3_alce54,1548895604,5,False,0,0,0,0,0,0,0,0,0,0,0,0,0,0,0,0,0,0,0,0,0,0,0,0,0,0,0,1,neutral,10.564056,5.2087703,1,1
"Lived in a suburb of San Antonio, never experienced anything close to ""prejudice/racism/difficulties.""",ee3pwny,usrxmme,islam,t3_ag2cl9,t3_ag2cl9,1547531295,70,False,0,0,0,0,0,0,0,0,0,0,0,0,0,0,0,0,0,0,0,0,0,0,0,0,0,0,0,1,neutral,7.303174,4.659245,1,3
Good old guardian refusing to accept that [NAME] is stauncly anti-EU and anti-Brussels,ed2kjxz,Veldron,brexit,t3_abo825,t3_abo825,1546424554,14,False,0,0,0,0,0,0,0,0,0,0,0,0,0,0,0,0,0,0,0,0,0,0,0,0,0,0,0,1,neutral,8.632488,2.0517225,1,0
"People have gotten shot with legal means while breaking into someone's home, sued the home owner and won. ",eerfg5w,CoolingtonBeans,HadToHurt,t3_aiyfvj,t1_eeremjp,1548245918,18,False,0,0,0,0,0,0,0,0,0,0,0,0,0,0,0,0,0,0,0,0,0,0,0,0,0,0,0,1,neutral,8.959554,2.4852302,1,0
Those meddling kids will catch the 'spooky ghosts',ee25h6y,RanTheRedCedar,OkCupid,t3_afy65u,t1_ee25cy8,1547487655,24,False,0,0,0,0,0,0,0,0,0,0,0,0,0,0,0,0,0,0,0,0,0,0,0,0,0,0,0,1,neutral,10.00182,4.137856,1,1
There Probly doing this because we’re for sure gonna tank next year as well,edy3bl1,Jeremiah017,chicagobulls,t3_afdwsl,t3_afdwsl,1547348365,33,False,0,0,0,0,0,0,0,0,0,0,0,0,0,0,0,0,0,0,0,0,0,0,0,0,0,0,0,1,neutral,10.107828,5.7267456,1,1
"K. Nah, it's that tablets are the full effect of it. [NAME] sporting shoes on the system that they forgot about that.",eencyp1,lewronggeneration-SS,SubredditSimulator,t3_aifils,t3_aifils,1548109275,35,False,0,0,0,0,0,0,0,0,0,0,0,0,0,0,0,0,0,0,0,0,0,0,0,0,0,0,0,1,neutral,9.353831,3.2944713,1,0
I hope he isn't scared to over power the thibs guys on the coaching staff. It seems like he is a hestitant to make any major changes.,edl1b63,IronManJ,timberwolves,t3_adyave,t3_adyave,1546979295,2,False,0,0,0,0,0,0,0,0,0,0,0,0,0,0,0,0,0,0,0,0,0,0,0,0,0,0,0,1,neutral,9.374089,1.3646624,1,0
"I'll take PVZ. Your flair: ""Maybe necks time""",eeceqn4,GuyWithTheStalker,MMA,t3_ah6k93,t3_ah6k93,1547807487,57,False,0,0,0,0,0,0,0,0,0,0,0,0,0,0,0,0,0,0,0,0,0,0,0,0,0,0,0,1,neutral,10.5469265,4.4429793,1,1
"My ctrl+f on 'made man' and 'unfireable' both came up empty, not sure why they're appearing in quotes on the title of the post",edu52qj,chibearsallday,chicagobulls,t3_aeqmis,t3_aeqmis,1547238660,24,False,0,0,0,0,0,0,0,0,0,0,0,0,0,0,0,0,0,0,0,0,0,0,0,0,0,0,0,1,neutral,8.676457,3.2707393,1,0
"Oof, that was efficient ",ed7ryas,megernega,teenagers,t3_acgofb,t1_ed7rxi3,1546595369,8,False,0,0,0,0,0,0,0,0,0,0,0,0,0,0,0,0,0,0,0,0,0,0,0,0,0,0,0,1,neutral,10.767305,6.361593,1,1
"Yeah right, like other government look to [NAME] to learn something our politics is hot mess won't happen, will stay a dream I guess",eea0lre,Savongar,belgium,t3_agw5qz,t1_ee9z985,1547739296,8,False,0,0,0,0,0,0,0,0,0,0,0,0,0,0,0,0,0,0,0,0,0,0,0,0,0,0,0,1,neutral,6.7247033,2.5938518,1,0
"Getting jealous over exes is hard to overcome but they are EXES, he/she doesn’t want them, they want you.",ed7rqgp,WolvesKeepYouWarm,AskWomen,t3_acgdk4,t1_ed7rjec,1546595032,43,True,0,0,0,0,0,0,0,0,0,0,0,0,0,0,0,0,0,0,0,0,0,0,0,0,0,0,0,0,neutral,7.729997,5.7013583,1,3
"The more I know someone, the less I want to know someone. ",ed9p5vy,cgello,intj,t3_acnr5e,t3_acnr5e,1546652307,21,False,0,0,0,0,0,0,0,0,0,0,0,0,0,0,0,0,0,0,0,0,0,0,0,0,0,0,0,1,neutral,7.8586345,4.8596206,1,3
"Ahh, I see. Well, he wasn't wrong!",edlo9o5,LordTitcake,IncelTears,t3_adnk4n,t1_edlg2pb,1546996611,33,False,0,0,0,0,0,0,0,0,0,0,0,0,0,0,0,0,0,0,0,0,0,0,0,0,0,0,0,1,neutral,9.77333,1.9507005,1,0
I don't remember this song at all I had it on psp back then.,ed72vtx,Skoobiedoo14,MLBTheShow,t3_ac1c0d,t3_ac1c0d,1546569465,6,False,0,0,0,0,0,0,0,0,0,0,0,0,0,0,0,0,0,0,0,0,0,0,0,0,0,0,0,1,neutral,10.895322,2.9538634,1,2
Firemen make roughly 30000£ in UK today.,eesj4xr,legotankman,socialism,t3_aimp0i,t3_aimp0i,1548275840,46,False,0,0,0,0,0,0,0,0,0,0,0,0,0,0,0,0,0,0,0,0,0,0,0,0,0,0,0,1,neutral,6.90846,2.18706,1,0
It could also be that coupledom is the wrong way to live for OP.,edk8kk1,flabinella,intj,t3_adtza3,t1_edk7qbw,1546958188,24,False,0,0,0,0,0,0,0,0,0,0,0,0,0,0,0,0,0,0,0,0,0,0,0,0,0,0,0,1,neutral,7.0851235,4.476132,1,3
According to?,edweovj,patrickdid911,SweatyPalms,t3_ae71ej,t1_edw1iui,1547309773,55,False,0,0,0,0,0,0,0,0,0,0,0,0,0,0,0,0,0,0,0,0,0,0,0,0,0,0,0,1,neutral,8.7510195,4.7823925,1,3
didnt he think to check out the back?,eeon3m8,Ace_Micro,ChoosingBeggars,t3_aikwhn,t3_aikwhn,1548156434,23,False,0,0,0,0,0,0,0,0,0,0,0,0,0,0,0,0,0,0,0,0,0,0,0,0,0,0,0,1,neutral,9.793472,2.5472958,1,0
You ok bro?,edthnol,GenericName101,unpopularopinion,t3_aevjcl,t3_aevjcl,1547225404,46,False,0,0,0,0,0,0,0,0,0,0,0,0,0,0,0,0,0,0,0,0,0,0,0,0,0,0,0,1,neutral,10.256371,5.1960816,1,1
I loved [NAME] back in the day. He always seemed to pancake [NAME].,eeca855,vadeebo,steelers,t3_agzmqh,t3_agzmqh,1547801407,24,False,0,0,0,0,0,0,0,0,0,0,0,0,0,0,0,0,0,0,0,0,0,0,0,0,0,0,0,1,neutral,10.553153,1.9564389,1,2
Good to know!,efguk44,FeatherWorld,jobs,t3_akmfy6,t1_efgtkje,1548965435,26,False,0,0,0,0,0,0,0,0,0,0,0,0,0,0,0,0,0,0,0,0,0,0,0,0,0,0,0,1,neutral,10.879056,5.962806,1,1
Probably preschool.,eczll42,monkeyfun14,AskMen,t3_abdro0,t3_abdro0,1546310575,78,False,0,0,0,0,0,0,0,0,0,0,0,0,0,0,0,0,0,0,0,0,0,0,0,0,0,0,0,1,neutral,8.244281,6.2654696,1,3
way off my friend,ed501tr,bestcwd2,benzodiazepines,t3_ac2ne6,t1_ed4y9vi,1546505017,81,False,0,0,0,0,0,0,0,0,0,0,0,0,0,0,0,0,0,0,0,0,0,0,0,0,0,0,0,1,neutral,9.483625,5.766269,1,1
And leave a beautiful corpse,eda0er2,PM_YA_GURLS_BUTTHOLE,sydney,t3_acpjgy,t1_ed9spcf,1546662251,24,False,0,0,0,0,0,0,0,0,0,0,0,0,0,0,0,0,0,0,0,0,0,0,0,0,0,0,0,1,neutral,8.706832,5.0149536,1,3
Howd i get downvoted? Lmao. I love drones and think they cant be beat for SaR and aerial mapping... thats why i forwarded the proposal!,eet8rmo,TheVoiceOfHam,ProtectAndServe,t3_aj2vdi,t1_eesw5fb,1548294211,61,True,0,0,0,0,0,0,0,0,0,0,0,0,0,0,0,0,0,0,0,0,0,0,0,0,0,0,0,0,neutral,6.716294,2.8061206,1,0
> husband probably came out blasting like the dude in the bathroom in pulp fiction Except this dude actually hit what he was shooting at.,efgsx75,InvisibroBloodraven,houston,t3_alivzt,t1_efghhdm,1548964290,36,False,0,0,0,0,0,0,0,0,0,0,0,0,0,0,0,0,0,0,0,0,0,0,0,0,0,0,0,1,neutral,9.897173,2.583052,1,0
Do math and drive. I cook. Ain't much else to tell.,eero0g4,zKerekess,gay_irl,t3_aivs3o,t3_aivs3o,1548254468,60,False,0,0,0,0,0,0,0,0,0,0,0,0,0,0,0,0,0,0,0,0,0,0,0,0,0,0,0,1,neutral,8.896174,5.4804254,1,3
The President who signed it? FDR.,efdmjt5,ChopperIndacar,gunpolitics,t3_aldig4,t1_efdln75,1548873086,9,True,0,0,0,0,0,0,0,0,0,0,0,0,0,0,0,0,0,0,0,0,0,0,0,0,0,0,0,0,neutral,10.8927,1.1190616,1,2
Found the checher,edk7l6a,Loocsiyaj,Tinder,t3_adta8b,t1_edk55mg,1546957308,61,True,0,0,0,0,0,0,0,0,0,0,0,0,0,0,0,0,0,0,0,0,0,0,0,0,0,0,0,0,neutral,10.288671,4.1797557,1,1
We really need to sign a new CB now with [NAME] out injured. [NAME] isn't good enough yet.,eegb3gy,Mamaluigi71,soccer,t3_ahnsji,t3_ahnsji,1547918459,50,False,0,0,0,0,0,0,0,0,0,0,0,0,0,0,0,0,0,0,0,0,0,0,0,0,0,0,0,1,neutral,11.263163,1.5113298,1,2
I've found that reading before bed helps my brain get tired without needing to exhaust myself by staying up very late.,eei937o,NeutronChicken,science,t3_ahruy8,t3_ahruy8,1547962804,78,False,0,0,0,0,0,0,0,0,0,0,0,0,0,0,0,0,0,0,0,0,0,0,0,0,0,0,0,1,neutral,9.548667,5.8706017,1,1
"Ignorance, Illustrated",eexaybk,running_toilet_bowl,insanepeoplefacebook,t3_ajoxsw,t3_ajoxsw,1548422772,21,False,0,0,0,0,0,0,0,0,0,0,0,0,0,0,0,0,0,0,0,0,0,0,0,0,0,0,0,1,neutral,7.726923,3.9253576,1,3
...And what's impressive is she managed to sell two internets before she was so rudely interrupted...maybe your Land Lady should consider telemarketing. :P,edre97i,rabbittexpress,IDontWorkHereLady,t3_aeknee,t3_aeknee,1547166270,27,False,0,0,0,0,0,0,0,0,0,0,0,0,0,0,0,0,0,0,0,0,0,0,0,0,0,0,0,1,neutral,13.061155,3.2412224,0,2
Old man yells at cloud,eddkgus,newenglandredshirt,TheSimpsons,t3_ad12bt,t1_edd4fts,1546774518,21,False,0,0,0,0,0,0,0,0,0,0,0,0,0,0,0,0,0,0,0,0,0,0,0,0,0,0,0,1,neutral,9.977271,2.9567084,1,2
Get a body pillow made of yourself and give it to her as a present when she misses you she can just hug the pillow,eezj3y2,jeffdaranger,self,t3_ajwr80,t3_ajwr80,1548473969,20,False,0,0,0,0,0,0,0,0,0,0,0,0,0,0,0,0,0,0,0,0,0,0,0,0,0,0,0,1,neutral,10.443885,5.102207,1,1
fake gamer girl didnt know [NAME] is already a rapper,eddgwuz,rico_suaves_sister,ComedyCemetery,t3_acw07q,t3_acw07q,1546770462,27,False,0,0,0,0,0,0,0,0,0,0,0,0,0,0,0,0,0,0,0,0,0,0,0,0,0,0,0,1,neutral,11.959521,2.4350402,-1,2
That would increase [NAME] political power inside Turkey even more. Especially when he is getting weaker because of economic distress and refugee problem,edkrvhc,masterquintus,syriancivilwar,t3_adt0ge,t1_edkr49c,1546972517,46,False,0,0,0,0,0,0,0,0,0,0,0,0,0,0,0,0,0,0,0,0,0,0,0,0,0,0,0,1,neutral,9.103058,1.8468231,1,0
"I just read your list and now I can't wait, either!! Hurry up with the happy, relieved and peaceful onward and upward!! Congratulations😎",eesx7n3,BlueButterfly77,Divorce,t3_aj1mfd,t3_aj1mfd,1548285462,41,False,0,0,0,0,0,0,0,0,0,0,0,0,0,0,0,0,0,0,0,0,0,0,0,0,0,0,0,1,neutral,10.553239,6.436581,1,1
Garlic butter baked chicken.....put garlic butter on chicken and bake.,edmbwve,Zeterai,GifRecipes,t3_ae1lk4,t3_ae1lk4,1547019480,78,False,0,0,0,0,0,0,0,0,0,0,0,0,0,0,0,0,0,0,0,0,0,0,0,0,0,0,0,1,neutral,9.946169,4.4178915,1,1
“Siri. Call Delivery.”,ed9yni2,purefabulousity,IDontWorkHereLady,t3_ach20m,t3_ach20m,1546660594,46,False,0,0,0,0,0,0,0,0,0,0,0,0,0,0,0,0,0,0,0,0,0,0,0,0,0,0,0,1,neutral,11.128696,1.2586995,1,2
"Depends on what else is going on at the time and the state of Britain economically and globally. But these terms wouldn't currently be popular, no.",efck0ws,ReKonter,unitedkingdom,t3_albesc,t1_efch80u,1548846874,55,False,0,0,0,0,0,0,0,0,0,0,0,0,0,0,0,0,0,0,0,0,0,0,0,0,0,0,0,1,neutral,7.1861353,2.2533684,1,0
"No i know, was pointing it out for humor, not for any sort of accusation",eeyzx6z,marshpine,BreadTube,t3_ajtvul,t1_eeyzvqi,1548458866,27,False,0,0,0,0,0,0,0,0,0,0,0,0,0,0,0,0,0,0,0,0,0,0,0,0,0,0,0,1,neutral,9.536942,3.2791283,1,0
That convention center sized groan right after the reveal.... No one wanted this. I have no idea what they were thinking.,efbsy8v,lusciouslou,Artifact,t3_akhnbd,t1_ef66elm,1548820810,43,False,0,0,0,0,0,0,0,0,0,0,0,0,0,0,0,0,0,0,0,0,0,0,0,0,0,0,0,1,neutral,10.67327,3.1030364,1,2
"Actually, fascism is considered a far-right ideology. Most tenets of fascism are incompatible with Marxist ideology, just fyi.",eennlli,Starkbk,ENLIGHTENEDCENTRISM,t3_aiam53,t3_aiam53,1548117400,51,False,0,0,0,0,0,0,0,0,0,0,0,0,0,0,0,0,0,0,0,0,0,0,0,0,0,0,0,1,neutral,6.728457,3.328176,1,0
You say tomato I say tomahto.,ed0vnpe,joaniemansoosie,DoesAnybodyElse,t3_abke41,t3_abke41,1546366758,51,False,0,0,0,0,0,0,0,0,0,0,0,0,0,0,0,0,0,0,0,0,0,0,0,0,0,0,0,1,neutral,9.945113,4.299857,1,1
Here's the authors blog.,efhc5hy,Thisbetterbefood,morbidquestions,t3_alsf9i,t1_efgos5z,1548978130,21,False,0,0,0,0,0,0,0,0,0,0,0,0,0,0,0,0,0,0,0,0,0,0,0,0,0,0,0,1,neutral,11.215591,5.081149,1,1
I'm in the Central Time Zone in the US so I have some time to go. But Happy New Year to you man!,eczg2g7,MattIsCool15,aspergers,t3_abcyb5,t3_abcyb5,1546305174,4,False,0,0,0,0,0,0,0,0,0,0,0,0,0,0,0,0,0,0,0,0,0,0,0,0,0,0,0,1,neutral,10.075957,6.088564,1,1
Hello fellow Cincinnati area store,eczlatx,tdtori1,Target,t3_abe1d9,t3_abe1d9,1546310279,35,False,0,0,0,0,0,0,0,0,0,0,0,0,0,0,0,0,0,0,0,0,0,0,0,0,0,0,0,1,neutral,11.252049,5.6718307,1,1
"I guess we didn't truly ""match"" but I saw the profile with the percentage of their calculated compatibility.",ee0wsqw,cantreallybeme,datingoverthirty,t3_afr01c,t1_ee0tn8u,1547435872,27,False,0,0,0,0,0,0,0,0,0,0,0,0,0,0,0,0,0,0,0,0,0,0,0,0,0,0,0,1,neutral,9.47096,2.523297,1,0
It is liver toxic but this was given in a hospital. Liver toxicity usually results from taking too much to often.,eedt1o7,pitpusherrn,vaxxhappened,t3_agihh7,t1_ee84z63,1547843417,52,True,0,0,0,0,0,0,0,0,0,0,0,0,0,0,0,0,0,0,0,0,0,0,0,0,0,0,0,0,neutral,9.061607,3.5981266,1,0
Always toward absent lovers love's tide stronger flows.,eeb36dy,UnhelpfulBorders1648,washingtondc,t3_agolf9,t1_eeb1nve,1547764070,46,False,0,0,0,0,0,0,0,0,0,0,0,0,0,0,0,0,0,0,0,0,0,0,0,0,0,0,0,1,neutral,7.5415616,5.5591855,1,3
Oh I got one are you overweight,eeiuar2,BreakingCream2020,bodybuilding,t3_ahoo18,t1_eeitqju,1547984189,26,False,0,0,0,0,0,0,0,0,0,0,0,0,0,0,0,0,0,0,0,0,0,0,0,0,0,0,0,1,neutral,10.16666,5.2765574,1,1
Underrated comment right here.,eesy5ny,badger_danger,HadToHurt,t3_aiyfvj,t1_eeso6nw,1548286154,2,False,0,0,0,0,0,0,0,0,0,0,0,0,0,0,0,0,0,0,0,0,0,0,0,0,0,0,0,1,neutral,8.076446,4.189881,1,3
I didn’t say for how long I’d been in it. :) Maybe it was made of ply board and garbage!,ee5dgvi,DeaconNuno,confessions,t3_ag7nty,t1_ee5d9re,1547587385,26,False,0,0,0,0,0,0,0,0,0,0,0,0,0,0,0,0,0,0,0,0,0,0,0,0,0,0,0,1,neutral,9.62975,3.3100214,1,0
[NAME] getting so much screentime... she better not be nominated 👀,eentgy9,shhhneak,BigBrother,t3_aigzfm,t3_aigzfm,1548121998,61,True,0,0,0,0,0,0,0,0,0,0,0,0,0,0,0,0,0,0,0,0,0,0,0,0,0,0,0,0,neutral,12.927293,3.4540422,0,2
Always upvote Funhaus,ee111hi,lapinas2229,youtubehaiku,t3_afl3jw,t3_afl3jw,1547439895,51,False,0,0,0,0,0,0,0,0,0,0,0,0,0,0,0,0,0,0,0,0,0,0,0,0,0,0,0,1,neutral,10.376501,5.39814,1,1
"They're all concerned about keeping the human race going. As for reproduction stopping with us, let it be.",eenv79s,therecluse92,antinatalism,t3_aihxxh,t3_aihxxh,1548123346,20,False,0,0,0,0,0,0,0,0,0,0,0,0,0,0,0,0,0,0,0,0,0,0,0,0,0,0,0,1,neutral,6.835817,4.1607857,1,3
> [Citation needed] The fact that no woman will date you.,edlcd2c,bunchofclowns,IncelTears,t3_adyrni,t1_edl8l5k,1546987071,36,False,0,0,0,0,0,0,0,0,0,0,0,0,0,0,0,0,0,0,0,0,0,0,0,0,0,0,0,1,neutral,7.262763,5.2134266,1,3
It'd seem weird being around a handful of other players and literally everyone has a pet dog,eebqvev,Jedi__Consular,RedDeadOnline,t3_ah3vf8,t3_ah3vf8,1547781669,46,False,0,0,0,0,0,0,0,0,0,0,0,0,0,0,0,0,0,0,0,0,0,0,0,0,0,0,0,1,neutral,8.425412,1.3840137,1,0
It's right up there with sites trying sell you gold for the coming apocalypse,ee46khd,marx2k,worldpolitics,t3_ag229x,t1_ee4500r,1547556163,60,False,0,0,0,0,0,0,0,0,0,0,0,0,0,0,0,0,0,0,0,0,0,0,0,0,0,0,0,1,neutral,10.925201,4.200055,1,1
Is [NAME] up to his neck is dodgy dealings again after RHI?,ed3v5fz,Different_Onion,northernireland,t3_abvtst,t3_abvtst,1546466894,23,False,0,0,0,0,0,0,0,0,0,0,0,0,0,0,0,0,0,0,0,0,0,0,0,0,0,0,0,1,neutral,10.297099,1.5669907,1,2
What u/Goyteamsix said.,edivs7i,thisisnotsupposedtoh,justneckbeardthings,t3_ad6hkv,t1_edg0edv,1546908537,61,True,0,0,0,0,0,0,0,0,0,0,0,0,0,0,0,0,0,0,0,0,0,0,0,0,0,0,0,0,neutral,8.550924,4.3885083,1,3
Look at the size of those shorts!,eega1f2,botan_smash,Gunners,t3_ahl9dq,t1_eeflsfk,1547917876,23,False,0,0,0,0,0,0,0,0,0,0,0,0,0,0,0,0,0,0,0,0,0,0,0,0,0,0,0,1,neutral,10.513437,4.97268,1,1
`too many to be a little late streaks of the other two were going out for lunch at 9 pm to do the same.,ed2rfcl,Ooer_SS,SubredditSimulator,t3_absrwm,t3_absrwm,1546435634,18,False,0,0,0,0,0,0,0,0,0,0,0,0,0,0,0,0,0,0,0,0,0,0,0,0,0,0,0,1,neutral,8.881071,5.4025087,1,3
"Unfortunately, we do not routinely keep 20 liters of fentanyl in the pharmacy,",eebcjd6,unlimited_beer_works,medicine,t3_agxoc1,t1_eeb9064,1547770674,28,False,0,0,0,0,0,0,0,0,0,0,0,0,0,0,0,0,0,0,0,0,0,0,0,0,0,0,0,1,neutral,8.857664,3.1343427,1,0
"I've felt number 2 so hard. ""Working hard for what you don't want"" is a thing. :(",eezm715,PhysicalAccess,DeadBedrooms,t3_ajvsgj,t1_eez840b,1548476591,62,False,0,0,0,0,0,0,0,0,0,0,0,0,0,0,0,0,0,0,0,0,0,0,0,0,0,0,0,1,neutral,8.686649,5.5544004,1,3
sorry. emotional writing bot! you dont know what its like to have an amygdala! lol,eeyh9lv,awesomeroy,Divorce,t3_ahrmcy,t1_eehsf50,1548447046,40,False,0,0,0,0,0,0,0,0,0,0,0,0,0,0,0,0,0,0,0,0,0,0,0,0,0,0,0,1,neutral,9.734577,5.2250347,1,1
In my experience it was just people burning the fuck out of popcorn (possibly to cover up the stench of weed) at 2am,ee8m9zw,GullibleBeautiful,shittyfoodporn,t3_agm9g7,t1_ee7l11v,1547686709,50,False,0,0,0,0,0,0,0,0,0,0,0,0,0,0,0,0,0,0,0,0,0,0,0,0,0,0,0,1,neutral,9.230864,3.8271751,1,3
~ [NAME],efa0wva,jynn_,MaliciousCompliance,t3_akxqde,t1_ef9ykf3,1548783449,2,False,0,0,0,0,0,0,0,0,0,0,0,0,0,0,0,0,0,0,0,0,0,0,0,0,0,0,0,1,neutral,11.540843,1.7768389,1,2
I liked the comeback tho,efbghx2,GuiZapa368,Tinder,t3_al503y,t3_al503y,1548812289,37,True,0,0,0,0,0,0,0,0,0,0,0,0,0,0,0,0,0,0,0,0,0,0,0,0,0,0,0,0,neutral,11.494277,4.682373,1,1
"Nobel prize, u/Otomyre, Nobel prize! I’ll see you in Sweden!",ed1z5be,krazykrash96,raimimemes,t3_abkxwq,t3_abkxwq,1546397135,72,False,0,0,0,0,0,0,0,0,0,0,0,0,0,0,0,0,0,0,0,0,0,0,0,0,0,0,0,1,neutral,11.330926,6.8420506,-1,1
And how is that the responsibility of [NAME]? Did he tell people to go after the family's?,edv9aev,pfabs,Connecticut,t3_aezoeq,t1_edutp3z,1547267678,16,False,0,0,0,0,0,0,0,0,0,0,0,0,0,0,0,0,0,0,0,0,0,0,0,0,0,0,0,1,neutral,10.016498,1.6917125,1,0
And now Episode 9 will be a hip meta-homage to Weekend at Bernie's where they try to pass off the franchise as being alive.,eefszgh,Lysdexic-Serpon,saltierthancrait,t3_ahjm54,t1_eef8c68,1547906048,46,False,0,0,0,0,0,0,0,0,0,0,0,0,0,0,0,0,0,0,0,0,0,0,0,0,0,0,0,1,neutral,11.418038,3.6112938,1,2
Broom him fast.,edket23,tragicplagueis,raimimemes,t3_adutpm,t3_adutpm,1546963203,70,False,0,0,0,0,0,0,0,0,0,0,0,0,0,0,0,0,0,0,0,0,0,0,0,0,0,0,0,1,neutral,9.981191,2.0577066,1,0
"Oh, so that's where I left my cigar",edksj4c,TheRage469,youseeingthisshit,t3_adu22x,t1_edks2cp,1546972981,33,False,0,0,0,0,0,0,0,0,0,0,0,0,0,0,0,0,0,0,0,0,0,0,0,0,0,0,0,1,neutral,8.981043,5.601284,1,3
> Good thing I know who controls the HOA. . . . the [NAME]?,efblu2y,drak0bsidian,Judaism,t3_al1l6p,t1_efavc6e,1548815870,40,False,0,0,0,0,0,0,0,0,0,0,0,0,0,0,0,0,0,0,0,0,0,0,0,0,0,0,0,1,neutral,11.821153,1.9638358,1,2
This pic they used for [NAME] makes her look like [NAME],ef9vgnx,EnlongatedWaste,entertainment,t3_akwwed,t3_akwwed,1548780507,27,False,0,0,0,0,0,0,0,0,0,0,0,0,0,0,0,0,0,0,0,0,0,0,0,0,0,0,0,1,neutral,12.257191,3.238551,0,2
I will. If you ever need help I ain’t afraid to put some people straight just holla.,eeg6vny,swells001,AskFeminists,t3_ahk4f5,t1_eeg65ro,1547916145,10,False,0,0,0,0,0,0,0,0,0,0,0,0,0,0,0,0,0,0,0,0,0,0,0,0,0,0,0,1,neutral,10.055409,6.956254,1,1
"Been with ethnic girls, blondes, brunettes, and a fake red head. No correlation. ",edq9v2y,J_A_B_88,seduction,t3_aelkth,t3_aelkth,1547143878,27,False,0,0,0,0,0,0,0,0,0,0,0,0,0,0,0,0,0,0,0,0,0,0,0,0,0,0,0,1,neutral,7.0262866,4.7882276,1,3
Can anyone share the attitude of the madinans towards [NAME] when he went there?,eex65le,JumpingIntoACreek,exmuslim,t3_ajmx8r,t3_ajmx8r,1548419461,39,False,0,0,0,0,0,0,0,0,0,0,0,0,0,0,0,0,0,0,0,0,0,0,0,0,0,0,0,1,neutral,10.1030855,1.6945297,1,2
Please...amuse us.,ee5cdd4,Monalisalady,adultery,t3_ag8fqy,t3_ag8fqy,1547586635,50,False,0,0,0,0,0,0,0,0,0,0,0,0,0,0,0,0,0,0,0,0,0,0,0,0,0,0,0,1,neutral,10.880863,5.5356436,1,1
Two problems: It's not a newsworthy story. You'd get sued for defamation.,eduxpaa,DoYouKnowTheKimchi,korea,t3_aes93w,t1_edslryj,1547257649,72,False,0,0,0,0,0,0,0,0,0,0,0,0,0,0,0,0,0,0,0,0,0,0,0,0,0,0,0,1,neutral,7.808952,3.4904351,1,0
"Just don't cross the Tigers, hmmmm?",edhgogk,TryingPatiently,toronto,t3_ad64j4,t1_edf4pq0,1546880182,23,False,0,0,0,0,0,0,0,0,0,0,0,0,0,0,0,0,0,0,0,0,0,0,0,0,0,0,0,1,neutral,8.1323595,1.921943,1,0
I'm sitting here as he has never even lurked.,edwqi4f,MomjeansAndTattoos,reactiongifs,t3_af4ldf,t3_af4ldf,1547316859,72,False,0,0,0,0,0,0,0,0,0,0,0,0,0,0,0,0,0,0,0,0,0,0,0,0,0,0,0,1,neutral,7.343688,4.7056904,1,3
That's how it be sometimes.,eeeec7k,WaterInTheChemicals,gay_irl,t3_ahejry,t3_ahejry,1547857600,61,True,0,0,0,0,0,0,0,0,0,0,0,0,0,0,0,0,0,0,0,0,0,0,0,0,0,0,0,0,neutral,8.887892,4.506382,1,3
"What's old is dumb ass ""durr both sides"" arguments that require absolutely zero thought to make.",ef6mq1h,Scared_of_stairs_LOL,PoliticalHumor,t3_aknsa8,t1_ef6kq55,1548693660,2,False,0,0,0,0,0,0,0,0,0,0,0,0,0,0,0,0,0,0,0,0,0,0,0,0,0,0,0,1,neutral,8.138529,3.7169418,1,3
I missed the part where that’s my problem. *cancels sm4*,edjkg0t,chvaldez333,raimimemes,t3_adomt8,t1_edjk1w4,1546926672,61,True,0,0,0,0,0,0,0,0,0,0,0,0,0,0,0,0,0,0,0,0,0,0,0,0,0,0,0,0,neutral,9.697506,3.4172843,1,0
Many people. We just don't always hear about it but I've done some research on that in the past.,ed2or63,Fasttimes310,SweatyPalms,t3_abk1rt,t1_ed0zr4k,1546431902,25,False,0,0,0,0,0,0,0,0,0,0,0,0,0,0,0,0,0,0,0,0,0,0,0,0,0,0,0,1,neutral,7.828572,3.5395544,1,3
ROOMS TO GO LOUNGE TIME,eeqn255,vader248,Mavericks,t3_ainguz,t3_ainguz,1548210786,4,False,0,0,0,0,0,0,0,0,0,0,0,0,0,0,0,0,0,0,0,0,0,0,0,0,0,0,0,1,neutral,9.307246,6.142865,1,1
Gotta know a season ticket holder willing to part with one. Did a quick search and found a few for sale.,eenh7t2,handingstage,goldenknights,t3_aif0q7,t1_eenh2jy,1548112403,8,False,0,0,0,0,0,0,0,0,0,0,0,0,0,0,0,0,0,0,0,0,0,0,0,0,0,0,0,1,neutral,10.520294,2.3042078,1,2
Facial hair ability: [NAME] Looks like [NAME] got a bloody nose a week ago and hasn’t washed the blood out yet.,eelcprl,Letsgomountaineers5,steelers,t3_ai5s93,t3_ai5s93,1548040657,49,False,0,0,0,0,0,0,0,0,0,0,0,0,0,0,0,0,0,0,0,0,0,0,0,0,0,0,0,1,neutral,10.752252,2.2729828,1,2
I will pray for your marriage. After we win.,ee0t5mz,IHavetwoNipples,detroitlions,t3_afbukc,t1_ee0sjnx,1547432629,50,False,0,0,0,0,0,0,0,0,0,0,0,0,0,0,0,0,0,0,0,0,0,0,0,0,0,0,0,1,neutral,9.188117,6.0092134,1,1
Just think of the awesome stories though!,ee0mcna,CuriosiT38,OkCupid,t3_afpwq0,t3_afpwq0,1547426804,35,False,0,0,0,0,0,0,0,0,0,0,0,0,0,0,0,0,0,0,0,0,0,0,0,0,0,0,0,1,neutral,11.362716,5.1502857,1,1
I like him a lot but I assume he would be a prime piece in any trade for a LD.,eev41wx,skinniks,Habs,t3_ajf593,t3_ajf593,1548356062,4,False,0,0,0,0,0,0,0,0,0,0,0,0,0,0,0,0,0,0,0,0,0,0,0,0,0,0,0,1,neutral,10.115892,1.5819329,1,2
"And apparently she was pregnant then anyway, because that’s when they broke up and she admitted it happened when they were together! ",eeg0q77,meloiseb,DunderMifflin,t3_ahfaku,t3_ahfaku,1547912008,4,False,0,0,0,0,0,0,0,0,0,0,0,0,0,0,0,0,0,0,0,0,0,0,0,0,0,0,0,1,neutral,12.701692,3.0516071,0,2
[NAME] a pro,edvqkcl,GaryChalmers,videos,t3_aeom0m,t1_eds2hdr,1547285483,12,False,0,0,0,0,0,0,0,0,0,0,0,0,0,0,0,0,0,0,0,0,0,0,0,0,0,0,0,1,neutral,11.615257,1.614025,1,2
We give them too much money.,edg6oq8,cockroach_army1,Military,t3_ad8alf,t3_ad8alf,1546837284,49,False,0,0,0,0,0,0,0,0,0,0,0,0,0,0,0,0,0,0,0,0,0,0,0,0,0,0,0,1,neutral,7.2998,2.149688,1,0
"Cough cough, r/gunners would likento buy you a drink for speaking the truth good sir. ",eff457w,GingerAle828,sports,t3_allhmq,t1_eff1s15,1548912915,22,True,0,0,0,0,0,0,0,0,0,0,0,0,0,0,0,0,0,0,0,0,0,0,0,0,0,0,0,0,neutral,9.946011,4.824971,1,1
"It won't be anything with ""Last"" in it, because TLJ. But it miiiiight be something with ""Final"" in it.",edv80yp,Ichbinian,starwarsspeculation,t3_af2uay,t3_af2uay,1547266528,4,False,0,0,0,0,0,0,0,0,0,0,0,0,0,0,0,0,0,0,0,0,0,0,0,0,0,0,0,1,neutral,10.947873,3.1302683,1,2
It took me a second to distinguish between whether it was [NAME] or [NAME]. I have officially been cursed by this subreddit.,eejxccd,FSFS101,danganronpa,t3_ahvj36,t3_ahvj36,1548008580,33,False,0,0,0,0,0,0,0,0,0,0,0,0,0,0,0,0,0,0,0,0,0,0,0,0,0,0,0,1,neutral,11.160312,1.6104163,1,2
"How did [NAME] just give that beatdown to Attach, the other player was so far away.",eegkwrq,slsstar,CoDCompetitive,t3_ahnbdq,t3_ahnbdq,1547923853,27,False,0,0,0,0,0,0,0,0,0,0,0,0,0,0,0,0,0,0,0,0,0,0,0,0,0,0,0,1,neutral,9.603673,1.1232034,1,0
"**DRUMPF IS FINISHED** - said every liberal, every day, for the past three years. ",ee07s16,and7weil,The_Donald,t3_afnv5n,t3_afnv5n,1547415684,23,False,0,0,0,0,0,0,0,0,0,0,0,0,0,0,0,0,0,0,0,0,0,0,0,0,0,0,0,1,neutral,6.546398,2.8537462,1,0
Don't forget colors. They panic at the sight of a chess board.,edo1pve,chaoticmessiah,TopMindsOfReddit,t3_aea9uy,t1_ednq6b3,1547072203,76,False,0,0,0,0,0,0,0,0,0,0,0,0,0,0,0,0,0,0,0,0,0,0,0,0,0,0,0,1,neutral,8.364435,2.4475908,1,0
"Yes. However, they also could've just gotten something catered.",ee7g3or,MetalHead_Literally,TheSimpsons,t3_agheo6,t1_ee7eieo,1547659917,51,False,0,0,0,0,0,0,0,0,0,0,0,0,0,0,0,0,0,0,0,0,0,0,0,0,0,0,0,1,neutral,8.257149,2.5241086,1,0
It was when oil prices were higher. It’s primary export is petrol and the market slumping is hurting,ef1gu6z,Rx16,Conservative,t3_ak1o64,t1_ef0xtss,1548534569,35,False,0,0,0,0,0,0,0,0,0,0,0,0,0,0,0,0,0,0,0,0,0,0,0,0,0,0,0,1,neutral,7.3633685,2.0389674,1,0
Had to go way too far down the thread for this answer!,edqmogu,ModernChonger,minnesotavikings,t3_aejvvi,t1_edq4a2z,1547150546,49,False,0,0,0,0,0,0,0,0,0,0,0,0,0,0,0,0,0,0,0,0,0,0,0,0,0,0,0,1,neutral,9.971174,3.7473118,1,2
2nd fav dunk after [NAME] on [NAME]. Still get chills seeing [NAME] go nuts on the bench.,ed1ci2g,kado63,chicagobulls,t3_abgrua,t3_abgrua,1546378166,23,False,0,0,0,0,0,0,0,0,0,0,0,0,0,0,0,0,0,0,0,0,0,0,0,0,0,0,0,1,neutral,11.261331,1.7131288,1,2
Wouldn't the powder be derived from the crystalline MDMA?,ed22chg,ipodaholicdan,whitepeoplegifs,t3_abkia7,t1_ed226a2,1546400045,52,False,0,0,0,0,0,0,0,0,0,0,0,0,0,0,0,0,0,0,0,0,0,0,0,0,0,0,0,1,neutral,9.798457,3.9805963,1,3
"[NAME] rolls out of the rack, combs his hair and Dood is ready for National Television.",eff3x9d,Capone777,Padres,t3_aljpcq,t3_aljpcq,1548912694,59,False,0,0,0,0,0,0,0,0,0,0,0,0,0,0,0,0,0,0,0,0,0,0,0,0,0,0,0,1,neutral,10.730155,1.9050336,1,2
Mmmm...just won it back too. But wasn't given the fief...,eeo7i9n,MercenaryJames,forhonor,t3_aidaql,t1_een11h1,1548133506,40,False,0,0,0,0,0,0,0,0,0,0,0,0,0,0,0,0,0,0,0,0,0,0,0,0,0,0,0,1,neutral,9.468135,2.53164,1,0
Me too. They just slow everything down.,eeh4nt8,Seven_Vandelay,IdiotsInCars,t3_ahnbg4,t1_eeh2kwz,1547936128,21,False,0,0,0,0,0,0,0,0,0,0,0,0,0,0,0,0,0,0,0,0,0,0,0,0,0,0,0,1,neutral,7.9877467,2.3375206,1,0
lol [NAME] would definitely do this if [NAME] was that dumb to take this offer.,ef8mcr9,Jord4nnn,ripcity,t3_akqyg4,t1_ef80g8w,1548740975,71,False,0,0,0,0,0,0,0,0,0,0,0,0,0,0,0,0,0,0,0,0,0,0,0,0,0,0,0,1,neutral,11.3565445,1.9938458,1,2
Here's a purple heart for you recapping that! OMG matching romantic scoots I'm cryin',eeldnnq,bubonic_playground,90dayfianceuncensored,t3_ai58bg,t3_ai58bg,1548041308,37,True,0,0,0,0,0,0,0,0,0,0,0,0,0,0,0,0,0,0,0,0,0,0,0,0,0,0,0,0,neutral,10.704058,4.594628,1,1
Get ready for one of those tail butt plug things,ee33hfo,Throw-away-8912,relationship_advice,t3_afwd24,t3_afwd24,1547512091,24,False,0,0,0,0,0,0,0,0,0,0,0,0,0,0,0,0,0,0,0,0,0,0,0,0,0,0,0,1,neutral,10.805094,5.3892417,1,1
I will burn the X down if we lose this game tonight.,eebh5on,benenke,wildhockey,t3_ah3wul,t3_ah3wul,1547774204,27,False,0,0,0,0,0,0,0,0,0,0,0,0,0,0,0,0,0,0,0,0,0,0,0,0,0,0,0,1,neutral,8.690251,1.4458352,1,0
I just have a controller on my desk that I turn on when I fly. I've always hated mouse flying.,ef615f2,quanjon,Battlefield,t3_akhygk,t1_ef5lptk,1548675917,81,False,0,0,0,0,0,0,0,0,0,0,0,0,0,0,0,0,0,0,0,0,0,0,0,0,0,0,0,1,neutral,8.444843,2.8048751,1,0
"> Obs streamlabs Thank you buddy, I will take a look at it now and do some testing",ed4x083,AKAKidsFun,youtube,t3_ac38ez,t1_ed4wpvb,1546500147,12,False,0,0,0,0,0,0,0,0,0,0,0,0,0,0,0,0,0,0,0,0,0,0,0,0,0,0,0,1,neutral,10.961139,6.3672113,1,1
The [NAME] did send his only son to score for our Pens! We are REDEEMED!,edxd17l,tehmlem,penguins,t3_afavzi,t1_edxa74z,1547331170,35,False,0,0,0,0,0,0,0,0,0,0,0,0,0,0,0,0,0,0,0,0,0,0,0,0,0,0,0,1,neutral,10.148284,1.245757,1,2
It's not like other teams have been spending tons of money in the last couple weeks. Making small moves doesn't mean we can't make big moves.,edka8z2,Guymcpersonman,NewYorkMets,t3_adukxj,t3_adukxj,1546959611,50,False,0,0,0,0,0,0,0,0,0,0,0,0,0,0,0,0,0,0,0,0,0,0,0,0,0,0,0,1,neutral,8.627599,1.213805,1,0
We put Vaseline on our teeth and lips in theater so our lips wouldn't dry out or stick to our teeth from the lights lol,ed5skcy,MeheecanMantequilla,cringepics,t3_ac2nn8,t1_ed57vrw,1546535149,33,False,0,0,0,0,0,0,0,0,0,0,0,0,0,0,0,0,0,0,0,0,0,0,0,0,0,0,0,1,neutral,10.610121,3.371839,1,2
...PLAY DESPACITO,ed9m0lp,Meat_Wagon-,forwardsfromgrandma,t3_ack4z5,t3_ack4z5,1546649597,24,False,0,0,0,0,0,0,0,0,0,0,0,0,0,0,0,0,0,0,0,0,0,0,0,0,0,0,0,1,neutral,10.306385,4.5565934,1,1
Cheat - no. Disrespect her current relationship partner - heavily to the point of her ass deserving to be thrown out.,ed389ma,Partyjerk,relationship_advice,t3_abtm2z,t1_ed31gpj,1546450789,6,False,0,0,0,0,0,0,0,0,0,0,0,0,0,0,0,0,0,0,0,0,0,0,0,0,0,0,0,1,neutral,13.030105,3.083768,0,2
Im not looking to be forgiven lol. I still stand by what i said. Pll only read half my comment and ran with it,eetqolx,banjie_vanjie,gay_irl,t3_aiz2ub,t1_eetqgc4,1548309183,62,False,0,0,0,0,0,0,0,0,0,0,0,0,0,0,0,0,0,0,0,0,0,0,0,0,0,0,0,1,neutral,8.406182,4.360027,1,3
"Generally, yes. That doesn’t make being attractive necessary criteria for being successful and it doesn’t detract from any of your positive qualities",edhpsac,hotpocketmama,IncelsWithoutHate,t3_ad5s8e,t1_edf24n6,1546885055,33,False,0,0,0,0,0,0,0,0,0,0,0,0,0,0,0,0,0,0,0,0,0,0,0,0,0,0,0,1,neutral,7.4618444,5.169321,1,3
Even down syndrome is a spectrum of severity. I've met several adults with ds who are more than capable of relationships and employment,edm4yjh,Killer-Barbie,insanepeoplefacebook,t3_ae30io,t1_edm31i0,1547010731,35,False,0,0,0,0,0,0,0,0,0,0,0,0,0,0,0,0,0,0,0,0,0,0,0,0,0,0,0,1,neutral,6.9868345,4.5050464,1,3
Not alone my friend,eczghwg,dropyatopwop,confessions,t3_ab8gkr,t3_ab8gkr,1546305560,4,False,0,0,0,0,0,0,0,0,0,0,0,0,0,0,0,0,0,0,0,0,0,0,0,0,0,0,0,1,neutral,9.859732,6.1480546,1,1
No ENTP would be such a zealot about anything. This is STJ territory,eemlapj,WittyOriginalName,entp,t3_aibg3d,t1_eemkwe8,1548090253,1,True,0,0,0,0,0,0,0,0,0,0,0,0,0,0,0,0,0,0,0,0,0,0,0,0,0,0,0,0,neutral,7.56145,2.690536,1,0
"I'd roast you, but someone would probably have an equally good enough roast and we would tie",edifdd6,Angrer,RoastMe,t3_adj6yp,t3_adj6yp,1546898447,39,False,0,0,0,0,0,0,0,0,0,0,0,0,0,0,0,0,0,0,0,0,0,0,0,0,0,0,0,1,neutral,9.716669,4.3752713,1,1
Probably from the [NAME] that don’t understand that we can’t honor the coupon that expired,ed4nwgf,BitchAssVictor,Target,t3_abxk8k,t1_ed3vh0z,1546489947,12,False,0,0,0,0,0,0,0,0,0,0,0,0,0,0,0,0,0,0,0,0,0,0,0,0,0,0,0,1,neutral,10.936183,1.3864589,1,2
Ice in his veins... D'L❄,eeemgyw,Qolx,OrlandoMagic,t3_ahf1pj,t3_ahf1pj,1547863969,22,False,0,0,0,0,0,0,0,0,0,0,0,0,0,0,0,0,0,0,0,0,0,0,0,0,0,0,0,1,neutral,10.14368,2.1904402,1,2
"When he puts it in too fast and you don't have time to let your walls expands, this is exactly how it feels... ",edr59eq,Janwahre,gay,t3_aei4ff,t1_edpslyl,1547160464,36,False,0,0,0,0,0,0,0,0,0,0,0,0,0,0,0,0,0,0,0,0,0,0,0,0,0,0,0,1,neutral,9.656759,1.8295404,1,0
"Blame [RELIGION] communities where it's normalised for men to divorce women without giving her any of her rights , even Islamically. ",eey2bsu,FffuuuFrog,islam,t3_ajpcyg,t3_ajpcyg,1548438236,37,False,0,0,0,0,0,0,0,0,0,0,0,0,0,0,0,0,0,0,0,0,0,0,0,0,0,0,0,1,neutral,6.752946,4.1690707,1,3
[NAME]?!?!?!,ed4vbll,ozbot87,TheSimpsons,t3_abtaoa,t3_abtaoa,1546497853,81,False,0,0,0,0,0,0,0,0,0,0,0,0,0,0,0,0,0,0,0,0,0,0,0,0,0,0,0,1,neutral,11.689064,1.8381965,1,2
I'm not super happy about having to see his face in the news for at least another 6 years.,edv79wm,huntimir151,TIHI,t3_af17db,t1_eduyhy2,1547265828,64,False,0,0,0,0,0,0,0,0,0,0,0,0,0,0,0,0,0,0,0,0,0,0,0,0,0,0,0,1,neutral,9.5617895,1.622805,1,0
We should have been doing this for years.... The reservations people had/have against the use of stem cells held us back for far too long.,eey9oc7,Filopians,UpliftingNews,t3_ajqahf,t3_ajqahf,1548442471,20,False,0,0,0,0,0,0,0,0,0,0,0,0,0,0,0,0,0,0,0,0,0,0,0,0,0,0,0,1,neutral,7.361878,3.069811,1,0
Alternative: He didn’t live as long as he thought he would. He died mid-sentence while writing a,ee06v3o,BeyondExistenz,TwoSentenceHorror,t3_aflgxo,t3_aflgxo,1547415036,60,False,0,0,0,0,0,0,0,0,0,0,0,0,0,0,0,0,0,0,0,0,0,0,0,0,0,0,0,1,neutral,9.953518,1.5408907,1,0
">""Le Painting""??? What hell is that? - [NAME], 2019",ef8toel,SelfDepricator,gamegrumps,t3_akt1p1,t3_akt1p1,1548748337,52,False,0,0,0,0,0,0,0,0,0,0,0,0,0,0,0,0,0,0,0,0,0,0,0,0,0,0,0,1,neutral,11.70297,1.8014646,1,2
"But seriously, you're probably going to feel very sick ",eeqcrwg,louiseber,ireland,t3_ait9iv,t1_eeqci32,1548203058,21,False,0,0,0,0,0,0,0,0,0,0,0,0,0,0,0,0,0,0,0,0,0,0,0,0,0,0,0,1,neutral,9.001647,4.303356,1,3
"It's a shortcut, dude, he just knows the map!",edhd1sj,NomSang,holdmybeer,t3_acvhvq,t1_edb7bui,1546878222,5,False,0,0,0,0,0,0,0,0,0,0,0,0,0,0,0,0,0,0,0,0,0,0,0,0,0,0,0,1,neutral,10.875428,2.6898346,1,2
He needed the trophy in GTA?,edckeo5,kazaanabanana,livepd,t3_acytgq,t1_edckb96,1546740725,49,False,0,0,0,0,0,0,0,0,0,0,0,0,0,0,0,0,0,0,0,0,0,0,0,0,0,0,0,1,neutral,9.766309,1.1823914,1,0
I guess a little research goes a long way. [NAME] is the last speaker with the 20 dollar example. Stay strong all!,ed81ent,longjourn3y,NoFap,t3_ac6aij,t1_ed811qa,1546609093,6,False,0,0,0,0,0,0,0,0,0,0,0,0,0,0,0,0,0,0,0,0,0,0,0,0,0,0,0,1,neutral,9.23225,3.4831557,1,0
"""Meatball Mayhem"" would be an interesting battle royale game mode..",ef6weei,BilboNuggings,dayz,t3_akfmjc,t1_ef5nxiw,1548699472,33,False,0,0,0,0,0,0,0,0,0,0,0,0,0,0,0,0,0,0,0,0,0,0,0,0,0,0,0,1,neutral,8.609235,1.7028241,1,0
Sooo good!,eelke2a,Marcinecali73,90DayFiance,t3_ai4ezt,t1_eel2ref,1548047673,3,False,0,0,0,0,0,0,0,0,0,0,0,0,0,0,0,0,0,0,0,0,0,0,0,0,0,0,0,1,neutral,10.773864,5.8425164,1,1
Taking some midol! Gift from [NAME].,ef45n22,Pinkpiggy888,AskWomen,t3_ak9kly,t3_ak9kly,1548612013,41,False,0,0,0,0,0,0,0,0,0,0,0,0,0,0,0,0,0,0,0,0,0,0,0,0,0,0,0,1,neutral,11.727827,2.0754857,1,2
May is like a bad smell you can’t get rid of,ee7q1kq,[deleted],unitedkingdom,t3_agoima,t3_agoima,1547666273,6,False,0,0,0,0,0,0,0,0,0,0,0,0,0,0,0,0,0,0,0,0,0,0,0,0,0,0,0,1,neutral,9.407054,4.1560073,1,3
"Yes because people constantly use that as an example of ""TSAs failure"" or a TSA miss when in reality TSA wasn't even involved",edbnj3e,latino_20,reactiongifs,t3_acm9y5,t1_edanz7g,1546718450,50,False,0,0,0,0,0,0,0,0,0,0,0,0,0,0,0,0,0,0,0,0,0,0,0,0,0,0,0,1,neutral,7.572766,2.7708972,1,0
Any chance we could treat the terrorists as terrorists then?,ef90rjx,SirKaid,onguardforthee,t3_aktfap,t3_aktfap,1548756706,33,False,0,0,0,0,0,0,0,0,0,0,0,0,0,0,0,0,0,0,0,0,0,0,0,0,0,0,0,1,neutral,7.1867867,3.0598462,1,0
I'm still not not going if I've got somewhere else to not go.,edcsbk6,harlottesometimes,UpliftingNews,t3_acz3v6,t1_edck876,1546746346,16,False,0,0,0,0,0,0,0,0,0,0,0,0,0,0,0,0,0,0,0,0,0,0,0,0,0,0,0,1,neutral,8.9753685,5.7116017,1,3
"The powers that be don't like it when you try to educate the [NAME], but that's to be expected.",eep7p99,Megalorye,CryptoCurrency,t3_aim5bl,t1_eep7as2,1548174126,51,False,0,0,0,0,0,0,0,0,0,0,0,0,0,0,0,0,0,0,0,0,0,0,0,0,0,0,0,1,neutral,8.738304,2.3543093,1,0
he refers to marijuana as a narcotic. da fuq??,eesnb0z,baobaobear,VoteBlue,t3_aixxc5,t1_eesb3n0,1548278633,26,False,0,0,0,0,0,0,0,0,0,0,0,0,0,0,0,0,0,0,0,0,0,0,0,0,0,0,0,1,neutral,9.690751,2.0736117,1,0
Really not sure how that’s your takeaway.,edhip1m,Asnyd757,steelers,t3_adje08,t1_edhf8w9,1546881347,21,False,0,0,0,0,0,0,0,0,0,0,0,0,0,0,0,0,0,0,0,0,0,0,0,0,0,0,0,1,neutral,7.7664504,4.620167,1,3
"Man, KFC just ain't what it used to be. Crowder got it right again...",eevptvv,Kageboku,southafrica,t3_ajc4ry,t3_ajc4ry,1548369688,81,False,0,0,0,0,0,0,0,0,0,0,0,0,0,0,0,0,0,0,0,0,0,0,0,0,0,0,0,1,neutral,10.447265,3.243146,1,2
We have outlets with timers in every parking spot of all households in Finland.,effpi9s,topias123,reactiongifs,t3_alkvav,t1_effoemj,1548939434,19,False,0,0,0,0,0,0,0,0,0,0,0,0,0,0,0,0,0,0,0,0,0,0,0,0,0,0,0,1,neutral,9.657545,6.0660143,1,1
Next commercial break mute your TV and watch this for old times sake,ed2492w,rusty__shakleford,CFB,t3_abpfo3,t3_abpfo3,1546401822,40,False,0,0,0,0,0,0,0,0,0,0,0,0,0,0,0,0,0,0,0,0,0,0,0,0,0,0,0,1,neutral,10.865392,3.2866375,1,2
It's always nice to tell someone a pleasant story before they go to sleep.,efgog45,CeruleanRuin,HumansBeingBros,t3_alnteq,t1_efg62u4,1548961275,22,False,0,0,0,0,0,0,0,0,0,0,0,0,0,0,0,0,0,0,0,0,0,0,0,0,0,0,0,1,neutral,11.291562,5.2717686,1,1
"They're a clear example of what can go wrong when you marry ANYONE you don't really know, regardless of where they're from.",ee40kfr,Meet_The_Squareheads,90dayfianceuncensored,t3_afxw9m,t1_ee297de,1547547422,34,False,0,0,0,0,0,0,0,0,0,0,0,0,0,0,0,0,0,0,0,0,0,0,0,0,0,0,0,1,neutral,7.01668,4.477893,1,3
This again?,efak617,OhStevenn,CoDCompetitive,t3_al31cg,t3_al31cg,1548793443,50,False,0,0,0,0,0,0,0,0,0,0,0,0,0,0,0,0,0,0,0,0,0,0,0,0,0,0,0,1,neutral,10.27331,4.8588023,1,1
"yeah I don't get the hate for [NAME] regardless of the hustle thing, there were stretches where he was for real carrying the team hardcore.",ee8us49,iHATESTUFF_,Dodgers,t3_agnp1p,t1_ee803hx,1547693154,55,False,0,0,0,0,0,0,0,0,0,0,0,0,0,0,0,0,0,0,0,0,0,0,0,0,0,0,0,1,neutral,9.314617,1.1373227,1,0
I feel like I should cop a bass to fill the void. Drummers seem the hardest to find these days.,ef6827f,rundabrun,LosAngeles,t3_akiknz,t3_akiknz,1548683209,81,False,0,0,0,0,0,0,0,0,0,0,0,0,0,0,0,0,0,0,0,0,0,0,0,0,0,0,0,1,neutral,10.131809,3.8083208,1,2
I'm trying to figure out how I would react if I saw one of my employees on LivePD like this...,eeepz8o,rohlinxeg,livepd,t3_ahfjo9,t3_ahfjo9,1547866787,57,False,0,0,0,0,0,0,0,0,0,0,0,0,0,0,0,0,0,0,0,0,0,0,0,0,0,0,0,1,neutral,9.225438,1.7705975,1,0
Can we also get some love for torb? Give his turret deployment the same treatment while we're at it.,ee5e796,qsaxnine,Overwatch,t3_agdepn,t3_agdepn,1547587894,41,False,0,0,0,0,0,0,0,0,0,0,0,0,0,0,0,0,0,0,0,0,0,0,0,0,0,0,0,1,neutral,9.563432,1.7570876,1,0
Aaaand yard sale!,ed2q19m,mtrash,Whatcouldgowrong,t3_abru5f,t3_abru5f,1546433769,21,False,0,0,0,0,0,0,0,0,0,0,0,0,0,0,0,0,0,0,0,0,0,0,0,0,0,0,0,1,neutral,11.391598,5.818849,1,1
I got I got I got...,ed5zcc5,FaboIous,TrueOffMyChest,t3_ac6dmu,t1_ed5rb4d,1546540129,73,False,0,0,0,0,0,0,0,0,0,0,0,0,0,0,0,0,0,0,0,0,0,0,0,0,0,0,0,1,neutral,9.601074,5.350532,1,1
Typing burns too many calories,ed3tsk1,The_Pundertaker,fatlogic,t3_abtv12,t1_ed2z942,1546466068,20,False,0,0,0,0,0,0,0,0,0,0,0,0,0,0,0,0,0,0,0,0,0,0,0,0,0,0,0,1,neutral,10.126961,5.223018,1,1
He has become that which he swore to destroy!,ed0hx3c,[deleted],seduction,t3_abi9lm,t1_ed0h3i0,1546353776,46,False,0,0,0,0,0,0,0,0,0,0,0,0,0,0,0,0,0,0,0,0,0,0,0,0,0,0,0,1,neutral,9.645338,2.0538027,1,0
Playing the golden oldies eh?,ef7l8y6,chickenheadduckfeet,brisbane,t3_aknpl1,t1_ef7438t,1548714541,46,False,0,0,0,0,0,0,0,0,0,0,0,0,0,0,0,0,0,0,0,0,0,0,0,0,0,0,0,1,neutral,10.814926,3.4847262,1,2
"""At least you're not this guy.""",eekjs3l,icameheretodownvotey,AskMen,t3_ahxy3e,t1_eej88uo,1548021026,35,False,0,0,0,0,0,0,0,0,0,0,0,0,0,0,0,0,0,0,0,0,0,0,0,0,0,0,0,1,neutral,7.6340914,4.8712397,1,3
It doesn’t look like anything to me.,edqqjr8,jason4prez,OrlandoMagic,t3_aeje02,t3_aeje02,1547152495,24,False,0,0,0,0,0,0,0,0,0,0,0,0,0,0,0,0,0,0,0,0,0,0,0,0,0,0,0,1,neutral,8.146161,4.814477,1,3
My same thoughts! Post this there and see what options you have! That is unbelieveable your dad would do that!,ef0gar6,CrispyKitten,ChoosingBeggars,t3_ajxfsc,t1_eezz3y5,1548509771,41,False,0,0,0,0,0,0,0,0,0,0,0,0,0,0,0,0,0,0,0,0,0,0,0,0,0,0,0,1,neutral,8.407537,6.6460133,1,3
That's what I ended up actually doing.,edgfh7r,StorkSlayer,lostgeneration,t3_ad30lv,t1_edfrtjf,1546846747,51,False,0,0,0,0,0,0,0,0,0,0,0,0,0,0,0,0,0,0,0,0,0,0,0,0,0,0,0,1,neutral,8.814506,5.5944195,1,3
Don't go into alcoholism because of my comment :(,ee18evy,trixter21992251,SweatyPalms,t3_afm2w2,t1_ee171l4,1547448711,23,False,0,0,0,0,0,0,0,0,0,0,0,0,0,0,0,0,0,0,0,0,0,0,0,0,0,0,0,1,neutral,9.407423,4.36974,1,3
Of course comrade! The question was intellectually stimulating.,ed2j6oh,Tramirezmma,Anarchism,t3_abrs0t,t1_ed2j5lo,1546421964,55,False,0,0,0,0,0,0,0,0,0,0,0,0,0,0,0,0,0,0,0,0,0,0,0,0,0,0,0,1,neutral,8.104177,4.0350456,1,3
"For religious folks, good and beneficial stuff that happens is always sent by [NAME]. Bad stuff... The [NAME] works in mysterious ways.",ed76lhb,doompoodle72,exchristian,t3_accpug,t3_accpug,1546572665,70,False,0,0,0,0,0,0,0,0,0,0,0,0,0,0,0,0,0,0,0,0,0,0,0,0,0,0,0,1,neutral,11.330742,1.6313623,1,2
When your 16 and do adderall and get a panic attack,ee8ncv9,nomorefreerandy420,Drugs,t3_ags1vk,t3_ags1vk,1547687434,50,False,0,0,0,0,0,0,0,0,0,0,0,0,0,0,0,0,0,0,0,0,0,0,0,0,0,0,0,1,neutral,9.19664,5.049929,1,3
They say water feels like concrete if you hit it hard enough.....,ed8bs5r,666sdk666,holdmycosmo,t3_acicln,t3_acicln,1546616920,4,False,0,0,0,0,0,0,0,0,0,0,0,0,0,0,0,0,0,0,0,0,0,0,0,0,0,0,0,1,neutral,9.257912,4.2999525,1,3
"From top left to bottom right, that is a zany work of video, my dear compatriote.",edw2ymu,Logstar,vegan,t3_af2hqm,t1_edvy99n,1547299120,34,False,0,0,0,0,0,0,0,0,0,0,0,0,0,0,0,0,0,0,0,0,0,0,0,0,0,0,0,1,neutral,11.12285,3.2653117,1,2
They'll just move. There is no amount of enforcement that will change that. The United States isn't the only nice place to live.,efa65f8,smakusdod,AskALiberal,t3_al0sr9,t3_al0sr9,1548786098,40,False,0,0,0,0,0,0,0,0,0,0,0,0,0,0,0,0,0,0,0,0,0,0,0,0,0,0,0,1,neutral,6.978739,2.5204682,1,0
"You want a fight, and I’m just not up for one. Good day!",eex21gy,KimJong-Hillary,Documentaries,t3_ajiiyc,t1_eex1w79,1548415848,22,False,0,0,0,0,0,0,0,0,0,0,0,0,0,0,0,0,0,0,0,0,0,0,0,0,0,0,0,1,neutral,9.196117,4.959041,1,3
Sexuality includes romantic attraction in its labeling and always has. Asexual folks are the only people who really need it.,eemx8v8,radicalruses,LGBTeens,t3_ai1g1j,t1_eemx3vm,1548098434,67,False,0,0,0,0,0,0,0,0,0,0,0,0,0,0,0,0,0,0,0,0,0,0,0,0,0,0,0,1,neutral,7.4183497,5.341363,1,3
I'm really happy he and [NAME] are finding success,efbi2bv,Write_Username_Here,DenverBroncos,t3_al66ql,t3_al66ql,1548813375,58,False,0,0,0,0,0,0,0,0,0,0,0,0,0,0,0,0,0,0,0,0,0,0,0,0,0,0,0,1,neutral,10.851954,6.632448,1,1
missed a good chance to copy the one the UNC football player wrote a few years ago for an A-,eewd2t9,Cherrypoppins6996,barstoolsports,t3_ajbcbe,t1_eeuar62,1548387246,4,False,0,0,0,0,0,0,0,0,0,0,0,0,0,0,0,0,0,0,0,0,0,0,0,0,0,0,0,1,neutral,9.873075,1.0744386,1,0
"By that definition, though, everyone with any relationships outside their mono romantic partner is polyamorous, and I don't think that makes sense to say. ",ee9tq0f,TheCatInGrey,polyamory,t3_agw0s2,t1_ee9qula,1547734009,40,False,0,0,0,0,0,0,0,0,0,0,0,0,0,0,0,0,0,0,0,0,0,0,0,0,0,0,0,1,neutral,7.368836,5.3742943,1,3
I was going to say this... he endangered your health,eewz6d2,yizdot,TwoXChromosomes,t3_ajn34g,t1_eewyjtn,1548412210,20,False,0,0,0,0,0,0,0,0,0,0,0,0,0,0,0,0,0,0,0,0,0,0,0,0,0,0,0,1,neutral,9.57725,2.2114477,1,0
This... I don't think this is Ohio...,eesxrah,iiimintiq,gatekeeping,t3_aiusg7,t3_aiusg7,1548285861,27,False,0,0,0,0,0,0,0,0,0,0,0,0,0,0,0,0,0,0,0,0,0,0,0,0,0,0,0,1,neutral,10.237337,5.5819764,1,1
"They just made an ad that made men out to be some sort of deranged sub-human, incapable of understanding right and wrong",eed4gkg,brandonBDB,OutOfTheLoop,t3_ahc06t,t3_ahc06t,1547828023,37,False,0,0,0,0,0,0,0,0,0,0,0,0,0,0,0,0,0,0,0,0,0,0,0,0,0,0,0,1,neutral,7.0553613,3.7211998,1,3
I literally just finished watching the second episode of Daredevil. This pains me,edosqlh,edlites413,disneyvacation,t3_aeamh1,t3_aeamh1,1547093951,6,False,0,0,0,0,0,0,0,0,0,0,0,0,0,0,0,0,0,0,0,0,0,0,0,0,0,0,0,1,neutral,10.966999,3.351201,1,2
"The summer of love, hippie, anarchy communism thing kind of fell apart here: ",edtqdnx,GarbledReverie,ENLIGHTENEDCENTRISM,t3_aeu0b2,t1_edtot6y,1547230282,46,False,0,0,0,0,0,0,0,0,0,0,0,0,0,0,0,0,0,0,0,0,0,0,0,0,0,0,0,1,neutral,6.924088,3.2586052,1,0
Fund this man. Even if it doesn’t pan out it’s worth finding out.,ef8exll,Kitsunate-,UpliftingNews,t3_akpaqx,t3_akpaqx,1548734841,42,False,0,0,0,0,0,0,0,0,0,0,0,0,0,0,0,0,0,0,0,0,0,0,0,0,0,0,0,1,neutral,10.123986,1.7282453,1,2
[NAME] has only lived for [NAME] and [NAME] for now but the choices have been fair.,edx5kk1,Nero-laika,rpdrcringe,t3_af3nia,t1_edvuysz,1547326372,62,False,0,0,0,0,0,0,0,0,0,0,0,0,0,0,0,0,0,0,0,0,0,0,0,0,0,0,0,1,neutral,11.2325535,1.4082847,1,2
Ouch. Rough year for the jags. Where upstate are you?,edrk6ol,BKtoDuval,OrlandoMagic,t3_aeie2n,t1_edptt75,1547170693,17,False,0,0,0,0,0,0,0,0,0,0,0,0,0,0,0,0,0,0,0,0,0,0,0,0,0,0,0,1,neutral,10.231322,5.7812986,1,1
The remaster comes with all DLCs from the original.,eff81ub,Lacrossedeamon,assassinscreed,t3_allsym,t3_allsym,1548917240,6,False,0,0,0,0,0,0,0,0,0,0,0,0,0,0,0,0,0,0,0,0,0,0,0,0,0,0,0,1,neutral,11.667093,2.7499597,1,2
A couple of times I thought she was going to start laughing.,ee3oreq,jordanlund,liberalgunowners,t3_ag2jdm,t1_ee3nxmi,1547530040,72,False,0,0,0,0,0,0,0,0,0,0,0,0,0,0,0,0,0,0,0,0,0,0,0,0,0,0,0,1,neutral,12.468099,3.0998328,0,2
The Guardian are covering it. Naturally they think we're far-right activists and misogynists whose displeasure proves the necessity of the [NAME] campaign...,ee44dv2,nforne,MensRights,t3_ag1qkr,t1_ee3eqac,1547553466,18,False,0,0,0,0,0,0,0,0,0,0,0,0,0,0,0,0,0,0,0,0,0,0,0,0,0,0,0,1,neutral,6.685254,3.3157263,1,0
Leave it to a maintenance technician to not do it right the first time.,eed88oh,Dracyth,GetMotivated,t3_ah2xem,t3_ah2xem,1547830366,4,False,0,0,0,0,0,0,0,0,0,0,0,0,0,0,0,0,0,0,0,0,0,0,0,0,0,0,0,1,neutral,7.400388,2.7394373,1,0
"[NAME] wife has wanted him done with wrestling for, oh, the last 25 years or so.",ed38a3z,Swazi,CFB,t3_abvihg,t3_abvihg,1546450799,54,False,0,0,0,0,0,0,0,0,0,0,0,0,0,0,0,0,0,0,0,0,0,0,0,0,0,0,0,1,neutral,9.821737,1.4463685,1,0
*YesYeesYesYesNooooo...*,edbhrre,jayoulean,yesyesyesyesno,t3_acq8s8,t1_edaoy2h,1546714656,39,False,0,0,0,0,0,0,0,0,0,0,0,0,0,0,0,0,0,0,0,0,0,0,0,0,0,0,0,1,neutral,9.599276,5.1922803,1,1
Say what? He has been playing for epsilon till now. Never seen some real accusations on him cheating. I think you should read some more.,ee70r6e,xmalerx,GlobalOffensive,t3_agjiza,t1_ee7088e,1547648727,27,False,0,0,0,0,0,0,0,0,0,0,0,0,0,0,0,0,0,0,0,0,0,0,0,0,0,0,0,1,neutral,9.722334,1.549309,1,0
oof ok. shawn is pretty hot but I'm still tom dude imo,ed1wnta,bluegreengreyscale,LGBTeens,t3_abgldd,t1_ed1gnjp,1546394949,37,False,0,0,0,0,0,0,0,0,0,0,0,0,0,0,0,0,0,0,0,0,0,0,0,0,0,0,0,1,neutral,10.602662,5.224026,1,1
This makes me wanna play Minecraft again,ee6t1mh,TruMu92,LGBTeens,t3_agfohm,t3_agfohm,1547640545,6,False,0,0,0,0,0,0,0,0,0,0,0,0,0,0,0,0,0,0,0,0,0,0,0,0,0,0,0,1,neutral,8.627695,1.6853049,1,0
"I'd have responded ""no problem,I'll just return it"" ",eepohlz,HappyHighwayman,pettyrevenge,t3_aipf4x,t3_aipf4x,1548185855,30,False,0,0,0,0,0,0,0,0,0,0,0,0,0,0,0,0,0,0,0,0,0,0,0,0,0,0,0,1,neutral,8.520349,4.052477,1,3
The jealousy is more akin to a little sister who doesn't like that her dad isn't giving her all the attention.,ee6hs0y,ariannaclay,shieldbro,t3_aevw2a,t1_ee1pz5p,1547621735,51,False,0,0,0,0,0,0,0,0,0,0,0,0,0,0,0,0,0,0,0,0,0,0,0,0,0,0,0,1,neutral,7.9375734,6.1761827,1,3
Pre 1980 AC/DC is [NAME].,ediqgts,SBeckerDTD,lewronggeneration,t3_adnu84,t1_ediqdmu,1546904849,6,False,0,0,0,0,0,0,0,0,0,0,0,0,0,0,0,0,0,0,0,0,0,0,0,0,0,0,0,1,neutral,11.449586,1.587003,1,2
[NAME] Immediately thought of you when I saw this thread. Can’t stop laughing. But. I’ll wear yours someday and no others,efgvcr6,CharmeleonsDad,INTP,t3_alm2j4,t1_effnsf9,1548965975,61,True,0,0,0,0,0,0,0,0,0,0,0,0,0,0,0,0,0,0,0,0,0,0,0,0,0,0,0,0,neutral,10.624291,4.2271867,1,1
[NAME] about to dip out real quick,edfrd5z,Sporothrix,movies,t3_ad9hm9,t3_ad9hm9,1546825643,26,False,0,0,0,0,0,0,0,0,0,0,0,0,0,0,0,0,0,0,0,0,0,0,0,0,0,0,0,1,neutral,11.358928,1.7872251,1,2
You might enjoy this,eexaex6,McPheeb,ethtrader,t3_ahghey,t1_eelq2f3,1548422422,76,False,0,0,0,0,0,0,0,0,0,0,0,0,0,0,0,0,0,0,0,0,0,0,0,0,0,0,0,1,neutral,10.65886,5.346426,1,1
Dang. A LPT!,ef35p7c,Nomadicminds,confessions,t3_akaohy,t1_ef34ezr,1548583439,67,False,0,0,0,0,0,0,0,0,0,0,0,0,0,0,0,0,0,0,0,0,0,0,0,0,0,0,0,1,neutral,10.057996,4.962889,1,1
Ambien you are my new favortist person ever!,ef3bfvq,Cameeplesforlife,JUSTNOFAMILY,t3_ak7j70,t3_ak7j70,1548588689,61,False,0,0,0,0,0,0,0,0,0,0,0,0,0,0,0,0,0,0,0,0,0,0,0,0,0,0,0,1,neutral,10.136391,6.8847156,1,1
Lmao quality.,edm52fx,ButtmunchMcGee01,Military,t3_adu8el,t3_adu8el,1547010844,55,False,0,0,0,0,0,0,0,0,0,0,0,0,0,0,0,0,0,0,0,0,0,0,0,0,0,0,0,1,neutral,10.873693,6.42224,1,1
The end was kinda meeeehhhh. Like Season 9 AMIRITE THX,ecze9jy,Bentpitch,rpdrcringe,t3_abaxks,t3_abaxks,1546303621,35,False,0,0,0,0,0,0,0,0,0,0,0,0,0,0,0,0,0,0,0,0,0,0,0,0,0,0,0,1,neutral,10.89149,3.272595,1,2
"And [NAME] would never cheat, either! For shame!",ef68pt7,Dio_Did_Nothing_good,danganronpa,t3_akijlo,t1_ef582s9,1548683787,21,False,0,0,0,0,0,0,0,0,0,0,0,0,0,0,0,0,0,0,0,0,0,0,0,0,0,0,0,1,neutral,11.417342,2.0982437,1,2
Dudes karma is -99 lol,edpo1rv,RealSteveScaf,NYKnicks,t3_aej9jo,t3_aej9jo,1547130083,37,True,0,0,0,0,0,0,0,0,0,0,0,0,0,0,0,0,0,0,0,0,0,0,0,0,0,0,0,0,neutral,10.012426,3.6264625,1,2
If you hold the trigger after you shoot you don't unscope with bolt actions,ed67htg,ChoosenUser,PUBGXboxOne,t3_ac7xfb,t1_ed6150j,1546545855,51,False,0,0,0,0,0,0,0,0,0,0,0,0,0,0,0,0,0,0,0,0,0,0,0,0,0,0,0,1,neutral,9.084317,2.2613528,1,0
Oh I'd wager it was as addictive :-) 7x70's :-/,eewmxug,34at110anddown,DeadBedrooms,t3_ajku4u,t1_eewjau0,1548396442,4,False,0,0,0,0,0,0,0,0,0,0,0,0,0,0,0,0,0,0,0,0,0,0,0,0,0,0,0,1,neutral,9.715768,3.5116327,1,0
this is really all [NAME] is.,edd55xb,volcel-protonmail,ForeverAlone,t3_ad149g,t1_edcv8ph,1546756921,16,False,0,0,0,0,0,0,0,0,0,0,0,0,0,0,0,0,0,0,0,0,0,0,0,0,0,0,0,1,neutral,11.710754,1.6768124,1,2
Nah I’m donating it,ed1nrgh,tidebringer92,JUSTNOMIL,t3_abmhs2,t1_ed1nmat,1546387285,35,False,0,0,0,0,0,0,0,0,0,0,0,0,0,0,0,0,0,0,0,0,0,0,0,0,0,0,0,1,neutral,10.360801,6.353467,1,1
"[NAME] hasn't been found guilty, YET, but he has killed before and bribes every official he sees",ed4h0am,toddcarney,nrl,t3_abzmql,t1_ed4fyx4,1546483798,33,False,0,0,0,0,0,0,0,0,0,0,0,0,0,0,0,0,0,0,0,0,0,0,0,0,0,0,0,1,neutral,10.088517,1.5016391,1,2
I can't wait until I can get my app up and running now.,eexs6eu,Ashken,Blackfellas,t3_ajpwi8,t3_ajpwi8,1548432714,41,False,0,0,0,0,0,0,0,0,0,0,0,0,0,0,0,0,0,0,0,0,0,0,0,0,0,0,0,1,neutral,9.424177,6.3204627,1,1
CHONK. WANT. FLUFFY.,ef6nnh2,circa_dia,AnimalsBeingJerks,t3_ako3vn,t3_ako3vn,1548694238,55,False,0,0,0,0,0,0,0,0,0,0,0,0,0,0,0,0,0,0,0,0,0,0,0,0,0,0,0,1,neutral,10.546201,4.966439,1,1
"# IF YOU DIG THIS, THEN YOU DUG THIS. CAUSE IT'S ALL ABOUT THE NERD FIGHT PORK PIE",eemlo5q,halcyonjm,Whatcouldgowrong,t3_ahx1sh,t3_ahx1sh,1548090523,37,True,0,0,0,0,0,0,0,0,0,0,0,0,0,0,0,0,0,0,0,0,0,0,0,0,0,0,0,0,neutral,9.942053,4.5967007,1,1
Here's a little comment from the Yellow Vests Facebook page. Not at all,edw6oru,thepanichand,onguardforthee,t3_af2ebr,t3_af2ebr,1547303234,30,False,0,0,0,0,0,0,0,0,0,0,0,0,0,0,0,0,0,0,0,0,0,0,0,0,0,0,0,1,neutral,8.344525,4.0145698,1,3
No they haven’t and that’s probably a lot of the problem,edy7h3b,Ser_Anonymous,CompetitiveForHonor,t3_aevzrb,t1_edy7aol,1547351793,61,False,0,0,0,0,0,0,0,0,0,0,0,0,0,0,0,0,0,0,0,0,0,0,0,0,0,0,0,1,neutral,8.179446,2.5180783,1,0
[NAME]. [NAME].,ee4ppqx,diet_pepsi_bottle,The_Mueller,t3_ag4a1u,t3_ag4a1u,1547571454,46,False,0,0,0,0,0,0,0,0,0,0,0,0,0,0,0,0,0,0,0,0,0,0,0,0,0,0,0,1,neutral,11.590965,1.626425,1,2
Go play Minecraft........,ee41fay,pimpv303,BattlefieldV,t3_ag6vng,t3_ag6vng,1547548948,46,False,0,0,0,0,0,0,0,0,0,0,0,0,0,0,0,0,0,0,0,0,0,0,0,0,0,0,0,1,neutral,8.653983,1.7288151,1,0
There was a thread about a month ago:,edow6qy,radzima,goldenknights,t3_aeaau1,t1_edow2ra,1547097146,26,False,0,0,0,0,0,0,0,0,0,0,0,0,0,0,0,0,0,0,0,0,0,0,0,0,0,0,0,1,neutral,9.6302185,3.2224698,1,0
"It’s just a comparison to use for understanding. There are significant similarities between lobsters and humans, and lobsters are easier to study than humans.",eektwal,UnlimitedAlpha,disneyvacation,t3_ahxem9,t1_eeksl0m,1548026976,81,False,0,0,0,0,0,0,0,0,0,0,0,0,0,0,0,0,0,0,0,0,0,0,0,0,0,0,0,1,neutral,7.882842,3.9650578,1,3
"""Lazy ass"" Oh my, the irony",edsux2j,EchoMagpie,ChoosingBeggars,t3_aeq05d,t3_aeq05d,1547210696,56,False,0,0,0,0,0,0,0,0,0,0,0,0,0,0,0,0,0,0,0,0,0,0,0,0,0,0,0,1,neutral,8.17353,3.7416017,1,3
Anyone else see her 10 year challenge post today or yesterday. I'm so shocked she wouldn't pick this picture.,eepk19l,ScreamRXQueen,vanderpumprules,t3_aioyz4,t3_aioyz4,1548182771,61,False,0,0,0,0,0,0,0,0,0,0,0,0,0,0,0,0,0,0,0,0,0,0,0,0,0,0,0,1,neutral,12.900631,3.3486946,0,2
I'm sad for the bot. They only want a purpose,eegn38f,AnathematicCabaret,2meirl4meirl,t3_af8hq6,t1_eegdwnc,1547925180,37,False,0,0,0,0,0,0,0,0,0,0,0,0,0,0,0,0,0,0,0,0,0,0,0,0,0,0,0,1,neutral,8.060308,2.9744096,1,0
Haven't you seen any horror movie!? Those cats are saving you from certain doom,ef3z0y6,SouthParkTaughtMe,AnimalsBeingJerks,t3_akavr5,t3_akavr5,1548607637,23,False,0,0,0,0,0,0,0,0,0,0,0,0,0,0,0,0,0,0,0,0,0,0,0,0,0,0,0,1,neutral,10.063885,4.227285,1,1
"I hate they way he says ""ssssshit""",ef2xodn,HoggyOfAustralia,videos,t3_ak9k5o,t3_ak9k5o,1548574092,37,True,0,0,0,0,0,0,0,0,0,0,0,0,0,0,0,0,0,0,0,0,0,0,0,0,0,0,0,0,neutral,9.023133,2.751063,1,0
The logic is so the government can oppress you.,edtet5d,WEHRMACHT_BITCHES_AT,Anarcho_Capitalism,t3_aev5pl,t1_edtcr3v,1547223640,48,False,0,0,0,0,0,0,0,0,0,0,0,0,0,0,0,0,0,0,0,0,0,0,0,0,0,0,0,1,neutral,6.945229,2.576378,1,0
My 47 year old sister is still creeped out by the original theme show's music. She refuses to watch it.,eeeotpv,MrFishpaw,netflix,t3_ahe81c,t3_ahe81c,1547865869,33,False,0,0,0,0,0,0,0,0,0,0,0,0,0,0,0,0,0,0,0,0,0,0,0,0,0,0,0,1,neutral,11.207398,3.4987535,1,2
It isn’t that bad :/,efd1whw,stevenisback2,4PanelCringe,t3_alcts9,t3_alcts9,1548860615,41,False,0,0,0,0,0,0,0,0,0,0,0,0,0,0,0,0,0,0,0,0,0,0,0,0,0,0,0,1,neutral,10.24359,6.1615663,1,1
I meant from when I was a kid and teen. Sorry.,efeb9kx,lakija,Blackfellas,t3_alf78s,t1_efdwmi1,1548888770,36,False,0,0,0,0,0,0,0,0,0,0,0,0,0,0,0,0,0,0,0,0,0,0,0,0,0,0,0,1,neutral,8.148289,6.007616,1,3
I know plenty of old people who did just this,edsc5ec,not-a-shore-girl,newzealand,t3_aergbx,t1_edryhai,1547193658,23,False,0,0,0,0,0,0,0,0,0,0,0,0,0,0,0,0,0,0,0,0,0,0,0,0,0,0,0,1,neutral,10.007415,3.3075511,1,2
"I mean if he’s into it, sure, whatever. I’m not one to judge. ",ednnvsb,MichelleUprising,TIHI,t3_adzafq,t1_ednnr1i,1547063308,35,False,0,0,0,0,0,0,0,0,0,0,0,0,0,0,0,0,0,0,0,0,0,0,0,0,0,0,0,1,neutral,9.670988,1.6816837,1,0
Anyone else on the Knicks you would want then?,edni6j1,KModab98,torontoraptors,t3_ae8lsg,t1_edni4zb,1547059345,6,False,0,0,0,0,0,0,0,0,0,0,0,0,0,0,0,0,0,0,0,0,0,0,0,0,0,0,0,1,neutral,8.827879,1.3061261,1,0
"I’m going to bed nowish, hope you’re ok. HMU if you want.",ee9qgro,ShitOnAReindeer,IncelTears,t3_agsgkk,t1_ee9mvv1,1547731030,43,False,0,0,0,0,0,0,0,0,0,0,0,0,0,0,0,0,0,0,0,0,0,0,0,0,0,0,0,1,neutral,10.017744,5.547019,1,1
Hey I said that to my grammar once,ed50513,Silminator,woooosh,t3_ac3u3z,t3_ac3u3z,1546505172,23,False,0,0,0,0,0,0,0,0,0,0,0,0,0,0,0,0,0,0,0,0,0,0,0,0,0,0,0,1,neutral,8.844148,4.9577184,1,3
"> Greece and Turkey to go bananas. Would you be willing to explain, please?",eess32i,briantology,worldnews,t3_aiup80,t1_eerhwzs,1548281866,38,False,0,0,0,0,0,0,0,0,0,0,0,0,0,0,0,0,0,0,0,0,0,0,0,0,0,0,0,1,neutral,8.892393,2.1262293,1,0
Is she the favorite simply because she is the most recent?,efem4x2,JPBooBoo,VoteBlue,t3_alhi6h,t1_efejky1,1548897122,6,False,0,0,0,0,0,0,0,0,0,0,0,0,0,0,0,0,0,0,0,0,0,0,0,0,0,0,0,1,neutral,12.991975,3.5334392,0,2
I need this in Canada geez,eds54o5,Nv1sioned,vegan,t3_aenzl7,t1_edr9xvv,1547187050,22,True,0,0,0,0,0,0,0,0,0,0,0,0,0,0,0,0,0,0,0,0,0,0,0,0,0,0,0,0,neutral,7.523127,3.5250957,1,3
Go to the movies with people not related to me.,eddd68m,Cyrrow,ForeverAlone,t3_acyio8,t3_acyio8,1546766068,35,False,0,0,0,0,0,0,0,0,0,0,0,0,0,0,0,0,0,0,0,0,0,0,0,0,0,0,0,1,neutral,8.067601,5.144211,1,3
Well son of a....,eeqnect,suckseggs,disneyvacation,t3_ain4n6,t1_eepjdwj,1548211052,52,False,0,0,0,0,0,0,0,0,0,0,0,0,0,0,0,0,0,0,0,0,0,0,0,0,0,0,0,1,neutral,8.568014,6.0891747,1,3
"I didnt say otherwise, I just think that it shouldn't happen at all. It just shows how outdated and incompetent the league is.",eczjm3r,MMMHOTCHEEZE,steelers,t3_abdixx,t1_eczjje5,1546308562,24,False,0,0,0,0,0,0,0,0,0,0,0,0,0,0,0,0,0,0,0,0,0,0,0,0,0,0,0,1,neutral,8.643347,1.1843194,1,0
So people will support him in this fake news quick reaction political environment,efdl37e,kingchilifrito,chicago,t3_al876p,t1_efbu7uy,1548872196,57,False,0,0,0,0,0,0,0,0,0,0,0,0,0,0,0,0,0,0,0,0,0,0,0,0,0,0,0,1,neutral,9.360903,1.7947518,1,0
"They made this exact post like a month ago, ",ed5t6e8,PickleMunkey,reddeadredemption2,t3_ac74hv,t1_ed5oh0l,1546535604,61,False,0,0,0,0,0,0,0,0,0,0,0,0,0,0,0,0,0,0,0,0,0,0,0,0,0,0,0,1,neutral,9.67671,3.1685004,1,0
">I cant really see many objecting. Won't get through parliament, precisely because no deal might well win.",eeggxiu,Spotted_Blewit,LabourUK,t3_ahm1j4,t1_eeg71qc,1547921613,24,False,0,0,0,0,0,0,0,0,0,0,0,0,0,0,0,0,0,0,0,0,0,0,0,0,0,0,0,1,neutral,6.7761736,2.53629,1,0
"Literally a post on reddit by a woman being creepily hit on by a neighbor, with his wife's permission. Today.",ee3m4uf,BeardsuptheWazoo,polyamory,t3_ag2jmb,t3_ag2jmb,1547527348,6,False,0,0,0,0,0,0,0,0,0,0,0,0,0,0,0,0,0,0,0,0,0,0,0,0,0,0,0,1,neutral,10.299147,3.6471717,1,2
At least you’ve got a top-notch pooch standing by.,edxp3bc,Beerkiller2,StLouis,t3_afbcez,t1_edx3z8u,1547338620,36,False,0,0,0,0,0,0,0,0,0,0,0,0,0,0,0,0,0,0,0,0,0,0,0,0,0,0,0,1,neutral,10.6395235,5.111009,1,1
"Ooook, time to calm down now.",edzh1lg,philipzeplin,datingoverthirty,t3_afirt1,t1_edzgzs7,1547399120,24,False,0,0,0,0,0,0,0,0,0,0,0,0,0,0,0,0,0,0,0,0,0,0,0,0,0,0,0,1,neutral,9.3839445,5.1031423,1,3
Manila and Monét serving a lot of emotion for safe,ee31cqh,weekendupdate,SpoiledDragRace,t3_ag1zgc,t3_ag1zgc,1547510377,57,False,0,0,0,0,0,0,0,0,0,0,0,0,0,0,0,0,0,0,0,0,0,0,0,0,0,0,0,1,neutral,10.270251,6.083426,1,1
"Hmm, I had no idea that eating spiders gave dogs that ability.",eeheqe0,UnionJesus,KotakuInAction,t3_ahgm9p,t1_eefji6s,1547941846,1,True,0,0,0,0,0,0,0,0,0,0,0,0,0,0,0,0,0,0,0,0,0,0,0,0,0,0,0,0,neutral,9.710061,4.1146636,1,3
1.283 on a comment but I don't really go after normal posts for karma,ed3slrg,OppaiGaKawaiiDesu,INTP,t3_abtyex,t1_ed3rr4i,1546465363,26,False,0,0,0,0,0,0,0,0,0,0,0,0,0,0,0,0,0,0,0,0,0,0,0,0,0,0,0,1,neutral,8.782749,3.727613,1,3
"The fact that people are still governed by tribal taboos from 2,500 years ago is insane. ",edjup7u,GrandeRonde,atheism,t3_adsgps,t3_adsgps,1546940150,62,False,0,0,0,0,0,0,0,0,0,0,0,0,0,0,0,0,0,0,0,0,0,0,0,0,0,0,0,1,neutral,7.4362545,3.7280307,1,3
"If anything, [NAME] got fouled ",ef47ybt,STILL_LjURKING,soccer,t3_akeli7,t1_ef47qjr,1548613794,57,False,0,0,0,0,0,0,0,0,0,0,0,0,0,0,0,0,0,0,0,0,0,0,0,0,0,0,0,1,neutral,10.842513,1.4733112,1,2
Don’t forget sports gambling. THEN we’ll be happy.,ed9kf0i,LegendaryCichlid,Connecticut,t3_acog60,t1_ed9k3rg,1546648251,35,False,0,0,0,0,0,0,0,0,0,0,0,0,0,0,0,0,0,0,0,0,0,0,0,0,0,0,0,1,neutral,8.496114,1.85279,1,0
Damn we needed that layup,ee8tcqi,Oopsdaisy27293,OrlandoMagic,t3_agpubi,t3_agpubi,1547691965,30,False,0,0,0,0,0,0,0,0,0,0,0,0,0,0,0,0,0,0,0,0,0,0,0,0,0,0,0,1,neutral,9.248963,4.749627,1,3
Negative. This will be a cheese incident free night,edad3ke,DarkZandri,sydney,t3_acrvhf,t1_edacrwy,1546676252,15,False,0,0,0,0,0,0,0,0,0,0,0,0,0,0,0,0,0,0,0,0,0,0,0,0,0,0,0,1,neutral,8.411433,4.002028,1,3
There is a reason I said allegedly.,edpi4jt,ScheduledRelapse,LabourUK,t3_aeb6js,t1_edpeczy,1547125648,51,False,0,0,0,0,0,0,0,0,0,0,0,0,0,0,0,0,0,0,0,0,0,0,0,0,0,0,0,1,neutral,8.221675,4.4156175,1,3
Just carry a 20mm.,eertn0p,Magical_Catboy,HadToHurt,t3_aiyfvj,t1_eersdwh,1548258714,67,False,0,0,0,0,0,0,0,0,0,0,0,0,0,0,0,0,0,0,0,0,0,0,0,0,0,0,0,1,neutral,10.10427,5.0245724,1,1
Did you know that [NAME] and [NAME] named one of their children after a suburb in Pretoria? How cool is that!,eezuy5t,lovethebacon,southafrica,t3_ajlv7l,t3_ajlv7l,1548484478,22,False,0,0,0,0,0,0,0,0,0,0,0,0,0,0,0,0,0,0,0,0,0,0,0,0,0,0,0,1,neutral,11.577987,2.0388474,1,2
You will never be safe as long as the CCP can imprison and torture you,eethqy0,your_Mo,China,t3_aj00ec,t1_ees8qsn,1548301119,36,False,0,0,0,0,0,0,0,0,0,0,0,0,0,0,0,0,0,0,0,0,0,0,0,0,0,0,0,1,neutral,7.232511,3.6219425,1,3
Blocked in us,efg1l51,thosehiswas,The_Mueller,t3_alq6by,t3_alq6by,1548947217,16,False,0,0,0,0,0,0,0,0,0,0,0,0,0,0,0,0,0,0,0,0,0,0,0,0,0,0,0,1,neutral,7.4424853,2.797884,1,0
Because everything is like a video game to them. And in real life the PvP is unbalanced!,ed9z34i,galaspark,justneckbeardthings,t3_acq5n3,t3_acq5n3,1546661009,36,False,0,0,0,0,0,0,0,0,0,0,0,0,0,0,0,0,0,0,0,0,0,0,0,0,0,0,0,1,neutral,8.127855,2.170886,1,0
Whoa am I reading this right? The lowest cost is $3.66 now? and not $2.66?,eef8a33,ArmoredFan,Flipping,t3_ahen1k,t1_eeewmsa,1547883652,62,False,0,0,0,0,0,0,0,0,0,0,0,0,0,0,0,0,0,0,0,0,0,0,0,0,0,0,0,1,neutral,9.596829,3.8317502,1,3
You can't be serious.,eep076z,Q_me_in,conspiracy,t3_ainiyn,t1_eeozxub,1548168883,16,False,0,0,0,0,0,0,0,0,0,0,0,0,0,0,0,0,0,0,0,0,0,0,0,0,0,0,0,1,neutral,7.653347,4.85989,1,3
Oh [NAME] another tmi scene,eduz97f,vikingqueen111,loveafterlockup,t3_af265z,t3_af265z,1547258897,30,False,0,0,0,0,0,0,0,0,0,0,0,0,0,0,0,0,0,0,0,0,0,0,0,0,0,0,0,1,neutral,11.51201,2.9219503,1,2
"But according to [NAME] [NAME] didn’t use a phone to contact [NAME], right? Also, Oct 5?",edr2kci,Celily,MakingaMurderer,t3_aeadgf,t1_edqznpn,1547158974,49,False,0,0,0,0,0,0,0,0,0,0,0,0,0,0,0,0,0,0,0,0,0,0,0,0,0,0,0,1,neutral,11.126836,1.3559936,1,2
"The title is a lie. I dislike what the APA is doing as much as anyone else, but how bout we dont sensationalize it.",eduz0c3,ima_thankin_ya,JordanPeterson,t3_aexylf,t3_aexylf,1547258700,16,False,0,0,0,0,0,0,0,0,0,0,0,0,0,0,0,0,0,0,0,0,0,0,0,0,0,0,0,1,neutral,8.100236,2.546642,1,0
[NAME].,edraswx,Pepinkarling714,LGBTeens,t3_aenver,t3_aenver,1547163778,40,False,0,0,0,0,0,0,0,0,0,0,0,0,0,0,0,0,0,0,0,0,0,0,0,0,0,0,0,1,neutral,11.540467,1.7280372,1,2
Sad to see this as a one-off. [NAME] seemed to be really enjoy the game and itself. Will give the game a try.,eemecoa,TastyZero,gamegrumps,t3_ai0dd7,t3_ai0dd7,1548085241,12,False,0,0,0,0,0,0,0,0,0,0,0,0,0,0,0,0,0,0,0,0,0,0,0,0,0,0,0,1,neutral,8.756631,1.2600738,1,0
Liberals have become the very thing they accuse everyone else of. Being intolerant and racist.,eczuxws,Scozzar,ShitPoliticsSays,t3_abcgxv,t1_eczum4j,1546320670,52,False,0,0,0,0,0,0,0,0,0,0,0,0,0,0,0,0,0,0,0,0,0,0,0,0,0,0,0,1,neutral,6.652043,3.249389,1,0
[NAME] ROASTING LIBERAL CUCKS COMPILATION #43,ee9o5dj,Lord_Malgus,SelfAwarewolves,t3_ag7idp,t1_ee5nzrp,1547728559,36,False,0,0,0,0,0,0,0,0,0,0,0,0,0,0,0,0,0,0,0,0,0,0,0,0,0,0,0,1,neutral,11.079229,1.2533283,1,2
Next up: Raindrops Keep Falling on My Head,ef2c81u,ChickenAndARoll,raimimemes,t3_ak6c9x,t3_ak6c9x,1548555934,26,False,0,0,0,0,0,0,0,0,0,0,0,0,0,0,0,0,0,0,0,0,0,0,0,0,0,0,0,1,neutral,9.256239,4.24132,1,3
"Definitely not Fox News though! That’s the real stuff, zero lies or bias there!",edq9j92,IAm-What-IAm,SelfAwarewolves,t3_aejgpr,t3_aejgpr,1547143712,81,False,0,0,0,0,0,0,0,0,0,0,0,0,0,0,0,0,0,0,0,0,0,0,0,0,0,0,0,1,neutral,8.127653,3.3318815,1,0
"I get what you mean but still that's like mixing ammonia and bleach, it's not gonna go out well.",ef6cg2v,Klobish911,vaxxhappened,t3_aknye7,t1_ef6cc3c,1548686708,5,False,0,0,0,0,0,0,0,0,0,0,0,0,0,0,0,0,0,0,0,0,0,0,0,0,0,0,0,1,neutral,9.234105,4.1836357,1,3
Sounds like you are the one with salty tears mate,ed50t4t,wachtourak,newzealand,t3_ac19yi,t1_ed4t57h,1546506345,72,False,0,0,0,0,0,0,0,0,0,0,0,0,0,0,0,0,0,0,0,0,0,0,0,0,0,0,0,1,neutral,10.137358,4.5936937,1,1
"I like how she was trying to stop the fight, then just gave up and started throwing them too.",ef3xnm3,little-conrad,Wellthatsucks,t3_akbvau,t3_akbvau,1548606740,24,False,0,0,0,0,0,0,0,0,0,0,0,0,0,0,0,0,0,0,0,0,0,0,0,0,0,0,0,1,neutral,13.108376,3.2882135,0,2
***DEATH IS A PREFERABLE ALTERNATIVE TO COMMUNISM***,ee09662,TheRedThirst,KotakuInAction,t3_afnkcw,t1_ee088tc,1547416670,37,True,0,0,0,0,0,0,0,0,0,0,0,0,0,0,0,0,0,0,0,0,0,0,0,0,0,0,0,0,neutral,8.529858,4.9304943,1,3
Oh my gooooooooood,efb2hau,OverlordQ,Roadcam,t3_al65n0,t3_al65n0,1548804085,24,False,0,0,0,0,0,0,0,0,0,0,0,0,0,0,0,0,0,0,0,0,0,0,0,0,0,0,0,1,neutral,9.795556,5.035989,1,1
If you think not actively going out your way to insult people constitutes hiding your sexuality I don’t know what to tell you.,eekax71,Maskbehindmasks,GCdebatesQT,t3_ahqx4k,t1_eek7z6e,1548016347,33,False,0,0,0,0,0,0,0,0,0,0,0,0,0,0,0,0,0,0,0,0,0,0,0,0,0,0,0,1,neutral,7.613943,4.602758,1,3
So using your figures here we make £12 billion in tax from the EU company's selling in to the uk. We save a further £9billion on fees to the EU,ed5fkjx,jester-01,brexit,t3_abwhac,t1_ed59cnw,1546525206,3,False,0,0,0,0,0,0,0,0,0,0,0,0,0,0,0,0,0,0,0,0,0,0,0,0,0,0,0,1,neutral,7.0370636,2.1252964,1,0
Whoever is against the queen will die.,edierqs,Anal_fissures2006,90DayFiance,t3_adm77j,t1_edicf3f,1546898156,78,False,0,0,0,0,0,0,0,0,0,0,0,0,0,0,0,0,0,0,0,0,0,0,0,0,0,0,0,1,neutral,8.571854,4.946263,1,3
That’s why it’s a repost. To anyone who’s cake day is 2 day🤗,ee5hqiq,BaconOracle,wholesomememes,t3_agdyqo,t3_agdyqo,1547590468,1,True,0,0,0,0,0,0,0,0,0,0,0,0,0,0,0,0,0,0,0,0,0,0,0,0,0,0,0,0,neutral,10.51199,5.711185,1,1
The must be on the prowl because I've been getting these calls a lot lately.,eeqdu2p,liveslowdiesoft,AdviceAnimals,t3_aik2pg,t3_aik2pg,1548203849,51,False,0,0,0,0,0,0,0,0,0,0,0,0,0,0,0,0,0,0,0,0,0,0,0,0,0,0,0,1,neutral,8.620831,3.2091134,1,0
Seems like [NAME] got shot by the **japanising beam**,eefo59u,gianfar,Brawlhalla,t3_ahk771,t3_ahk771,1547901857,21,False,0,0,0,0,0,0,0,0,0,0,0,0,0,0,0,0,0,0,0,0,0,0,0,0,0,0,0,1,neutral,10.846278,2.1135855,1,2
Obligatory fuck the dodgers,eelry07,eprosmith,49ers,t3_ai6ch6,t1_eelrhjn,1548057018,2,False,0,0,0,0,0,0,0,0,0,0,0,0,0,0,0,0,0,0,0,0,0,0,0,0,0,0,0,1,neutral,8.500966,1.5877326,1,0
I guffawed! Error! Multikill! Now I have to manxplain cryptocurrency again to my wife sitting next to me.,eezfzm5,uselessartist,ethtrader,t3_ajv98a,t3_ajv98a,1548471468,41,False,0,0,0,0,0,0,0,0,0,0,0,0,0,0,0,0,0,0,0,0,0,0,0,0,0,0,0,1,neutral,9.695157,3.3468912,1,0
Low ^hanging ^^fruit,ed3gpnx,Edeolus,badunitedkingdom,t3_abvv9k,t3_abvv9k,1546456970,7,False,0,0,0,0,0,0,0,0,0,0,0,0,0,0,0,0,0,0,0,0,0,0,0,0,0,0,0,1,neutral,10.299861,4.607908,1,1
All of Leviticus is wonderful and interesting. (But I do get the point you are making).,ee5do8b,Mordvark,Christianity,t3_agba6e,t1_ee5al0t,1547587526,40,False,1,0,0,0,0,0,0,0,0,0,0,0,0,0,0,0,0,0,0,0,0,0,0,0,0,0,0,0,admiration,11.1266775,5.1526084,1,1
it was amazing,ef9kztr,ILOVEBOPIT,cringe,t3_akwbca,t1_ef94giq,1548774503,26,False,1,0,0,0,0,0,0,0,0,0,0,0,0,0,0,0,0,0,0,0,0,0,0,0,0,0,0,0,admiration,11.751595,5.1971483,1,1
"It would be pretty epic if [NAME], the artist that did the San Bernadino '17 poster, did the cover art for the new album... ",ef7udh4,dskanske,ToolBand,t3_akplwy,t1_ef7pnmu,1548720548,15,False,1,0,0,0,1,0,0,0,0,0,0,0,0,0,0,0,0,0,0,0,0,0,1,0,0,0,0,0,admiration,11.318728,3.053865,1,2
"Eh, not sure we shoulda fired [NAME]. [NAME] was regarded as one of the best for quite a long time. ",eekomtv,umdwg,detroitlions,t3_ai3533,t3_ai3533,1548023780,27,False,1,0,0,0,0,0,1,0,0,0,0,0,0,0,0,0,0,0,0,0,0,0,0,0,0,0,0,0,admiration,11.010208,1.2994765,1,2
"Contact Blue Mammoth staff, they're usually pretty nice about this stuff.",ed6hw0f,leechris5000,Brawlhalla,t3_aca34l,t3_aca34l,1546552839,75,False,1,0,0,0,0,0,0,0,0,0,0,0,0,0,0,0,0,0,0,0,0,0,0,0,0,0,0,0,admiration,11.831434,5.6766534,1,1
I can’t see her cheeks...wait a min. Oh those cheeks!!,ed1y4af,barcerrano,holdmycosmo,t3_abkj37,t1_ed1esbh,1546396226,14,False,1,0,0,0,0,0,0,0,0,0,0,0,0,0,0,0,0,0,1,0,0,0,0,0,0,0,0,0,admiration,12.493952,3.3554838,0,2
"Like at the time, he wasn't one of the best defenders in the league. But grew into one. ",ee8wtlr,ohitsmark,chelseafc,t3_agk151,t1_ee8f9nb,1547694837,11,False,1,0,0,0,0,0,0,0,0,0,0,0,0,0,0,0,0,0,0,0,0,0,0,0,0,0,0,0,admiration,9.225252,1.0692872,1,0
They have my favorite reality shows too like Hell’s Kitchen and Survivor.,eesoh6r,Lesty7,entertainment,t3_aj26z1,t1_ees3v9h,1548279429,50,False,1,0,0,0,0,0,0,0,0,0,0,0,0,0,0,0,0,0,0,0,0,0,0,0,0,0,0,0,admiration,11.565733,3.9299924,1,2
This is the most high school post I’ve ever seen on this subreddit.,eea2kfj,SlyAugustine,juul,t3_agr79h,t3_agr79h,1547740638,10,False,1,0,0,0,0,0,0,0,0,0,0,0,0,0,0,0,0,0,0,0,0,0,0,0,0,0,0,0,admiration,10.479616,3.9741359,1,2
Thank you. I appreciate it.,eeg4s9z,jgomez1991,darknet,t3_ahkljj,t3_ahkljj,1547914935,42,False,1,0,0,0,0,0,0,0,0,0,0,0,0,0,0,1,0,0,0,0,0,0,0,0,0,0,0,0,admiration,10.935844,6.658875,1,1
Thanks [NAME] for winning so we don't have to see so much of [NAME] laughable career dwindling away.,ee1get8,AlmostWrongSometimes,tennis,t3_afl4j4,t3_afl4j4,1547462485,20,False,1,0,0,0,0,0,0,0,0,0,0,0,0,0,0,0,0,0,0,0,0,0,0,0,0,0,0,0,admiration,12.000595,1.9389988,1,2
because it's a morning ritual and i like the smell and taste,ed47g7c,samyojana,Advice,t3_aboezg,t3_aboezg,1546475877,81,False,1,0,0,0,0,0,0,0,0,0,0,0,0,0,0,0,0,0,0,0,0,0,0,0,0,0,0,0,admiration,10.075286,4.562741,1,1
Oooo I love that theory! I hope we do find out her name one day,ef1w511,mxltifandoms,IASIP,t3_ak4ykq,t1_ef1vgjz,1548544561,15,False,1,0,0,0,0,0,0,1,0,0,0,0,0,0,0,0,0,0,0,0,1,0,0,0,0,0,0,0,admiration,12.83208,3.4038646,0,2
And get amazingly toned calves in the process! [NAME],eeohair,nagellak,Instagramreality,t3_ai9ksq,t1_eeml7rq,1548146188,70,False,1,0,0,0,0,0,0,0,0,0,0,0,0,0,0,0,0,0,0,0,0,0,0,0,0,0,0,0,admiration,10.83625,5.354916,1,1
Better than showing weakness,ee524sn,sebastionmorgue787,socialanxiety,t3_afyzdh,t3_afyzdh,1547579642,3,False,1,0,0,0,0,0,0,0,0,0,0,0,0,0,0,0,0,0,0,0,0,0,0,0,0,0,0,0,admiration,8.58003,5.4663167,1,3
Wow the delusion here is breathtaking.,eey5g07,lonehawktheseer,worldpolitics,t3_ajrsr3,t3_ajrsr3,1548439959,20,False,1,0,0,0,0,0,0,0,0,0,0,0,0,0,0,0,0,0,0,0,0,0,0,0,0,0,0,0,admiration,11.807418,5.2604246,1,1
1 is spot on. Anxiety completely disappears. I like when that happens. One less issue,ee3srsc,ant_collector5,depression,t3_ag4etj,t3_ag4etj,1547534766,15,False,1,0,0,0,1,0,0,0,0,0,0,0,0,0,0,0,0,0,0,0,0,0,0,0,0,0,0,0,admiration,9.035956,4.8180785,1,3
Aquaria looks great but her eyebrows look like gummy worms lmao,eeul01v,dcmldcml,SpoiledDragRace,t3_ajdhs1,t3_ajdhs1,1548343921,42,False,1,1,0,0,0,0,0,0,0,0,0,0,0,0,0,0,0,0,0,0,0,0,0,0,0,0,0,0,admiration,12.41938,3.5961418,0,2
The goodest human,ed8u7ny,McStompWaffle,antiMLM,t3_ach4xu,t1_ed80ygz,1546628897,57,False,1,0,0,0,0,0,0,0,0,0,0,0,0,0,0,0,0,0,0,0,0,0,0,0,0,0,0,0,admiration,10.481657,5.926881,1,1
Long Furbies are beautiful,ed91eua,FlameboyGD,TIHI,t3_acjp3m,t3_acjp3m,1546633750,55,False,1,0,0,0,0,0,0,0,0,0,0,0,0,0,0,0,0,0,0,0,0,0,0,0,0,0,0,0,admiration,11.792199,4.7066517,1,1
What a (morbid) analogy - I like it!,edsi9v1,singingsox,raisedbynarcissists,t3_aeovgp,t1_eds7uli,1547200272,15,False,1,0,0,0,0,0,0,0,0,0,0,0,0,0,0,0,0,0,0,0,0,0,0,0,0,0,0,0,admiration,10.832799,4.5061064,1,1
Thank you that’s sweet of you (:,edv5i2t,autumnsfantasy,mentalhealth,t3_af3hz8,t1_edv5bfn,1547264212,31,False,1,0,0,0,0,0,0,0,0,0,0,0,0,0,0,0,0,0,0,0,0,0,0,0,0,0,0,0,admiration,10.799924,6.728701,1,1
[NAME] got bank...he's paying people to count his cash. He's doing fine,edrz22q,siddyhall,DetroitPistons,t3_aepu4s,t1_edrytsm,1547182220,15,False,1,0,0,0,0,1,0,0,0,0,0,0,0,0,0,0,0,0,0,0,0,0,0,0,0,0,0,0,admiration,10.111502,1.6161196,1,2
Amazing notes. Posts like this is what make us feel that we are not alone in our struggles.,ee2m016,bexglobe,BPDlovedones,t3_afxip0,t3_afxip0,1547499116,51,False,1,0,0,0,0,0,0,0,0,0,0,0,0,0,0,0,0,0,0,0,0,0,0,0,0,0,0,0,admiration,9.88544,5.8574657,1,1
That crowd reaction for dirk at the end. What a legend,eff99hh,BlackWhiteCoke,Mavericks,t3_allc66,t3_allc66,1548918754,60,False,1,0,0,0,0,0,0,0,0,0,0,0,0,0,0,0,0,0,0,0,0,0,0,0,0,0,0,0,admiration,10.670797,3.2095213,1,2
She looks late 30s. She’s gorgeous.,edg1iwk,WHOSTOLEMYCHICKENS,90DayFiance,t3_addnri,t1_edg0usy,1546833295,51,False,1,0,0,0,0,0,0,0,0,0,0,0,0,0,0,0,0,0,0,0,0,0,0,0,0,0,0,0,admiration,12.4861765,3.924093,0,2
I reccomend the lego movie!,eeb9m4v,Gothgirlxoxo,weed,t3_ah3w7s,t3_ah3w7s,1547768508,5,False,1,0,0,0,0,0,0,0,0,0,0,0,0,0,0,0,0,0,0,0,0,0,0,0,0,0,0,0,admiration,11.435981,4.3223586,1,1
Thank you! Looks delicious.,eelwfil,markostartit,environment,t3_a9emhj,t1_eed0ksn,1548064422,10,False,1,0,0,0,0,0,0,0,0,0,0,0,0,0,0,1,0,0,0,0,0,0,0,0,0,0,0,0,admiration,10.716628,4.8714576,1,1
I appreciate it so much! I'm gonna message you!,edyetea,dawson6400,AirForce,t3_af1beb,t1_edyecxd,1547359070,61,False,1,0,0,0,1,0,0,0,0,0,0,0,0,0,0,0,0,0,0,0,1,0,0,0,0,0,0,0,admiration,11.104382,6.3978634,1,1
OMG what??? ...[NAME] actually showed up for a gig without cancelling with a terrible excuse?,ef26kj6,nullconfection,rpdrcringe,t3_ak62bk,t3_ak62bk,1548551677,24,False,1,0,0,0,0,0,0,0,0,0,0,0,0,0,0,0,0,0,0,0,0,0,0,0,0,0,0,0,admiration,10.865592,1.9324486,1,2
For a moment there I thought I was the only one! Pretty awesome and I had no idea,ed5pwyf,littlemegzz,AnimalsBeingBros,t3_ac5f1x,t1_ed5bye3,1546533176,19,False,1,0,0,0,1,0,0,0,0,0,0,0,1,0,0,0,0,0,0,0,0,0,0,0,0,0,0,0,admiration,9.613801,3.623684,1,0
"wow, there's no way [NAME] should 'er scored that",eeggv85,VincentVanGosu,Gunners,t3_ahns85,t3_ahns85,1547921579,36,False,1,0,0,0,0,0,0,0,0,0,0,0,0,0,0,0,0,0,0,0,0,0,0,0,0,0,1,0,admiration,9.425647,1.1662676,1,0
Great list!,ed1pta0,arielw24,Portland,t3_9y82y2,t1_eczg68x,1546389002,35,False,1,0,0,0,0,0,0,0,0,0,0,0,0,0,0,0,0,0,0,0,0,0,0,0,0,0,0,0,admiration,11.476801,6.0196924,1,1
Officer [NAME] is the penultimate FA character. Apart from the fact he's attractive of course AAAAAAAAAAAAH,eew885s,Jefftommens,ForeverAlone,t3_ajjjf7,t3_ajjjf7,1548383250,36,False,1,0,0,0,0,0,0,0,0,0,0,0,0,0,0,0,0,0,0,0,0,0,0,0,0,0,0,0,admiration,10.571716,1.5993634,1,2
this is great TV. I want to see her do this on Legends,edgjyqc,wft-happened,arrow,t3_adfwk1,t3_adfwk1,1546852989,40,False,1,0,0,0,0,0,0,0,0,0,0,0,0,0,0,0,0,0,0,0,0,0,0,0,0,0,0,0,admiration,12.744648,3.5435364,0,2
We still luv u,edfkpmn,IceBreak,detroitlions,t3_adbyy6,t3_adbyy6,1546821556,78,False,1,0,0,0,0,1,0,0,0,0,0,0,0,0,0,0,0,0,1,0,0,0,0,0,0,0,0,0,admiration,9.5014715,5.3185706,1,1
this is awesome,ee9vex7,imhousing,ATBGE,t3_agt2sx,t3_agt2sx,1547735430,35,False,1,0,0,0,0,0,0,0,0,0,0,0,0,0,0,0,0,0,0,0,0,0,0,0,0,0,0,0,admiration,11.58024,5.603299,1,1
"""Hey look at this reciept! Oops I totally didn't mean to show off my great body."" I see what you did there ;)",eeqb4x1,penisbag1995,FunnyandSad,t3_aite55,t3_aite55,1548201855,33,False,1,0,0,0,0,0,0,0,0,0,0,0,0,0,0,0,0,0,0,0,0,0,0,0,0,0,0,0,admiration,10.21225,3.6539598,1,2
"That's an unusual idea, I must try it out! Thank you!",eej3nz0,nocturnal_anomaly,askwomenadvice,t3_ahg9s5,t1_eeea0il,1547991672,37,False,1,0,0,0,0,0,0,0,0,0,0,0,0,0,0,1,0,0,0,0,0,0,0,0,0,0,0,0,admiration,10.714893,4.448721,1,1
such a deep and powerful tweet,ed4vvyr,419BarabooholeDrive,90DayFiance,t3_abucas,t3_abucas,1546498592,49,False,1,0,0,0,0,0,0,0,0,0,0,0,0,0,0,0,0,0,0,0,0,0,0,0,0,0,0,0,admiration,10.859591,4.3674984,1,1
"Wow, great news bro!",ed6sujy,newdudenewID,Divorce,t3_acah0o,t3_acah0o,1546561209,61,False,1,0,0,0,0,0,0,0,0,0,0,0,0,0,0,0,0,0,0,0,0,0,0,0,0,0,1,0,admiration,10.805385,5.901555,1,1
Nor am I as his servant. Though seeing him happy is awesome!,eemcyc6,Thedogsthatgowoof,chicago,t3_ai4z2s,t1_eelylgx,1548084159,24,False,1,0,0,0,0,0,0,0,0,0,0,0,0,0,0,0,0,1,0,0,0,0,0,0,0,0,0,0,admiration,9.605844,2.019423,1,0
">Dumb, but wonderful. That's my kind of a pet. Silly,soft and adorable. ",efeq6yg,LonelyNecromancer,IncelTears,t3_al0kbz,t1_efbo6cd,1548900342,24,False,1,0,0,0,0,0,0,0,0,0,0,0,0,0,0,0,0,0,0,0,0,0,0,0,0,0,0,0,admiration,10.256096,4.371205,1,1
"In both points and fouls Edit: [NAME], looks like he didn't pick up that foul. Good news!",edwkwli,ironicname,CollegeBasketball,t3_af8mir,t1_edwklgz,1547313843,61,False,1,0,0,0,1,0,0,0,0,0,0,0,0,0,0,0,0,0,0,0,0,0,0,0,0,0,0,0,admiration,9.771197,1.1512029,1,0
Our mod is an awesome mod,eeuqdo2,GREAT_BARRIER_REIFF,minnesotavikings,t3_ajd1s4,t3_ajd1s4,1548347422,51,False,1,0,0,0,0,0,0,0,0,0,0,0,0,0,0,0,0,0,0,0,0,0,0,0,0,0,0,0,admiration,11.51807,5.5316563,1,1
"Haha, this is awesome, this sub is usually full of terrible stories, it's great to hear a nice one once in a while.",efh337s,three18ti,IDontWorkHereLady,t3_alpdme,t3_alpdme,1548971021,12,False,1,0,0,0,0,0,0,0,0,0,0,0,0,0,0,0,0,0,0,0,0,0,0,0,0,0,0,0,admiration,11.426156,5.0284314,1,1
That’s cool man! You have a good night!,eezmk6o,N7Brendan,torontoraptors,t3_ajxb5h,t1_eezln5e,1548476909,37,False,1,0,0,0,0,0,0,0,0,0,0,0,0,0,0,0,0,0,0,0,1,0,0,0,0,0,0,0,admiration,10.673173,5.4602795,1,1
Well done. I like it!!,ed5pc18,hankdal,starwarsspeculation,t3_ac20yg,t3_ac20yg,1546532734,31,False,1,0,0,0,1,0,0,0,1,0,0,0,0,0,0,1,0,0,0,0,1,1,0,0,0,0,0,0,admiration,11.26091,5.7261467,1,1
That’s a cool steering wheel cover,edv6crp,proxima987,livepd,t3_af0jm6,t3_af0jm6,1547264967,15,False,1,0,0,0,0,0,0,0,0,0,0,0,0,0,0,0,0,0,0,0,0,0,0,0,0,0,0,0,admiration,11.32879,5.42108,1,1
***Y'our*** so funny.,edanfr2,durh4m,cringepics,t3_acs2x1,t3_acs2x1,1546691221,24,False,1,0,0,0,0,0,0,0,0,0,0,0,0,0,0,0,0,0,0,0,0,0,0,0,0,0,0,0,admiration,10.399445,3.9802687,1,2
"Not sure I understand, the legion is in a pretty good place right now in terms of their power",eczryjj,2170680,deadbydaylight,t3_abeptk,t1_eczrreb,1546317313,61,False,1,0,0,0,0,0,0,0,0,0,0,0,0,0,0,0,0,0,0,0,0,0,1,0,0,0,0,0,admiration,9.1135235,2.5827618,1,0
"Sometimes for a laugh, I will come to r/Canada to read comments of the ignorant.",efgengb,fan_22,canada,t3_alpts4,t1_efg92x1,1548955033,81,False,1,0,0,0,0,0,0,0,0,0,0,0,0,0,0,0,0,0,0,0,0,0,0,0,0,0,0,0,admiration,7.4727254,3.5754755,1,3
I shed a tear at how beautifully well said this comment was.,ef4lwog,DirtyRavers,CapitalismVSocialism,t3_akevf6,t1_ef4aphy,1548627539,23,False,1,0,0,0,0,0,0,0,0,0,0,0,0,0,0,0,0,0,0,0,0,0,0,0,0,1,0,0,admiration,8.458008,4.3586607,1,3
I love this. It's not always the most exciting things that make for the most amazing feelings 😊,edeekmf,AutumnElle20,polyamory,t3_ad7nza,t3_ad7nza,1546797552,37,False,1,0,0,0,0,0,0,0,0,0,1,0,0,0,0,0,0,0,1,0,0,0,0,0,0,0,0,0,admiration,11.074126,4.97222,1,1
This is the greatest analogy,efalecb,petscopkid,deadbydaylight,t3_akyqs7,t1_efa0bcw,1548794137,4,False,1,0,0,0,0,0,0,0,0,0,0,0,0,0,0,0,0,0,0,0,0,0,0,0,0,0,0,0,admiration,10.728119,4.5605173,1,1
My hero!,ed2jmoc,loltol12345,cringe,t3_abjuut,t3_abjuut,1546422792,37,False,1,0,0,0,0,0,0,0,0,0,0,0,0,0,0,0,0,0,0,0,0,0,0,0,0,0,0,0,admiration,10.484953,2.398874,1,2
I was the vegan in this story. I have since stopped my foolish ways and have since become a nuclear alpha mega Chad.,ee3u8w6,Steve-Fiction,vegancirclejerk,t3_ag4ns4,t3_ag4ns4,1547536794,42,False,1,0,0,0,0,0,0,0,0,0,0,0,0,0,0,0,0,0,0,0,1,0,0,0,0,0,0,0,admiration,9.231018,3.9145133,1,3
Women are nice. Except when they murder you.,edoptyy,Drinking_Out_of_Cups,Wellthatsucks,t3_ae5l73,t1_edo8qqj,1547091576,6,False,1,0,0,0,0,0,0,0,0,0,0,0,0,0,0,0,0,0,0,0,0,0,0,0,0,0,0,0,admiration,6.964641,4.981685,1,3
These are great,edffknz,Whyrobotslie,wildhockey,t3_ab04k1,t3_ab04k1,1546818060,35,False,1,0,0,0,0,0,0,0,0,0,0,0,0,0,0,0,0,0,0,0,0,0,0,0,0,0,0,0,admiration,11.728338,5.618872,1,1
Wow what a final quarter. [NAME] throwing two intersepts. What a dog,eelbnrh,DarkZandri,sydney,t3_ahyeli,t3_ahyeli,1548039949,8,False,1,0,0,0,0,0,0,0,0,0,0,0,0,0,0,0,0,0,0,0,0,0,0,0,0,0,1,0,admiration,10.972664,4.011998,1,2
This is great. Thanks for sharing OP :),ef6l1df,ennanekia,BPD,t3_aknf9l,t3_aknf9l,1548692591,55,False,1,0,0,0,0,0,0,0,0,0,0,0,0,0,0,1,0,0,0,0,0,0,0,0,0,0,0,0,admiration,11.17332,6.2939,1,1
"Akshon Esports do amazing and high quality content for Artifact, crazy they get so few views on their videos.",ee239b7,Oblit3rate,Artifact,t3_afxncg,t3_afxncg,1547486032,37,False,1,0,0,0,0,0,1,0,0,0,0,0,0,0,0,0,0,0,0,0,0,0,0,0,0,0,0,0,admiration,11.306429,3.5033486,1,2
She has an amazing voice,eeovxiz,Rufus23,Blackfellas,t3_ailxfu,t1_eeon1f6,1548165606,18,False,1,0,0,0,0,0,0,0,0,0,0,0,0,0,0,0,0,0,0,0,0,0,0,0,0,0,0,0,admiration,12.836333,3.503117,0,2
This is amazing.,edm6qzf,Edward01986,rant,t3_aakicv,t1_edlyjak,1547012661,23,False,1,0,0,0,0,0,0,0,0,0,0,0,0,0,0,0,0,0,0,0,0,0,0,0,0,0,0,0,admiration,11.839264,5.3066106,1,1
"TELL ME MY FUTURE, YOU SORCERER",ee21aee,LevSmash,EdmontonOilers,t3_afwq87,t1_ee1w03n,1547484576,9,False,1,0,0,0,0,0,0,1,0,0,0,0,0,0,0,0,0,0,0,0,0,0,0,0,0,0,0,0,admiration,10.270821,6.054085,1,1
[NAME] game sucks. He's good at comps but his strategic game is awful,ef2fuf9,Eddie1378,BigBrother,t3_ak721v,t3_ak721v,1548558825,51,False,1,0,0,0,0,0,0,0,0,1,0,0,0,0,0,0,0,0,0,0,0,0,0,0,0,0,0,0,admiration,9.445077,1.2043182,1,0
There are tons of great places on the fringes where you’re guaranteed good loot and a vehicle.,ed0sj9s,Schopenhauer1025,PUBGXboxOne,t3_abik30,t3_abik30,1546364277,62,False,1,0,0,0,0,0,0,0,0,0,0,0,0,0,0,0,0,0,0,0,0,0,0,0,0,0,0,0,admiration,11.452143,5.7028728,1,1
What a combo of food,eep3kkz,orean612,WeWantPlates,t3_aimgs4,t3_aimgs4,1548171263,35,False,1,0,0,0,0,0,0,0,0,0,0,0,0,0,0,0,0,0,0,0,0,0,0,0,0,0,0,0,admiration,9.929685,4.3815975,1,1
By [NAME]! By [NAME]! It's the grand Champion!,edge9aj,WAHLuigii,awfuleverything,t3_adba68,t3_adba68,1546845207,57,False,1,0,0,0,0,0,0,0,0,0,0,0,0,0,0,0,0,0,0,0,0,0,0,0,0,0,0,0,admiration,11.976849,1.828719,1,2
"I hope they appreciate the fact someone is getting up earlier than them in order for this to all work. I appreciate you, and I'm unemployed.",eczhsvj,depressed-salmon,ABoringDystopia,t3_ab5yaf,t1_eczcn4z,1546306767,70,False,1,0,0,0,0,0,0,0,0,0,0,0,0,0,0,0,0,0,0,0,1,0,0,0,0,0,0,0,admiration,9.629825,6.4275756,1,1
Oh... Cool,eekle2v,BaffledBrunette,sports,t3_aha7ov,t1_eecns8t,1548021913,22,False,1,0,0,0,0,0,0,0,0,0,0,0,0,0,0,0,0,0,0,0,0,0,0,0,0,0,0,0,admiration,10.856442,5.499341,1,1
This makes me wonder if they fixed [NAME] having a very noticeable gap between her body and legs with her new shorts.,eex2fjk,MojoTheFabulous,deadbydaylight,t3_ajkqu8,t3_ajkqu8,1548416265,40,False,1,0,0,0,0,0,0,0,0,0,0,0,0,0,0,0,0,0,0,0,0,0,0,0,0,0,0,0,admiration,12.54786,3.2918823,0,2
“stay still” the best and most timely advice you’ll ever get.,ecziwxz,mikespry,Roadcam,t3_ab6mps,t3_ab6mps,1546307853,20,False,1,0,0,0,0,0,0,0,0,0,0,0,0,0,0,0,0,0,0,0,0,0,0,0,0,0,0,0,admiration,8.933228,5.8216777,1,3
"Wow! What a big beautiful terrific post, thank-you OP for enlightening us to these hidden truths.",ee35tl1,Neuschwabenland2525,conspiracy,t3_afw9a9,t3_afw9a9,1547513998,74,False,1,0,0,0,0,0,0,0,0,0,0,0,0,0,0,1,0,0,0,0,0,0,0,0,0,0,0,0,admiration,11.168588,5.977399,1,1
Exactly. How that woman has survived two no confidence votes amazes me.,eeearfz,Melmokz,brexit,t3_ah92f8,t1_eect34g,1547854872,37,False,1,0,0,0,0,0,0,0,0,0,0,0,0,0,0,0,0,0,0,0,0,0,1,0,0,0,0,0,admiration,13.075163,3.44369,0,2
Tournament was a blast met some really cool people loved it all. Thanks for holding it. Would love to do it again someday,edycw66,Chase_therealcw,CoDCompetitive,t3_affz3p,t3_affz3p,1547356844,5,False,1,0,0,0,0,0,0,0,1,0,0,0,0,0,0,1,0,0,0,0,0,0,0,0,0,0,0,0,admiration,8.931001,1.621074,1,0
That sounds awesome! So good to have someone able to teach you their skills 😊,edypsys,mica_willow,Anticonsumption,t3_aesyqb,t1_edvfldm,1547372483,41,False,1,0,0,0,0,0,0,0,0,0,0,0,0,0,0,0,0,0,0,0,0,0,0,0,0,0,0,0,admiration,11.61559,5.883767,1,1
This is lovely. Didn’t expect the end.,ee89l9k,HansChuzzman,reactiongifs,t3_agoupp,t3_agoupp,1547678422,16,False,1,0,0,0,0,0,0,0,0,0,0,0,0,0,0,0,0,0,0,0,0,0,0,0,0,0,0,0,admiration,11.67078,5.1210246,1,1
Such a beautiful cinematic shot.,ef67mkc,haamster,TheWalkingDeadGame,t3_akk08o,t3_akk08o,1548682813,37,False,1,0,0,0,0,0,0,0,0,0,0,0,0,0,0,0,0,0,0,0,0,0,0,0,0,0,0,0,admiration,11.582523,3.7331722,1,2
You're a great dad.,eebgpli,cclgurl95,Advice,t3_agyvpx,t3_agyvpx,1547773858,78,False,1,0,0,0,0,0,0,0,0,0,0,0,0,0,0,0,0,0,0,0,0,0,0,0,0,0,0,0,admiration,8.398097,6.619872,1,3
And I taught my room was dirty and that I was not taking care of my self. Good job op,eejtxit,Creepymelon,GetMotivated,t3_ahxk2k,t3_ahxk2k,1548006772,50,False,1,0,0,0,0,0,0,0,0,0,0,0,0,0,0,0,0,0,0,0,0,0,0,0,0,0,0,0,admiration,8.650088,5.5849357,1,3
you keep telling yourself that - now go back to sleep before you embarrass yourself even more,eds4j9f,lamagix,OrlandoMagic,t3_aeje02,t1_eds1tbs,1547186555,73,False,1,0,0,0,1,1,0,0,0,0,0,0,0,0,0,0,0,0,0,0,0,0,0,0,0,0,0,0,admiration,8.605825,5.3268137,1,3
"Sauerkraut is amazing, but only as a side to a main.",edbcv17,Otaconmg,oldpeoplefacebook,t3_ac69tn,t3_ac69tn,1546711502,20,False,1,0,0,0,0,0,0,0,0,0,0,0,0,0,0,0,0,0,0,0,0,0,0,0,0,0,0,0,admiration,10.339525,4.4216537,1,1
"Still awesome. I skateboard, ride bikes, and hang out with my friends. Edit: I'm 40",efdgnq1,sk8pickel,AskMenOver30,t3_albzej,t3_albzej,1548869371,52,False,1,0,0,0,0,0,0,0,0,0,0,0,0,1,0,0,0,0,0,0,0,0,0,0,0,0,0,0,admiration,9.780197,5.921087,1,1
"I was able to catch the first half and his D looked great (thats what she said?), did it decline in the second?",eda7q2o,L_carson,chicagobulls,t3_acq9ej,t1_eda1btd,1546669324,61,False,1,0,0,0,0,0,1,0,0,0,0,0,0,0,0,0,0,0,0,0,0,0,0,0,0,0,0,0,admiration,9.544187,2.5331972,1,0
"Great, now my balls hurt and I’m yawning uncontrollably. ",edsn4s6,ToCareOrNotToCare,yesyesyesyesno,t3_aer9ma,t1_eds73o4,1547204478,63,False,1,0,0,0,0,0,0,0,0,0,0,0,0,0,0,0,0,0,0,0,0,0,0,0,0,1,0,0,admiration,9.299276,4.809268,1,3
"Aldi is awesome. Low prices, efficient processes, and treats its employees like people. Corporations actually done right.",eepmivv,FlyingSxSnek,UpliftingNews,t3_aimdku,t3_aimdku,1548184494,39,False,1,0,0,0,0,0,0,0,0,0,0,0,0,0,0,0,0,0,0,0,0,0,0,0,0,0,0,0,admiration,10.646281,6.3902655,1,1
"Kinda like a thing that comes out of the ground and it smells nice, I think. Cannot confirm",ef3qwog,Rapist_Midget,lewronggeneration,t3_akaz7g,t1_ef3p5hm,1548602244,27,False,1,0,0,0,0,0,0,0,0,0,0,0,0,0,0,0,0,0,0,0,0,0,0,0,0,0,0,0,admiration,9.535536,4.20719,1,3
She is only good if a team has good communication. (And this is a ~600hr sombra main saying this.),ef80fsm,BZRK950,OverwatchUniversity,t3_akuifl,t3_akuifl,1548724734,52,False,1,0,0,0,0,0,0,0,0,0,0,0,0,0,0,0,0,0,0,0,0,0,0,0,0,0,0,0,admiration,13.168594,3.5287807,0,2
One of my favourite [NAME] moments,ed3a9cy,somersettler,london,t3_ab2ck2,t1_ed2l6aq,1546452253,15,False,1,0,0,0,0,0,0,0,0,0,0,0,0,0,0,0,0,0,0,0,0,0,0,0,0,0,0,0,admiration,11.367465,2.9427292,1,2
"I know the feeling, but you’re not disgusting. Happy new year!",eczxgji,TheManicMonocle,socialanxiety,t3_ab6rr8,t1_ecyag46,1546323588,23,False,1,0,0,0,0,0,0,0,0,0,1,0,0,0,0,0,0,0,0,0,0,0,0,0,0,0,0,0,admiration,10.242959,5.849622,1,1
"Great program, the wife and i have been able to pay down 10k in debt in 3 months since moving our daughter into the program",eehjdo3,Rec1umWrecker,alberta,t3_ahr7vs,t3_ahr7vs,1547944563,61,False,1,0,0,0,0,0,0,0,0,0,0,0,0,0,0,0,0,0,0,0,0,0,0,0,0,0,0,0,admiration,12.879169,3.7715335,0,2
Really love these concepts. Fantastic work. Love the work in the comments especially the green with the M.,ed2210z,Pominville2929,wildhockey,t3_abo9k5,t3_abo9k5,1546399746,51,False,1,0,0,0,0,0,0,0,0,0,0,0,0,0,0,0,0,0,0,0,0,0,0,0,0,0,0,0,admiration,11.514899,5.683118,1,1
"[NAME] responded in the most honest and best way possible, even with the sassy ""Pfffft"" sound before telling her to fuck off lol ",edo86yd,TomasAHawk,Documentaries,t3_aeadin,t1_edo6yv5,1547077115,50,False,1,0,0,0,0,0,0,0,0,0,0,0,0,0,0,0,0,0,0,0,0,0,0,0,0,0,0,0,admiration,12.308305,2.8896463,0,2
I'm so effin' proud of you! You handled it beautifully!,edtdh3r,sethra007,raisedbynarcissists,t3_aeqdgu,t3_aeqdgu,1547222810,55,False,1,0,0,0,0,0,0,0,0,0,0,0,0,0,0,1,0,0,0,0,0,0,0,0,0,0,0,0,admiration,10.67841,6.510213,1,1
That sounds really interesting.,eeyibw0,_PlannedCanada_,Anarchism,t3_ajhm3b,t1_eexi5eu,1548447698,61,False,1,0,0,0,0,0,0,0,0,0,0,0,0,0,0,0,0,0,0,0,0,0,0,0,0,0,0,0,admiration,11.207536,5.245695,1,1
"Metallica recorded a congratulatory video for him, so effin cool: ",eeq988o,NJ_Yankees_Fan,NYYankees,t3_ait0hr,t3_ait0hr,1548200474,2,False,1,0,0,0,0,0,0,0,0,0,0,0,0,0,0,0,0,0,0,0,0,0,0,0,0,0,0,0,admiration,10.900851,6.6509185,1,1
beautiful story arc. glad you decided to end it in my semi hometown of excelsior - really neat lil town.,eeo0tgr,bleptheblip,minnesota,t3_aihrht,t3_aihrht,1548127666,31,False,1,0,0,0,0,0,0,0,0,0,0,0,0,0,0,1,0,1,0,0,0,1,1,1,0,0,1,0,admiration,11.290839,5.6264625,1,1
This was amazing,eeovgsz,Nomandate,MaliciousCompliance,t3_aij4hh,t3_aij4hh,1548165233,74,False,1,0,0,0,0,0,0,0,0,0,0,0,0,0,0,0,0,0,0,0,0,0,0,0,0,0,0,0,admiration,11.805655,5.3286414,1,1
"Wow, amazing job, Mr. [NAME]! Another liberal absolutely DESTROYED with facts and logic! So eloquent and wise...",effgkav,_Mephostopheles_,unpopularopinion,t3_aljfc0,t1_effgdgw,1548929758,81,False,1,0,0,0,0,0,0,0,0,0,0,0,0,0,0,0,0,0,0,0,0,0,0,0,0,0,0,0,admiration,6.7212286,2.8411665,1,0
Good to know! Very much appreciated ♥,eeawl9p,go1de,phoenix,t3_ah2d57,t1_eeavkni,1547759709,49,False,1,0,0,0,0,0,0,0,0,0,0,0,0,1,0,0,0,0,0,0,0,0,0,0,0,0,0,0,admiration,11.203616,6.239791,1,1
I'd be honored,edrvp1o,Applejaxc,ShitPoliticsSays,t3_aeox6h,t1_edru0eq,1547179544,70,False,1,0,0,0,0,0,0,0,0,0,0,0,0,0,0,0,0,0,0,0,0,0,0,0,0,0,0,0,admiration,10.848907,6.756681,1,1
[NAME] was an awesome Chief. Wish we would've seen more of him being a badass.,ed0omrl,Beserked2,greysanatomy,t3_abh0c9,t3_abh0c9,1546361159,34,False,1,0,0,0,0,0,0,0,0,0,0,0,0,0,0,0,0,0,0,0,0,0,0,0,0,0,0,0,admiration,9.912229,1.5827076,1,0
"Thank you. Yeah it's a nice thought, being sheltered and happy before any worries or drama. It would be nice...",eenzm8b,ateumi,bipolar,t3_ahjaxy,t1_eemqzs8,1548126689,16,False,1,0,0,0,0,0,0,0,0,0,0,0,0,0,0,1,0,0,0,0,0,0,0,0,0,0,0,0,admiration,10.320529,6.251524,1,1
Yeah I was impressed with it too! I've to pay to see results of responses past the 100th one but other than that it's top notch,eeuktfu,liammcbride1209,ScottishFootball,t3_ajc9qy,t1_eeuknys,1548343801,52,False,1,0,0,0,0,0,0,0,0,0,0,0,0,0,0,0,0,0,0,0,0,0,0,0,0,0,0,0,admiration,10.453542,6.444839,1,1
Some great advice right here!!!!!! I forgot about this,ee9ejps,Baby_f4ce,seduction,t3_agsnoz,t1_ee94z7m,1547713876,15,False,1,0,0,0,1,0,0,0,0,0,0,0,0,0,0,0,0,0,0,0,0,0,1,0,0,0,0,0,admiration,9.590723,6.7484274,1,1
"I know you're trying to troll, but you need to try a little harder. At least you're trying. ",ed6sm7h,pandalovestacos,sadcringe,t3_ac7wce,t1_ed6q53q,1546561022,4,False,1,0,0,0,0,0,0,0,0,0,0,0,0,0,0,0,0,0,0,0,0,0,0,0,0,0,0,0,admiration,7.9463944,3.3734307,1,0
Both are awesome states. I just got back from NM yesterday! Good luck with your move.,eepftc3,ChickenLickinDiddler,UpliftingNews,t3_aimdku,t1_eep7hd7,1548179855,49,False,1,0,0,0,0,0,0,0,0,0,0,0,0,0,0,0,0,0,0,0,1,0,0,0,0,0,0,0,admiration,10.5074005,5.9443126,1,1
I love [NAME]. He's another great option for 6th man.,editlbc,DrTom,ripcity,t3_adnbx3,t1_edili4s,1546906991,2,False,1,0,0,0,0,0,0,0,0,0,0,0,0,0,0,0,0,0,1,0,0,0,0,0,0,0,0,0,admiration,10.546921,1.7265302,1,2
OMG. This is such a great point!,edaf2k0,DietCocaKolob,exmormon,t3_acp0j3,t3_acp0j3,1546679087,4,False,1,0,0,0,0,0,0,0,0,0,0,0,0,0,0,0,0,0,0,0,0,0,0,0,0,0,1,0,admiration,11.069038,5.649419,1,1
"Yeah, they have uniforms and everything. It’s really great.",ef1x5g6,TheBoilerCat,nba,t3_ak6e3d,t1_ef1x3mp,1548545208,76,False,1,0,0,0,0,0,0,0,0,0,0,0,0,0,0,0,0,0,0,0,0,0,0,0,0,0,0,0,admiration,11.785212,5.753307,1,1
Yeah [NAME] has won worlds,ef72ea5,Ajwf,leagueoflegends,t3_akmoga,t1_ef61nz8,1548703137,52,False,1,0,0,0,0,0,0,0,0,0,0,0,0,0,0,0,0,0,0,0,0,0,0,0,0,0,0,0,admiration,12.047921,1.8595357,1,2
good guy kawhi,edr9vzk,Mark_Knight,torontoraptors,t3_aeo9wn,t3_aeo9wn,1547163153,15,False,1,0,0,0,0,0,0,0,0,0,0,0,0,0,0,0,0,0,0,0,0,0,0,0,0,0,0,0,admiration,10.719951,5.6377563,1,1
Wow! I've never heard of a celebrity doing something so nice,ef039i5,uglybutcharismatic,wholesomememes,t3_ajvuui,t3_ajvuui,1548494449,37,False,1,0,0,0,0,0,0,0,0,0,0,0,0,0,0,0,0,0,0,0,0,0,0,0,0,0,1,0,admiration,8.630276,4.0069265,1,3
I. AM. AWARE. That doesn't make it cool and good for him to race bait.,ee9mh85,free_luxury,Anarchism,t3_agmjg1,t1_ee91r2c,1547726571,81,False,1,0,0,1,0,0,0,0,0,0,0,0,0,0,0,0,0,0,0,0,0,0,0,0,0,0,0,0,admiration,9.638622,1.3899683,1,0
I really like [NAME] videos,edm84jt,2kgod69,weed,t3_ae3ose,t3_ae3ose,1547014276,39,False,1,0,0,0,0,0,0,0,0,0,0,0,0,0,0,0,0,0,0,0,0,0,0,0,0,0,0,0,admiration,11.519461,3.1056464,1,2
"Honestly, an obvious possibility is you find the men who you are banging other than him to be more attractive. ",efbxls1,XxPenisMonkeyxX,TwoXChromosomes,t3_al8kaz,t3_al8kaz,1548824480,34,False,1,0,0,0,0,0,0,0,0,0,0,0,0,0,0,0,0,0,0,0,0,0,0,0,0,0,0,0,admiration,7.207811,5.0868244,1,3
She looks so much better. She really is pretty.,eeldzwl,Kay-Dean,vanderpumprules,t3_ai0sf5,t1_eek2p8b,1548041578,62,False,1,0,0,0,1,0,0,0,0,0,0,0,0,0,0,0,0,0,0,0,0,0,0,0,0,0,0,0,admiration,12.585665,3.8513513,0,2
That was beautiful.,edp0fki,[deleted],self,t3_aec0qq,t3_aec0qq,1547102126,60,False,1,0,0,0,0,0,0,0,0,0,0,0,0,0,0,0,0,0,0,0,0,0,0,0,0,0,0,0,admiration,11.94601,4.971181,1,1
Great job! Hats off to you.,eeq7df0,tn80,melbourne,t3_air8dk,t1_eeq759u,1548199153,16,False,1,0,0,0,0,0,0,0,0,0,0,0,0,0,0,0,0,0,0,0,0,0,0,0,0,0,0,0,admiration,10.916994,6.3820834,1,1
I am so mad I haven’t thought of doing this. Just brilliant,eeet16m,ImNotKitten,RedDeadOnline,t3_ahhi5h,t3_ahhi5h,1547869338,51,False,1,0,0,0,0,0,0,0,0,0,0,0,0,0,0,0,0,0,0,0,0,0,0,0,0,0,0,0,admiration,11.149699,5.5624166,1,1
"Masha'Allah that he performed this, yet I disagree in it being the most beautiful. ",ef9es9p,Admiyer_me,islam,t3_akw28d,t3_akw28d,1548770494,37,False,1,0,0,0,0,0,0,0,0,0,1,0,0,0,0,0,0,0,0,0,0,0,0,0,0,0,0,0,admiration,11.889332,4.785317,1,1
Unite us. Unite the clans.,eefa45q,chibamms,MLBTheShow,t3_ahihct,t1_eeeyfxn,1547885668,32,False,1,0,0,0,0,0,0,0,0,0,0,0,0,0,0,0,0,0,0,0,0,0,0,0,0,0,0,0,admiration,10.044488,6.3924055,1,1
A life well spent....,edpja5m,JKarrde,videos,t3_aehkva,t3_aehkva,1547126621,61,False,1,0,0,0,0,0,0,0,0,0,0,0,0,0,0,0,0,0,0,0,0,0,0,0,0,0,0,0,admiration,10.35908,5.921752,1,1
[NAME] is amazing.,ee3x6ta,understando,houston,t3_ag6ct0,t3_ag6ct0,1547541393,16,False,1,0,0,0,0,0,0,0,0,0,0,0,0,0,0,0,0,0,0,0,0,0,0,0,0,0,0,0,admiration,11.8250885,2.134111,1,2
Of course the one Ospreys player was my boi [NAME] <3,edmlyqy,ryanm8787,rugbyunion,t3_ae5zqp,t3_ae5zqp,1547035959,15,False,1,0,0,0,0,0,0,0,0,0,0,0,0,0,0,0,0,0,0,0,0,0,0,0,0,0,0,0,admiration,9.840576,1.0691102,1,0
They then went to a piano concert together. This conflict is amazing in it's twists and turns.,eedpshm,knighthawk75,syriancivilwar,t3_ah8ef1,t1_eedftky,1547841470,60,False,1,0,0,0,0,0,0,0,0,0,0,0,0,0,0,0,0,0,0,0,0,0,0,0,0,0,0,0,admiration,11.250276,3.3656764,1,2
Pretty nice to see CONCACAF signing for the CPL.,edql0mu,IMFCfan01,MLS,t3_aemde9,t3_aemde9,1547149671,60,False,1,0,0,0,0,0,0,0,0,0,0,0,0,0,0,0,0,0,0,0,0,0,0,0,0,0,0,0,admiration,11.006471,6.513683,1,1
This scene was priceless! Trash TV gold.,edo5jw4,InventorOfBacon,TeenMomOGandTeenMom2,t3_ae94br,t1_ednk0db,1547075045,37,False,1,0,0,0,0,0,0,0,0,0,0,0,0,0,0,0,0,0,0,0,0,0,0,0,0,0,0,0,admiration,11.190755,3.5488596,1,2
"You really went in to detail, and with valid points. Δ ",ee9cc2m,Bloo_CS,changemyview,t3_agkuya,t1_ee6xxvo,1547710892,36,False,1,0,0,0,1,0,0,0,0,0,0,0,0,0,0,0,0,0,0,0,0,0,0,0,0,0,0,0,admiration,10.372755,6.7173414,1,1
Nice hiss!,ed55k86,GrumpyBear5496,ProtectAndServe,t3_ac3ufj,t1_ed506li,1546514551,37,False,1,0,0,0,0,0,0,0,0,0,0,0,0,0,0,0,0,0,0,0,0,0,0,0,0,0,0,0,admiration,10.070625,4.9328537,1,1
That’s the one!,edjgqg9,gheemonster,asoiaf,t3_adn2k8,t1_edjahwj,1546923254,67,False,1,0,0,0,0,0,0,0,0,0,0,0,0,0,0,0,0,0,0,0,0,0,0,0,0,0,0,0,admiration,10.533677,5.0488386,1,1
I’m glad you are here. You got this.,edp0jqn,asiapommy,SuicideWatch,t3_aefk6c,t3_aefk6c,1547102280,42,False,1,0,0,0,0,0,0,0,0,0,0,0,0,0,0,0,0,0,0,0,0,0,0,0,0,0,0,0,admiration,10.658691,6.6475477,1,1
Keep pushing. You’ll come out of this stronger I promise,ef2w860,rolecansom,depression,t3_ak9ox7,t3_ak9ox7,1548572808,42,False,1,0,0,0,0,0,0,0,0,0,0,0,0,0,0,0,0,0,0,0,1,1,0,0,0,0,0,0,admiration,8.929983,5.703807,1,3
We smart apes,efdsduc,Storm1ce,iamverysmart,t3_alcx6n,t1_efdozw6,1548876641,52,False,1,0,0,0,0,0,0,0,0,0,0,0,0,0,0,0,0,0,0,0,0,0,0,0,0,0,0,0,admiration,8.93059,4.81458,1,3
Beautiful. Makes me wonder how the Persona 6 Velvet Room attendant will be like and how the dynamic with their siblings go...,ef29yvd,OoguroRyuuya5,Persona5,t3_ak4e6p,t3_ak4e6p,1548554165,46,False,1,0,0,0,0,0,0,0,0,0,0,0,0,0,0,0,0,0,0,0,0,0,0,0,0,0,0,0,admiration,11.729121,3.872492,1,2
I always admire a pinch of salt in anything. I can't upvote you enough sir.,eefasnl,markosfaust,philosophy,t3_ahdn5t,t1_eeela1b,1547886539,2,False,1,0,0,0,0,0,0,0,0,0,1,0,0,0,0,0,0,0,0,0,0,0,0,0,0,0,0,0,admiration,10.537389,6.8315005,1,1
"This is just so beautiful, man! ",eevrhgp,ZeldaIsMyHomegirl,minnesotavikings,t3_aji45z,t3_aji45z,1548370835,49,False,1,0,0,0,0,0,0,0,0,0,0,0,0,0,0,0,0,0,0,0,0,0,0,0,0,0,0,0,admiration,11.957282,4.938536,1,1
Cool story bro.,efdgoq5,marximillian,CapitalismVSocialism,t3_al4yiy,t1_efd9694,1548869388,37,False,1,0,0,0,0,0,0,0,0,0,0,0,0,0,0,0,0,0,0,0,0,0,0,0,0,0,0,0,admiration,11.082523,5.283208,1,1
Having two world class GKs is amazing lol,eedpi5y,Invincible07A,realmadrid,t3_ahe6ze,t1_eedpdr6,1547841289,15,False,1,1,0,0,0,0,0,0,0,0,0,0,0,0,0,0,0,0,0,0,0,0,0,0,0,0,0,0,admiration,11.684423,5.8282948,1,1
"Hey man, as a [NAME] living part time in South Africa, I really appreciate you making a beautiful version of our flag :)",efa9tad,Sonny1x,southafrica,t3_al1xwx,t1_efa1vfy,1548788003,22,False,1,0,0,0,1,0,0,0,0,0,0,0,0,0,0,0,0,0,0,0,0,0,0,0,0,0,0,0,admiration,10.949982,6.5491066,1,1
I love when [NAME] plays like this,edf316a,H2-sL,timberwolves,t3_ad97ib,t3_ad97ib,1546810850,67,False,1,0,0,0,0,0,0,0,0,0,0,0,0,0,0,0,0,0,0,0,0,0,0,0,0,0,0,0,admiration,11.505944,2.5040944,1,2
Oh nice I have that one,ee5tb1i,Ch8s3,assassinscreed,t3_agboi2,t1_ee5t9mr,1547599261,72,False,1,0,0,0,0,0,0,0,0,0,0,0,0,0,0,0,0,0,0,0,0,0,0,0,0,0,0,0,admiration,10.69369,5.536951,1,1
"Great video, and kudos for waiting them out and not letting your primal instincts let you attack from a wrong position!",eefew51,MrJinkins,dayz,t3_ahene8,t3_ahene8,1547891786,26,False,1,0,0,0,0,0,0,0,0,0,0,0,0,0,0,0,0,0,0,0,0,0,0,0,0,0,0,0,admiration,10.82763,3.3555868,1,2
"Have you seen Lord's and Ladles on Netflix? It's not a competition, but the scenery and the little facts are super interesting.",efaun2t,kbig22432,DoesAnybodyElse,t3_akwhg8,t1_efaucmn,1548799531,50,False,1,0,0,0,0,0,0,0,0,0,0,0,0,0,0,0,0,0,0,0,0,0,0,0,0,0,0,0,admiration,11.203795,3.450908,1,2
Easy breezy beautiful cover girl,eepoq40,ManwhotypesonReddit,yesyesyesyesno,t3_ailm9q,t1_eeovj8r,1548186017,70,False,1,0,0,0,0,0,0,0,0,0,0,0,0,0,0,0,0,0,0,0,0,0,0,0,0,0,0,0,admiration,12.236566,4.208509,-1,2
"Thanks, dude. It means a lot : ) Hope you have a great week.",ee5klbf,CivilPhoto,offmychest,t3_aga1fy,t1_ee5jx3x,1547592554,23,False,1,0,0,0,0,0,0,0,0,0,0,0,0,0,0,1,0,0,0,0,0,0,0,0,0,0,0,0,admiration,10.749265,6.3498406,1,1
It pays well and I enjoy it. I travel 6 months a year. For the last 16 years.,edzvhjr,Imadeadpeople,askwomenadvice,t3_afmc9e,t1_edzv9pt,1547408093,61,False,1,0,0,0,0,0,0,0,0,0,0,0,0,0,0,0,0,1,0,0,0,0,0,0,0,0,0,0,admiration,9.811397,5.981509,1,1
"Call me cynical, but I wish things wouldn't go back. That's why I like Infinity Wars as much as I did.",eec3tqt,SoggyBarSoap,funny,t3_ah3pvp,t1_eec35ha,1547793101,57,False,1,0,0,0,0,0,0,0,0,0,0,0,0,0,0,0,0,0,0,0,0,0,0,0,0,0,0,0,admiration,9.077574,2.612552,1,0
"That's wonderful! As you're learning to accept and love yourself as you are, so will your followers! Don't give up and good luck!",ed4akpn,phonescreenisdirty,Instagramreality,t3_abw6xv,t3_abw6xv,1546478449,23,False,1,0,0,0,0,0,0,0,1,0,0,0,0,0,0,0,0,0,0,0,0,0,0,0,0,0,0,0,admiration,10.475666,6.6872735,1,1
[NAME] is such a pretty lady. I'm jealous of those huge eyes!,edj5m0e,sancoh9,90DayFiance,t3_adoul1,t3_adoul1,1546915354,55,False,1,0,0,0,0,0,0,0,0,0,0,0,0,0,0,0,0,0,0,0,0,0,0,0,0,0,0,0,admiration,12.316836,3.6708872,0,2
"Yeah people that take money from their children don't just look at their Bank account and think ""Wow a 4000 dollar deposit magically happened.""",ed412mo,rdrake05,tifu,t3_abug2j,t1_ed37o4j,1546470815,40,False,1,0,0,0,0,0,0,0,0,0,0,0,0,0,0,0,0,0,0,0,0,0,0,0,0,0,0,0,admiration,7.2685485,2.1830661,1,0
Such pretty kitties!,eep620c,linuxgeekmama,bipolar,t3_aijk0w,t3_aijk0w,1548172938,33,False,1,0,0,0,0,0,0,0,0,0,0,0,0,0,0,0,0,0,0,0,0,0,0,0,0,0,0,0,admiration,11.806566,4.524432,1,1
Best side quest ever!,eevt2yy,Brrringsaythealiens,truegaming,t3_ajejud,t1_eevoby1,1548371963,61,False,1,0,0,0,0,0,0,0,0,0,0,0,0,0,0,0,0,0,0,0,0,0,0,0,0,0,0,0,admiration,10.637983,6.233081,1,1
"I like [NAME]. He's the most experienced, and he seems like an all-around nice guy.",ee67en8,UrriakUrruk,VoteBlue,t3_agd4zp,t3_agd4zp,1547610620,39,False,1,0,0,0,0,0,0,0,0,0,0,0,0,0,0,0,0,0,0,0,0,0,0,0,0,0,0,0,admiration,10.417333,1.8099972,1,2
I like in Iowa. The weather part is true,ee22bn2,Traitor-21-87,thatHappened,t3_afgufc,t1_ee11yhr,1547485344,81,False,1,0,0,0,0,0,0,0,0,0,0,0,0,0,0,0,0,0,0,0,0,0,0,0,0,0,0,0,admiration,11.164635,5.8474417,1,1
Let’s get back to the good old days,ee0t48v,GENE-parmesanprivate,90DayFiance,t3_afqsvn,t3_afqsvn,1547432596,16,False,1,0,0,0,0,0,0,0,0,0,0,0,0,0,0,0,0,0,0,0,0,0,0,0,0,0,0,0,admiration,10.259041,3.2908933,1,2
Did not expect pint sized [NAME]. That was cute!,edxzts5,PitcherToBurn,livepd,t3_afc8ra,t3_afc8ra,1547345600,72,False,1,0,0,0,0,0,0,0,0,0,0,0,0,0,0,0,0,0,0,0,0,0,0,0,0,0,0,0,admiration,11.30509,2.5634077,1,2
I just don't like OP for not explaining it before using the abbreviation. So even though the TIFU was great I downvoted it.,eesbtoq,Azurae1,tifu,t3_aj0jzb,t1_eesajbk,1548270958,55,False,1,0,0,0,0,0,0,0,0,0,1,0,0,0,0,0,0,0,0,0,0,0,0,0,0,0,0,0,admiration,8.171495,2.4809535,1,0
I love this show!!,ed884uw,carb_zilla,fatlogic,t3_abvby7,t3_abvby7,1546614627,4,False,1,0,0,0,0,0,0,0,0,0,0,0,0,0,0,0,0,0,1,0,0,0,0,0,0,0,0,0,admiration,11.471811,3.8650637,1,2
You bomb them and they come your way 'cause you're a real winner!/s,eelhwzo,vigorous,worldpolitics,t3_ahvdqv,t1_eeitwg3,1548045108,16,False,1,0,0,0,0,0,0,0,0,0,0,0,0,0,0,0,0,0,0,0,0,0,0,0,0,0,0,0,admiration,9.770336,5.0495424,1,1
> i find it very dog-like and adorable :) I find it very monster-like and terrifying :|,edq5pw4,BobbyGurney,WhitePeopleTwitter,t3_aeji4z,t1_edq3f96,1547141717,81,False,1,0,0,0,0,0,0,0,0,0,0,0,0,0,1,0,0,0,0,0,0,0,0,0,0,0,0,0,admiration,11.294021,4.598754,1,1
So? Keep doing it anyway. Who don't worry about the downvotes.,ef6togf,Avenger772,OkCupid,t3_akpj23,t3_akpj23,1548697825,56,False,1,0,0,0,0,0,0,0,0,0,0,0,0,0,0,0,0,0,0,0,0,0,0,0,0,0,0,0,admiration,6.5467896,2.6855516,1,0
"Great, about to rewrite my many ToDo lists",eczz3bv,theearthisasphere,aspergers,t3_abe1wf,t1_eczmcc1,1546325812,67,False,1,0,0,0,0,0,0,0,0,0,0,0,0,0,0,0,0,0,0,0,0,0,0,0,0,0,0,0,admiration,11.546286,6.07209,1,1
Its very popular in the not comic book demographics.,ef0y67l,weaslebubble,television,t3_ak0gmi,t1_ef0crfo,1548522682,27,False,1,0,0,0,0,0,0,0,0,0,0,0,0,0,0,0,0,0,0,0,0,0,0,0,0,0,0,0,admiration,7.861038,3.1756701,1,0
It looks really pretty :D!,ef6u26x,Blamethestxrs,BPD,t3_ak4od9,t1_ef4rigm,1548698055,12,False,1,0,0,0,0,0,0,0,0,0,0,0,0,0,0,0,0,0,0,0,0,0,0,0,0,0,0,0,admiration,11.640506,4.549154,1,1
The cringe is just beautiful,ed7ocvn,amorphique,youseeingthisshit,t3_acecil,t3_acecil,1546590178,37,False,1,0,0,0,0,0,0,0,0,0,0,0,0,0,0,0,0,0,0,0,0,0,0,0,0,0,0,0,admiration,11.956071,4.884419,1,1
"I knew I didn't like this guy when the NPR commentator said ""He's the best option for attorney general right now""",ee71ta7,ajt666,progun,t3_agkox5,t3_agkox5,1547649630,16,False,1,0,0,0,0,0,0,0,0,0,0,0,0,0,0,0,0,0,0,0,0,0,0,0,0,0,0,0,admiration,9.737538,1.5623934,1,0
Happy holidays used to refer to both Christmas and new years.,edi6wcs,Liar_tuck,insanepeoplefacebook,t3_adkg31,t1_edhrqjf,1546894166,62,False,1,0,0,0,1,0,0,0,0,0,0,0,0,0,0,0,0,0,0,0,0,0,0,0,0,0,0,0,admiration,10.120296,5.967819,1,1
That’s good but why would you waste your time on a crappy team?,edd39ja,ShockTheWorld23,detroitlions,t3_acza7v,t3_acza7v,1546754941,51,False,1,0,0,0,0,0,0,0,0,0,0,0,0,0,0,0,0,0,0,0,0,0,0,0,0,0,0,0,admiration,8.695891,1.2383871,1,0
Interesting user name :).,ee50584,cyanocobalamin,AskMenOver30,t3_agaciu,t1_ee4xtj7,1547578356,27,False,1,0,0,0,0,0,0,0,0,0,0,0,0,0,0,0,0,0,0,0,0,0,0,0,0,0,0,0,admiration,11.602593,1.9979875,1,2
Heat is one of my top movies. The whole thing is fucking amazing.,edv8uin,cheezturds,todayilearned,t3_aex7ps,t1_edum18y,1547267267,46,False,1,0,0,0,0,0,0,0,0,0,0,0,0,0,0,0,0,0,0,0,0,0,0,0,0,0,0,0,admiration,11.691368,4.6153874,1,1
"Props to this guy, that was an amazing comment. ",ediafog,bpaddock1,HadToHurt,t3_ad8d06,t1_edh2u1o,1546896000,2,False,1,0,0,0,0,0,0,0,0,0,0,0,0,0,0,1,0,0,0,0,0,0,0,0,0,0,0,0,admiration,10.177855,2.6426024,1,2
"Fucking monophanie looking ass floating with the dead, nice.",ed8r9yv,Legendarypepes,danganronpa,t3_acjha1,t3_acjha1,1546626977,8,False,1,0,0,0,0,0,0,0,0,0,0,0,0,0,0,0,0,0,0,0,0,0,0,0,0,0,0,0,admiration,10.761867,3.8102794,1,2
"Dude, it made *me* reflect a little. Side note, what a wonderful username.",ed3nebj,LavenderGoomsGuster,steelers,t3_abwf71,t1_ed3f43p,1546461824,35,False,1,0,0,0,0,0,0,0,0,0,0,0,0,0,0,0,0,0,0,0,0,0,0,0,0,0,0,0,admiration,11.013507,2.6317878,1,2
Brain dead clearance. Honestly deserved lead. They have been better.,edw3uh9,BrandNew85,Gunners,t3_af6u66,t3_af6u66,1547300263,35,False,1,0,0,0,0,0,0,0,0,0,0,0,0,0,0,0,0,0,0,0,0,0,0,0,0,0,0,0,admiration,7.687674,2.6662762,1,0
you are truly a hogwartsian saint and exmo beautiful one. GG,ed0b10g,DrumpfsterFryer,exmormon,t3_abgkuv,t3_abgkuv,1546342625,36,False,1,0,0,0,0,0,0,0,0,0,0,0,0,0,0,0,0,0,0,0,0,0,0,0,0,0,0,0,admiration,10.785528,6.317676,1,1
They look so good together *praying for Disney ending*,edfw5an,ruruwonderful,freefolk,t3_add0mr,t3_add0mr,1546829235,62,False,1,0,0,0,1,0,0,0,0,0,0,0,0,0,0,0,0,0,0,0,0,0,0,0,0,0,0,0,admiration,11.770103,3.8726819,1,2
Good advice thank you I appreciate it. I need to learn to focus my mind again,edgmnjn,Thanksforpie,Divorce,t3_ad7w0f,t1_edenr6g,1546856359,2,False,1,0,0,0,0,0,0,0,1,0,0,0,0,0,0,1,0,0,0,0,0,0,0,0,0,0,0,0,admiration,9.72391,6.8135853,1,1
Came to say the Ravens. I always pull for them no matter what for your laid or reasons. Plus their black and purple jerseys are so nice.,effzvgt,unfortunate_tourist,nyjets,t3_alpvx6,t1_effxwww,1548946219,16,False,1,0,0,0,0,0,0,0,0,0,0,0,0,0,0,0,0,0,0,0,0,0,0,0,0,0,0,0,admiration,8.404363,1.4090704,1,0
It goes that far back? That was probably hands down the best fight ever. I loved stone cold as a kid,edc0k4g,Gonga-Woo,WWE,t3_acyppw,t1_edc0gex,1546727145,3,False,1,0,0,0,0,0,0,0,0,0,0,0,0,0,0,0,0,0,1,0,0,0,0,0,0,0,0,0,admiration,9.724067,3.1984127,1,0
Sorry but $200 wouldn’t help. Good bye beautiful world!! I’m gonna pray to the ether god to help me :),eenyq19,whosurdaddy972,ethtrader,t3_ai77jr,t1_eeny2an,1548126005,62,False,1,0,0,0,0,0,0,0,0,0,0,0,0,0,0,0,0,0,0,0,0,0,0,0,1,0,0,0,admiration,11.122145,6.1970806,1,1
Wow what's it like to be so petty? (Fixed),edq2ez2,zoomzoom42,ProRevenge,t3_aefuus,t3_aefuus,1547139984,16,False,1,0,0,0,0,0,0,0,0,0,0,0,0,0,0,0,0,0,0,0,0,0,0,0,0,0,0,0,admiration,9.283977,5.1819687,1,3
As a household we deal with it by respecting each other's choices and opinions.,ed0k1g7,Yawollah,vegan,t3_abitp8,t3_abitp8,1546356481,66,False,1,0,0,0,1,0,0,0,0,0,0,0,0,0,0,0,0,0,0,0,1,0,0,0,0,0,0,0,admiration,7.8952446,5.606044,1,3
It’s beautiful. I think I need to move. 😊,edftorz,Poppy-Pomfrey,exmormon,t3_adbmsi,t1_edfr8bh,1546827358,61,False,1,0,0,0,0,0,0,0,0,0,0,0,0,0,0,0,0,0,0,0,1,0,0,0,0,0,0,0,admiration,11.886415,4.9977765,1,1
LOL at the tldr. What a crazy story. I'm glad the writer got some friendly new relatives out of it.,ee5vs7z,Afdrmgt,aznidentity,t3_age4sp,t3_age4sp,1547601247,61,False,1,1,0,0,0,0,0,0,0,0,0,0,0,0,0,0,0,1,0,0,0,0,0,0,0,0,0,0,admiration,11.28308,5.0835,1,1
"Not in Oregon anymore. They raised the legal age to buy smokes to 21, which, as a smoker, I think is a great idea.",eeeup72,andymaq,MurderedByWords,t3_ahdro3,t1_eee2ym9,1547870719,24,False,1,0,0,0,0,0,0,0,0,0,0,0,0,0,0,0,0,0,0,0,0,0,0,0,0,0,0,0,admiration,8.92975,4.73597,1,3
He kinda looks like [NAME],edxw8yv,TunaFishIsBestFish,Unexpected,t3_af6in5,t3_af6in5,1547343175,23,False,1,0,0,0,0,0,0,0,0,0,0,0,0,0,0,0,0,0,0,0,0,0,0,0,0,0,0,0,admiration,10.669376,2.111353,1,2
Then we shall duel for it. *Good Fight!*,eetbwi6,AD_MORTEM_INIMEMECUS,forhonor,t3_aj73bs,t1_eet9pi9,1548296567,51,False,1,0,0,0,0,0,0,0,0,0,0,0,0,0,0,0,0,0,0,0,0,0,0,0,0,0,0,0,admiration,9.176002,5.0179353,1,3
There's piece of shit 2 bedroom homes in Palo Alto that cost 3 million. Those schools are damn good though.,eegulim,CJ_from_Grove_St,slatestarcodex,t3_afshhe,t1_eegmi80,1547930007,78,False,1,0,0,0,0,0,0,0,0,0,0,0,0,0,0,0,0,0,0,0,0,0,0,0,0,0,0,0,admiration,8.378768,6.3056273,1,3
Awesome thank you! I’m sure it was fine to wear but new guy here not trying to stretch any rules quite yet,eeywiv1,woopinglobster,AirForce,t3_ajuazn,t1_eeyw6un,1548456588,46,False,1,0,0,0,0,0,0,0,0,0,0,0,0,0,0,1,0,0,0,0,0,0,0,0,0,0,0,0,admiration,10.479527,5.4123363,1,1
Yeah I don’t know where you live. Also smooth haha,edivwvz,maddaboobles,dating_advice,t3_adhqru,t1_edivkxn,1546908627,60,False,1,0,0,0,0,0,1,0,0,0,0,0,0,0,0,0,0,0,0,0,0,0,0,0,0,0,0,0,admiration,8.187518,5.102968,1,3
"Damn girl, Stockholm syndrome is strong with you. All I can say is I wish you all the best.",ee46q28,cosplayingAsHumAn,dating,t3_afs8n6,t3_afs8n6,1547556339,2,False,1,0,0,0,0,0,0,0,0,0,0,0,0,0,0,1,0,0,0,0,0,0,0,0,0,0,0,0,admiration,11.210374,6.8419952,1,1
That’s my favorite aquarium! Wish I saw that though lol,ed5i830,dtyler86,thalassophobia,t3_ac0ay8,t1_ed50ui7,1546527244,20,False,1,1,0,0,0,0,0,0,0,0,0,0,0,0,0,0,0,0,0,0,0,0,0,0,0,0,0,0,admiration,11.417243,4.9739733,1,1
The man in the picture is a legend since he is the only non toxic and not annoying mic person,edossqo,Lucky-Glove,RedDeadOnline,t3_aeb3td,t3_aeb3td,1547094001,76,False,1,0,0,0,0,0,0,0,0,0,0,0,0,0,0,0,0,0,0,0,0,0,0,0,0,0,0,0,admiration,10.248004,2.7076006,1,2
Wow! I feel like a grade A moron,eeoidlg,createusername32,TheSimpsons,t3_aijzno,t1_eeoibhi,1548148085,35,False,1,0,0,0,0,0,0,0,0,0,0,0,0,0,0,0,0,0,0,0,0,0,0,0,0,0,0,0,admiration,9.141002,5.399875,1,3
Damn *fabulous*!,ed5qx5t,Yolaak,TIHI,t3_ac77qn,t3_ac77qn,1546533935,15,False,1,0,0,0,0,0,0,0,0,0,0,0,0,0,0,0,0,0,0,0,0,0,0,0,0,0,0,0,admiration,11.146084,5.522629,1,1
WeTV and TLC are different companies owned by the same bigger company. Different teams working on the shows. WeTV came out on top this season.,ed59p13,aegbeater,loveafterlockup,t3_ab1nhs,t1_ecy96iu,1546519356,21,False,1,0,0,0,0,0,0,0,0,0,0,0,0,0,0,0,0,0,0,0,0,0,0,0,0,0,0,0,admiration,11.611571,2.6884012,1,2
I am twice as proud of my baby [NAME].,ed9mdcr,casteela,danganronpa,t3_acllfy,t1_ed9kvjf,1546649898,24,False,1,0,0,0,0,0,0,0,0,0,0,0,0,0,0,0,0,0,0,0,0,0,0,0,0,0,0,0,admiration,12.312859,3.401043,0,2
Glad to see I'm not the only one with that bug. Maybe someone will report it some day.,edzlm0e,mishehuakrai,HumansBeingBros,t3_afju6t,t1_edza1h2,1547402025,20,False,1,0,0,0,0,0,0,0,0,0,0,0,0,0,0,0,0,0,0,0,0,0,0,0,0,0,0,0,admiration,9.254983,3.8686163,1,3
"Little kids are the best because they're just like ""Wtf?!?!?""""",eedla4h,Anxiety_Priceless,Target,t3_ahah2y,t1_eecyhun,1547838674,76,False,1,0,0,0,0,0,0,0,0,0,0,0,0,0,0,0,0,0,0,0,0,0,0,0,0,0,0,0,admiration,8.224967,6.4031005,1,3
I did this a couple years back. Daily binged on Simpsons. So Good.,ed49opj,purpleelephant109,TheSimpsons,t3_ac02pw,t3_ac02pw,1546477710,49,False,1,0,0,0,0,0,0,0,0,0,0,0,0,0,0,0,0,0,0,0,0,0,0,0,0,0,0,0,admiration,11.041519,3.9298818,1,2
That's the spirit,eddm85x,OG-Memes,INTP,t3_ad48e0,t1_eddknvv,1546776587,36,False,1,0,0,0,0,0,0,0,0,0,0,0,0,0,0,0,0,0,0,0,0,0,0,0,0,0,0,0,admiration,10.570897,4.7815175,1,1
Awesome footage. The one child signing to look into his eyes looks as though he is jaundiced. His eyes are quite green yellow colour.,ee1h48v,batteredram,southafrica,t3_aft4kk,t3_aft4kk,1547463790,24,False,1,0,0,0,0,0,0,0,0,0,0,0,0,0,0,0,0,0,0,0,0,0,0,0,0,0,0,0,admiration,11.150819,3.2588594,1,2
The new Five Nights at Freddy’s looks great,ed8l760,HAwaiidahanPres,gifs,t3_achuwb,t3_achuwb,1546623115,46,False,1,0,0,0,0,0,0,0,0,0,0,0,0,0,0,0,0,0,0,0,0,0,0,0,0,0,0,0,admiration,11.6101,4.142716,1,2
I appreciate it! I spent a lot of time crafting a story I wanted to tell.,ed1295i,tiMartyn,saltierthancrait,t3_abkzkx,t1_ed11nbz,1546371173,42,False,1,0,0,0,0,0,0,0,1,0,0,0,0,0,0,1,0,0,0,0,0,0,0,0,0,0,0,0,admiration,11.329082,5.312682,1,1
"Ok, we get it. You're a top.",edgkcyf,Magfaeridon,gay_irl,t3_adcy0m,t1_edg43rq,1546853508,39,False,1,0,0,0,0,0,0,0,0,0,0,0,0,0,0,0,0,0,0,0,0,0,0,0,0,0,0,0,admiration,10.408122,6.115999,1,1
"Now I remember, you're an OC student. This sub tells me you're brilliant...",efdy4il,SarcasticAce,raimimemes,t3_algv95,t1_efdy15s,1548880246,78,False,1,0,0,0,0,0,0,0,0,0,0,0,0,0,0,0,0,0,0,0,0,0,0,0,0,0,0,0,admiration,11.157963,6.392006,1,1
sounds so good bro! but in my case i’m already out so it feels like it would be a burden to re-coming out... TvT,ed51mpv,caubevuive26,gaybros,t3_ac43kf,t1_ed51llg,1546507841,30,False,1,0,0,0,0,0,0,0,0,1,0,0,0,0,0,0,0,0,0,0,0,0,0,0,0,0,0,0,admiration,9.170886,5.9711223,1,1
This girl is really hot. tight biker suit and all that.,eebj9gw,Sapajaz,Persona5,t3_agxyda,t3_agxyda,1547775817,54,False,1,0,0,0,0,0,0,0,0,0,0,0,0,0,0,0,0,0,0,0,0,0,0,0,0,0,0,0,admiration,12.387232,4.096377,-1,2
Trier [NAME] chemistry looking nice,eemqjk4,CrazyPepperoni,NYKnicks,t3_aibq1k,t3_aibq1k,1548093829,81,False,1,0,0,0,0,0,0,0,0,0,0,0,0,0,0,0,0,0,0,0,0,0,0,0,0,0,0,0,admiration,10.341873,3.9392798,1,2
We're all [NAME] fans in our hearts,edr6k2n,officialcaolan,northernireland,t3_aec2xf,t1_edo9hup,1547161188,49,False,1,0,0,0,0,0,0,0,0,0,0,0,0,0,0,0,0,0,0,0,0,0,0,0,0,0,0,0,admiration,11.851191,1.8132545,1,2
Wow... never heard of that podcast. Looks awesome. Thanks for the link!,eepbbrp,guriboysf,TrueReddit,t3_aimz54,t1_eep2ykc,1548176729,22,False,1,0,0,0,0,0,0,0,0,0,0,0,0,1,0,1,0,0,0,0,0,0,0,0,0,0,0,0,admiration,11.223648,3.6094031,1,2
Healthier and more disgusting.,eeqc8sj,geaster,insanepeoplefacebook,t3_aitij6,t3_aitij6,1548202663,15,False,1,0,0,0,0,0,0,0,0,0,0,1,0,0,0,0,0,0,0,0,0,0,0,0,0,0,0,0,admiration,8.939504,3.860445,1,3
"In doing so, they gave humanity a cinematic treasure for the ages. ",eef08q7,SGRStarquake,todayilearned,t3_ahie5i,t3_ahie5i,1547875133,60,False,1,0,0,0,0,0,0,0,0,0,0,0,0,0,0,0,0,0,0,0,0,0,0,0,0,0,0,0,admiration,11.45574,3.8712885,1,2
@ the corner in Litchfield is really good and it’s in a picturesque area on the Litchfield green,edcbftr,kbennett252,Connecticut,t3_acy4hc,t3_acy4hc,1546734206,21,False,1,0,0,0,0,0,0,0,0,0,0,0,0,0,0,0,0,0,0,0,0,0,0,0,0,0,0,0,admiration,11.462661,5.720319,1,1
Please do not take that personally. I thought this was a great photo.,ee79bx5,endisnearhere,Dallas,t3_agm2uw,t1_ee783k9,1547655251,20,False,1,0,0,0,0,0,0,0,0,0,0,0,0,0,0,0,0,0,0,0,0,0,0,0,0,0,0,0,admiration,11.786429,3.547063,1,2
I remember that one! She was so proud of herself for all the organization and I just felt bad for the kids.,eett679,HoaryPuffleg,fatlogic,t3_aj6sa1,t1_eetnwdp,1548312007,52,False,1,0,1,0,0,0,0,0,0,0,0,0,0,0,0,0,0,0,0,0,0,0,0,0,0,0,0,0,admiration,13.03213,3.678565,0,2
That's a cute kitty :3,edy2v6d,trashy_kitty,gay_irl,t3_afc73v,t3_afc73v,1547347992,55,False,1,0,0,0,0,0,0,0,0,0,0,0,0,0,0,0,0,0,0,0,0,0,0,0,0,0,0,0,admiration,10.3119755,4.234904,1,1
"Considering how beautiful every single person is, there is far too much ugliness on Earth. ",edvwy7r,Victorian_Astronaut,TopMindsOfReddit,t3_af64s8,t1_edvw18k,1547292180,61,False,1,0,0,0,0,0,0,0,0,0,0,0,0,0,0,0,0,0,0,0,0,0,1,0,0,0,0,0,admiration,7.368599,4.06073,1,3
Nothing ocular about that smackdown. Raunchy just peaked all over [deleted].,eewovsw,vagina_whisperer,timberwolves,t3_ajlfo3,t1_eewn0a1,1548398674,10,False,1,0,0,0,0,0,0,0,0,0,0,0,0,0,0,0,0,0,0,0,0,0,0,0,0,0,0,0,admiration,9.815669,1.3092959,1,0
This is awesome! I really wish I could make it!,edtpdm0,godlessgoddesss,exmormon,t3_aewzm5,t3_aewzm5,1547229705,42,False,1,0,0,0,0,0,0,0,1,0,0,0,0,0,0,0,0,0,0,0,1,0,0,0,0,0,0,0,admiration,11.539832,5.6512,1,1
Thank you. I really appreciate the help,efabn9i,DRFANTA,reactiongifs,t3_al212r,t1_efabg0p,1548788928,23,False,1,0,0,0,0,0,0,0,0,0,0,0,0,0,0,1,0,0,0,0,0,0,0,0,0,0,0,0,admiration,10.981438,6.687628,1,1
This is fantastic. Great work! [NAME] looks adorable and the little finger framing action from [NAME] is an excellent touch.,edkby0a,IncandescentPlatypus,Persona5,t3_adu451,t3_adu451,1546960999,21,False,1,0,0,0,0,0,0,0,0,0,0,0,0,0,0,0,0,0,0,0,0,0,0,0,0,0,0,0,admiration,11.493699,2.9126213,1,2
Nice job continuing to ignore the fact she lost her home and her father at the peak of the 2008 housing crisis you obtuse prick,eenkzpv,enyoron,OutOfTheLoop,t3_aicy3n,t1_eenephq,1548115311,52,False,1,0,0,0,0,0,0,0,0,0,0,0,0,0,0,0,0,0,0,0,0,0,0,0,0,0,0,0,admiration,13.179656,3.27676,0,2
"We’ve done this twice, we have four awesome trees from them. Awesome organization!",eeef5jm,MarfaStewart,Austin,t3_ahev95,t1_eee1azz,1547858248,18,False,1,0,0,0,1,0,0,0,0,0,0,0,0,0,0,0,0,0,0,0,0,0,0,0,0,0,0,0,admiration,10.957647,6.4357047,1,1
"That's encouraging. I have similar amounts of ETH and some LTC that's ""pending"" withdrawal from monday. Hoping I get it soon.",eetp17y,filthyfeats,QuadrigaCX,t3_aj89uy,t3_aj89uy,1548307547,37,False,1,0,0,0,0,0,0,0,1,0,0,0,0,0,0,0,0,0,0,0,1,0,0,0,0,0,0,0,admiration,9.413915,6.3507752,1,1
This is the sweetest.,ef2iutx,perennial_succulent,oldpeoplefacebook,t3_ajzb2p,t3_ajzb2p,1548561235,20,False,1,0,0,0,0,0,0,0,0,0,0,0,0,0,0,0,0,0,0,0,0,0,0,0,0,0,0,0,admiration,11.048799,5.0780406,1,1
had to google mesosphere. good job.,eexu4l8,zap4th,TwoSentenceHorror,t3_ajg5pg,t3_ajg5pg,1548433811,35,False,1,0,0,0,0,0,0,0,0,0,0,0,0,0,0,0,0,0,0,0,0,0,0,0,0,0,0,0,admiration,10.842636,2.7686663,1,2
Only for a week? You are a great optimist!,ed2f978,Bozata1,brexit,t3_abkddj,t1_ed11253,1546414969,61,False,1,0,0,0,0,0,0,1,0,0,0,0,0,0,0,0,0,0,0,0,0,0,0,0,0,0,0,0,admiration,10.517524,6.555798,1,1
"But ""questioning"" overwhelming evidence presented with a comprehensive explanation without any sort of counterargument is perhaps better called *denying*.",edrvhko,TooFarSouth,science,t3_aejazl,t1_edrd0d6,1547179384,26,False,1,0,0,0,0,0,0,0,0,0,0,0,0,0,0,0,0,0,0,0,0,0,0,0,0,0,0,0,admiration,7.8856907,3.9288447,1,3
"downvoted to hell but i understand your experience. salute, soldier.",eeb65ah,risecrispies,Portland,t3_agorbn,t1_ee8u5di,1547766037,62,False,1,0,0,0,0,0,0,0,0,0,0,0,0,0,0,1,0,0,0,0,0,0,0,0,0,0,0,0,admiration,9.164484,2.6460838,1,0
Never heard of the artist or the song. But it sounds really great! Thank you for sharing!,edo26q9,emojisinusername-no,socialanxiety,t3_adfx5a,t1_edgt3h2,1547072544,12,False,1,0,0,0,0,0,0,0,0,0,0,0,0,0,0,1,0,0,0,0,0,0,0,0,0,0,0,0,admiration,11.237221,3.2271492,1,2
"Sounds like you got really lucky bro :). Did you ever see the guy again? If so, did he ever bully you again? ",ed54ebn,flyingboat505,ProRevenge,t3_ac4eja,t1_ed547fs,1546512835,52,False,1,0,0,0,0,0,0,0,0,0,0,0,0,0,0,0,0,0,0,0,0,0,0,0,0,0,0,0,admiration,9.838514,2.435551,1,0
This guy has the charisma and sex appeal of overcooked noodles.,edjr77o,Neoflare,onguardforthee,t3_adk89l,t3_adk89l,1546934737,30,False,1,0,0,0,0,0,0,0,0,0,0,0,0,0,0,0,0,0,0,0,0,0,0,0,0,0,0,0,admiration,10.4143505,2.8422146,1,2
"Thank-you very much, your comment is greatly appreciate.",eescm61,Krotor,bipolar,t3_aiz36i,t3_aiz36i,1548271480,61,False,1,0,0,0,0,0,0,0,0,0,0,0,0,0,0,1,0,0,0,0,0,0,0,0,0,0,0,0,admiration,10.918862,6.6821513,1,1
I can say when I was 16 I never did anything even remotely as hateful as what these kids did. It's really easy.,eejzqh8,N8CCRG,bestof,t3_ahrx5f,t1_eej141b,1548009883,10,False,1,0,0,0,0,0,0,0,0,0,0,0,0,0,0,0,0,0,0,0,0,0,0,0,0,0,0,0,admiration,8.160529,6.171846,1,3
Amazing. It looks like a penis and a vagina at the same time.,efc39ec,Kokojijo,Justfuckmyshitup,t3_al5ioo,t3_al5ioo,1548829560,61,False,1,0,0,0,0,0,0,0,0,0,0,0,0,0,0,0,0,0,0,0,0,0,0,0,0,0,0,0,admiration,11.664509,4.4443,1,1
"Despite how selfish that seems, I respect the honesty. ",ed8r7nm,PinkoBastard,2meirl4meirl,t3_a84wr6,t1_ed8jz7p,1546626934,52,False,1,0,0,0,0,0,0,0,0,0,0,0,0,0,0,0,0,0,0,0,0,0,0,0,0,0,0,0,admiration,7.973811,5.5966654,1,3
You can buy bitesize toad in the holes in Tesco. They are amazing. These look like they use hotdogs but I imagine would be almost as good.,ef3049w,cptnmb,ExpectationVsReality,t3_ak8kq8,t1_ef2w87b,1548576529,4,False,1,0,0,0,0,0,0,0,0,0,0,0,0,0,0,0,0,1,0,0,0,0,0,0,0,0,0,0,admiration,11.361312,4.7463107,1,1
"She even tweeted the Ghost Adventures crew, oh wow. ",eeqllta,aliveinjoburg2,cringepics,t3_airktw,t3_airktw,1548209653,79,False,1,0,0,0,0,0,0,0,0,0,0,0,0,0,0,0,0,0,0,0,0,0,0,0,0,0,0,0,admiration,12.767438,3.4783862,0,2
"Currently [NAME], I just finished watching season 1 and I really like her. Bendelacreme is my all time favorite tho",ef7hr99,FlickeringFever,LGBTeens,t3_akrd8b,t3_akrd8b,1548712349,24,False,1,0,0,0,0,0,0,0,0,0,0,0,0,0,0,0,0,0,0,0,0,0,0,0,0,0,0,0,admiration,12.801439,3.5417607,0,2
"Fantastic pub, went there last year as part of the liquid history pub tours. ",ee2rswy,carthorse1977,london,t3_afydy5,t3_afydy5,1547503100,23,False,1,0,0,0,0,0,0,0,0,0,0,0,0,0,0,0,0,0,0,0,0,0,0,0,0,0,0,0,admiration,11.122471,5.238125,1,1
I love converts. They willingly throw away their freedom for a prison cell. So cute,ef68pka,HeyVeeenus,exmuslim,t3_akku53,t3_akku53,1548683782,52,False,1,0,0,0,0,0,0,0,0,0,0,0,0,0,0,0,0,1,0,0,0,0,0,0,0,0,0,0,admiration,10.598989,6.8475404,1,1
"my fiancé enjoys all the aspie things I do and thinks they're cute. I don't understand why, but I appreciate it nonetheless.",edbyaoe,sinhalite,aspergers,t3_acqk9r,t3_acqk9r,1546725610,74,False,1,0,0,0,0,0,0,0,0,0,0,0,0,0,0,0,0,0,0,0,0,0,0,0,0,0,0,0,admiration,7.5191116,5.596697,1,3
You used the correct term. Good job.,edkvd3h,Zeeth,TheWalkingDeadGame,t3_adjn9s,t1_edkrmsq,1546975030,4,False,1,0,0,0,1,0,0,0,0,0,0,0,0,0,0,0,0,0,0,0,0,0,0,0,0,0,0,0,admiration,10.638613,4.786648,1,1
"Great post, thanks for coming here and sharing.",ef195t1,survinfid,survivinginfidelity,t3_ak0rm1,t3_ak0rm1,1548529520,52,False,1,0,0,0,0,0,0,0,0,0,0,0,0,0,0,1,0,0,0,0,0,0,0,0,0,0,0,0,admiration,11.087147,6.383181,1,1
that's so wholesome 💜,efcyygb,cliverlew,entitledparents,t3_alccdr,t1_efcrbj6,1548858903,37,False,1,0,0,0,0,0,0,0,0,0,0,0,0,0,0,0,0,0,0,0,0,0,0,0,0,0,0,0,admiration,10.929928,5.185622,1,1
Mate she looks like a feckin quality street,eem9sm6,billsladdy,awfuleverything,t3_aia2bb,t3_aia2bb,1548081534,46,False,1,0,0,0,0,0,0,0,0,0,0,0,0,0,0,0,0,0,0,0,0,0,0,0,0,0,0,0,admiration,12.26104,4.228898,-1,2
Some pretty dark shit man,eddq0cj,Kilbofragginz,Documentaries,t3_ad2ur0,t1_eddoz4x,1546780749,33,False,1,0,0,0,0,0,0,0,0,0,0,0,0,0,0,0,0,0,0,0,0,0,0,0,0,0,0,0,admiration,10.350484,2.7447734,1,2
Wow that's some great facts and logic you're arguing with.,edrophq,TR4G1CK,Anarcho_Capitalism,t3_adpklf,t1_edrocji,1547174115,37,False,1,0,0,0,0,0,0,0,0,0,0,0,0,0,0,0,0,0,0,0,0,0,0,0,0,0,1,0,admiration,8.345469,4.3090816,1,3
"wow this seems like a huge ᴡᴀsᴛᴇ ᴏ- ᴡᴀɪᴛ ᴀ ᴍɪɴᴜᴛᴇ. ɴᴏ, ᴛʜɪs ɪs ɢᴏᴏᴅ",ef78dhw,gunmetaruYUru,self,t3_aki17j,t3_aki17j,1548706736,55,False,1,0,0,0,0,0,0,0,0,0,0,0,0,0,0,0,0,0,0,0,0,0,0,0,0,0,1,0,admiration,10.192074,4.981571,1,1
The nails are great,eeyp552,ChoochiCastro,90DayFiance,t3_ajtu8n,t1_eeyozyj,1548451943,49,False,1,0,0,0,0,0,0,0,0,0,0,0,0,0,0,0,0,0,0,0,0,0,0,0,0,0,0,0,admiration,11.870783,5.4669785,1,1
"Love [NAME], he reminds me of the little receiver from NE Edlemen (I think misspelled) .",eers38q,trebla193,GreenBayPackers,t3_aj0myx,t3_aj0myx,1548257603,15,False,1,0,0,0,0,0,0,0,0,0,0,0,0,0,0,0,0,0,1,0,0,0,1,0,0,0,0,0,admiration,10.983951,1.8376967,1,2
This is an awesome idea. I'm in with my coins when this is ready to roll.,efh1vu7,SAFulop,ethtrader,t3_alt6kg,t3_alt6kg,1548970216,76,False,1,0,0,0,0,0,0,0,0,0,0,0,0,0,0,0,0,0,0,0,0,0,0,0,0,0,0,0,admiration,10.963837,4.4650564,1,1
"I learned a lot from helping my dad work on his car, namely how to stand very still and quiet while someone loses their shit over something.",ee0wkw2,LucienDark,holdmybeer,t3_afl8oj,t1_ee0pu0u,1547435670,8,False,1,0,0,0,0,0,0,0,0,0,0,0,0,0,0,0,0,0,0,0,0,1,0,0,0,0,0,0,admiration,8.413866,6.6131654,1,3
This is amazing. Thank you for posting the link.,ee9wn1i,notquiteotaku,TrollXChromosomes,t3_ags69m,t1_ee93p00,1547736391,37,False,1,0,0,0,0,0,0,0,0,0,0,0,0,0,0,1,0,0,0,0,0,0,0,0,0,0,0,0,admiration,11.736195,5.522453,1,1
Considering most people voted for their candidate purely out of hate for the other candidate does that even matter?,eexh2dw,Ttgxyolo,Documentaries,t3_ajiiyc,t1_eevyc8e,1548426576,31,False,1,0,0,0,0,0,0,1,0,0,0,0,0,0,0,1,0,0,0,0,1,1,0,0,1,0,0,0,admiration,6.6143107,3.007895,1,0
good to hear my man!,ee2jtxt,[deleted],exmuslim,t3_afyvxz,t1_ee2jffw,1547497783,39,False,1,0,0,0,0,0,0,0,0,0,0,0,0,0,0,0,0,0,0,0,0,0,0,0,0,0,0,0,admiration,10.717178,5.7783737,1,1
Nice ;),edmcgxk,crocssocksandfox,teenagers,t3_ae4ksu,t3_ae4ksu,1547020347,36,False,1,0,0,0,0,0,0,0,0,0,0,0,0,0,0,0,0,0,0,0,0,0,0,0,0,0,0,0,admiration,10.799334,5.8930793,1,1
Fantastic news for supply - hopefully it translates to less pressure on rents. This market desperately needs more supply and this is great news.,eea2brh,earnestash,vancouver,t3_agz07g,t3_agz07g,1547740477,49,False,1,0,0,0,0,0,0,0,0,0,0,0,0,0,0,0,0,0,0,0,1,0,0,0,0,0,0,0,admiration,10.462734,6.1311574,1,1
Worth reading if you worry about,eegp034,liberlibre,SelfAwarewolves,t3_ahkpz9,t3_ahkpz9,1547926378,4,False,1,0,0,0,0,0,0,0,0,0,0,0,0,0,0,0,0,0,0,0,0,0,0,0,0,0,0,0,admiration,9.679066,5.8573923,1,1
in what universe? lol the mr. blue sky cover is one of the best on the album imo.,eewl3mr,pinkmw2,weezer,t3_ajgajp,t1_eevvwuj,1548394539,37,False,1,1,0,0,0,0,0,1,0,0,0,0,0,0,0,0,0,0,0,0,0,0,0,0,0,0,0,0,admiration,10.919869,3.3596714,1,2
"As a PPD mommy myself, you're my [NAME]! Thanks for this... Thank you for reminding me how amazing us mommies truly are!!",eeo6u7z,MeDiC_NaT,entitledparents,t3_aifyhr,t3_aifyhr,1548132858,76,False,1,0,0,0,0,0,0,0,0,0,0,0,0,0,0,1,0,0,0,0,0,0,0,0,0,0,0,0,admiration,10.771992,6.996481,1,1
Nice. I'll look around for it. Thanks!,edn6f3e,Feline_Father,Christianity,t3_ae7rln,t1_edn67eu,1547051591,23,False,1,0,0,0,0,0,0,0,0,0,0,0,0,0,0,1,0,0,0,0,0,0,0,0,0,0,0,0,admiration,11.173588,6.1815944,1,1
"My fav frank songs are white Ferrari, super rich kids and bad religion, I know those are popular songs I just wanna get deeper into his music ",edneit3,Big-man-kage,FrankOcean,t3_ae7tv7,t1_edn5ekc,1547057000,67,False,1,0,0,0,0,0,0,0,0,0,0,0,0,0,0,0,0,0,0,0,0,0,0,0,0,0,0,0,admiration,11.121723,3.1397314,1,2
Long arm is an amazing ganking tool (one of the best) with many possible one-shot ganks.,ed9zmn3,Kaiayos,CompetitiveForHonor,t3_ackvgt,t1_ed91l2p,1546661513,49,False,1,0,0,0,0,0,0,0,0,0,0,0,0,0,0,0,0,0,0,0,0,0,0,0,0,0,0,0,admiration,11.943668,5.4295588,1,1
I imagined this whole scene in my head with you played by a young [NAME]. Brilliant.,eejbrh8,LukeTheApostate,exchristian,t3_ahwsws,t3_ahwsws,1547996759,2,False,1,0,0,0,0,0,0,0,0,0,0,0,0,1,0,0,0,0,0,0,0,0,0,0,0,0,0,0,admiration,11.024943,3.3590097,1,2
It’s perfect. You’re perfect. Never change.,edj70fv,yungbdavis94,BravoRealHousewives,t3_ado9cy,t1_edj68u1,1546916317,27,False,1,0,0,0,0,0,0,0,0,0,0,0,0,0,0,0,0,0,0,0,0,0,0,0,0,0,0,0,admiration,10.305265,6.6216755,1,1
you are fucking amazing. stay strong 💓,ef1wcez,rebecca91099,mentalhealth,t3_ak5mlr,t3_ak5mlr,1548544689,70,False,1,0,0,0,0,0,0,0,0,0,0,0,0,0,0,0,0,0,0,0,0,0,0,0,0,0,0,0,admiration,10.732368,6.12888,1,1
"Hahaha! Omg, that’s so funny. Thanks for taking one for the team. I heard it was bad but not that bad. ",efbvwfq,[deleted],vanderpumprules,t3_al3wj3,t1_efbviau,1548823151,20,False,1,1,0,0,0,0,0,0,0,0,0,0,0,0,0,0,0,0,0,0,0,0,0,0,0,1,0,0,admiration,8.801401,1.4399916,1,0
Great sign! We’ll get them next year!!,eeahjaj,vxSealClubberxv,GreenBayPackers,t3_agx2k5,t3_agx2k5,1547750113,70,False,1,0,0,0,0,0,0,0,0,0,0,0,0,0,0,0,0,0,0,0,0,0,0,0,0,0,0,0,admiration,10.490931,6.0023675,1,1
[NAME] gives me the weirdest boner. I love these guys,edwlgq2,nemo1080,awfuleverything,t3_af9f24,t3_af9f24,1547314184,5,False,1,0,0,0,0,0,0,0,0,0,0,0,0,0,0,0,0,1,0,0,0,0,0,0,0,0,0,0,admiration,10.736877,2.1317487,1,2
I'm mostly impressed that you can get to work from West Seattle in 20 minutes by car.,eeuui3g,Highside79,SeattleWA,t3_ajcutx,t1_eeus21c,1548350133,41,False,1,0,0,0,1,0,0,0,0,0,0,0,0,0,0,0,0,0,0,0,0,0,0,0,0,0,0,0,admiration,10.123376,6.475984,1,1
But it taste and look so good 💦👌,edz9es0,MLGDUMPLINGS,LGBTeens,t3_afjc2w,t1_edz9bph,1547393950,37,False,1,0,0,0,0,0,0,0,0,0,0,0,0,0,0,0,0,0,0,0,0,0,0,0,0,0,0,0,admiration,10.331028,4.6252604,1,1
old school from back when we won the cup,edni63g,blorgenheim,goldenknights,t3_ae4ovv,t1_ednhrr0,1547059336,57,False,1,0,0,0,0,0,0,0,0,0,0,0,0,0,0,0,0,1,0,0,0,0,0,0,0,0,0,0,admiration,9.8898945,2.8620725,1,0
Wow. All that up and down cycling. These people must feel 80 by the time they're 30.,edlhqh7,Spirited_Copy,BPDlovedones,t3_ae0dnq,t1_edlgofc,1546991234,33,False,1,0,0,0,0,0,0,0,0,0,0,0,0,0,0,0,0,0,0,0,0,0,0,0,0,0,0,0,admiration,8.993338,5.2432556,1,3
They're awesome live too. Non-stop jamming. Seen them a bunch of times live.,edl3gfh,cbadger1121,barstoolsports,t3_adt68a,t1_edl3655,1546980765,52,False,1,0,0,0,0,0,0,0,0,0,0,0,0,0,0,0,0,0,0,0,0,0,0,0,0,0,0,0,admiration,11.633162,4.330216,1,2
I feel like Tankathon was made for or by magic fans. Such an amazing website lol,edmypep,Your_Golden_God,OrlandoMagic,t3_ae6ftv,t1_edmnyih,1547046136,70,False,1,1,0,0,0,0,0,0,0,0,0,0,0,0,0,0,0,0,0,0,0,0,0,0,0,0,0,0,admiration,11.151915,4.0654187,1,2
Is this worth watching? It comes off like its glorifying the guy and kinda puffy.,eeywjul,inadequate_thought,NetflixBestOf,t3_ajo95b,t3_ajo95b,1548456605,62,False,1,1,0,0,0,0,0,0,0,0,0,0,0,0,0,0,0,0,0,0,0,0,0,0,0,0,0,0,admiration,10.973227,3.4278138,1,2
Nothing more attractive than someone who's compatible with me and has a great personality.,eewelsj,wobblebase,AskWomen,t3_ajeiso,t3_ajeiso,1548388544,61,False,1,0,0,0,0,0,0,0,0,0,0,0,0,0,0,0,0,0,0,0,0,0,0,0,0,0,0,0,admiration,7.393102,5.3278694,1,3
Nice try Gillette,ee3n98j,imuinanotheruniverse,MensRights,t3_ag12uy,t1_ee3bpwg,1547528465,37,False,1,0,0,0,0,0,0,0,0,0,0,0,0,0,0,0,0,0,0,0,0,0,0,0,0,0,0,0,admiration,10.81553,5.675287,1,1
Awesome. Thanks!,eeezvpp,mrjmbetes,INTP,t3_adqkd1,t1_edkcq79,1547874829,52,False,1,0,0,0,0,0,0,0,0,0,0,0,0,0,0,1,0,0,0,0,0,0,0,0,0,0,0,0,admiration,11.286482,6.1806483,1,1
You know what happens when we make assumptions!!! Good point. Thank you.,edq5fr6,smarttailed,datingoverthirty,t3_aefqrn,t1_edplh7a,1547141573,37,False,1,0,0,0,1,0,0,0,0,0,0,0,0,0,0,1,0,0,0,0,0,0,0,0,0,0,0,0,admiration,8.014113,4.3441,1,3
"It's bad enough to break into a house, but snooping and stealing from a friend?! r/trashy r/iamatotalpieceofshit Hope you have better luck with friends in the future!",ed5s9gd,BlueBobbleHat123,ProRevenge,t3_ac6q7o,t3_ac6q7o,1546534921,72,False,1,0,0,0,0,0,0,1,0,0,0,0,0,0,0,0,0,0,0,0,0,0,0,0,0,0,0,0,admiration,9.503309,5.7831903,1,1
That's the spirit! Mah diggah... ⛏️💎❤️,ee22zun,Lemon_Squid,adultery,t3_afr40x,t1_ee1wscn,1547485840,19,False,1,0,0,0,0,0,0,0,0,0,0,0,0,0,0,0,0,0,0,0,0,1,0,0,0,0,0,0,admiration,10.43061,4.823118,1,1
The one with the hot honey is also fantastic. Touch of heat and just a hint of sweet. Good food.,edt1iwl,brodies,washingtondc,t3_aejtv8,t1_edrrdbf,1547215741,46,False,1,0,0,0,0,0,0,0,0,0,0,0,0,0,0,0,0,0,0,0,0,0,0,0,0,0,0,0,admiration,11.315942,4.7520213,1,1
"Aww, what a cute pair",eetyocf,PrestigiousHeron,AnimalsBeingBros,t3_aj1bpx,t3_aj1bpx,1548319392,4,False,1,0,0,0,0,0,0,0,0,0,0,0,0,0,0,0,0,0,0,0,0,0,0,0,0,0,0,0,admiration,11.761346,3.905466,1,2
"55 here. Of course, I could never catch me one of those wonderful incels.",efbadjz,AfterPaleontologist5,IncelTears,t3_al00zp,t1_efb9bm2,1548808449,35,False,1,0,0,0,1,0,0,0,0,0,0,0,0,0,0,0,0,0,0,0,0,0,0,0,0,0,0,0,admiration,9.552898,3.7376406,1,3
This is really well put. I saved it.,edc36re,CricketNiche,GenderCritical,t3_acwtl5,t1_edbwh2d,1546728896,15,False,1,0,0,0,0,0,0,0,0,0,0,0,0,0,0,0,0,0,0,0,0,0,0,0,0,0,0,0,admiration,9.370958,5.902929,1,1
It's gorgeous,eeeg49i,christianawes,juul,t3_ahfuk4,t1_eeecgbr,1547859000,5,False,1,0,0,0,0,0,0,0,0,0,0,0,0,0,0,0,0,0,0,0,0,0,0,0,0,0,0,0,admiration,11.880131,4.9085674,1,1
"Clever, original, and a little knotty. Nice work.",edlub3n,AskJeevesAnything,Jokes,t3_ae1315,t1_edlonqk,1547001407,37,False,1,0,0,0,0,0,0,0,0,0,0,0,0,0,0,0,0,0,0,0,0,0,0,0,0,0,0,0,admiration,11.08465,4.7895284,1,1
"Nobel prize, u/Otomyre, Nobel prize! I’ll see you in Sweden!",ed1z5be,krazykrash96,raimimemes,t3_abkxwq,t3_abkxwq,1546397135,49,False,1,0,0,0,0,0,0,0,0,0,0,0,0,0,0,0,0,0,0,0,0,0,0,0,0,0,0,0,admiration,11.283688,6.828319,1,1
Gnostic atheist here. This is a great summary!,eepuumw,SamK7265,DebateAnAtheist,t3_aiobv7,t1_eep75z8,1548190221,61,False,1,0,0,0,0,0,0,0,0,0,0,0,0,0,0,0,0,0,0,0,0,0,0,0,0,0,0,0,admiration,10.936246,4.766027,1,1
[NAME] was our only playmaker the past few years.,ed1nk9w,THEW0NDERW0MBAT,steelers,t3_abm8e0,t3_abm8e0,1546387130,18,False,1,0,0,0,0,0,0,0,0,0,0,0,0,0,0,0,0,0,0,0,0,0,0,0,0,0,0,0,admiration,10.273313,1.2202406,1,2
She better!!! .....nobody else will,ee3vgdl,Youredoingitwrongbro,drunk,t3_ag64vz,t1_ee3vfyb,1547538623,16,False,1,0,0,0,0,0,0,0,0,0,0,0,0,1,0,0,0,0,0,0,0,0,0,0,0,0,0,0,admiration,13.089914,3.5641613,0,2
"It was great, and it still is.",ed1bhe9,Backflip_into_a_star,2meirl4meirl,t3_abiupd,t1_ed17qmb,1546377419,16,False,1,0,0,0,0,0,0,0,0,0,0,0,0,0,0,0,0,0,0,0,0,0,0,0,0,0,0,0,admiration,11.606894,5.2143836,1,1
He's not my type but [NAME] is handsome AF. /s,eeukd29,broadfuckingcity,loveafterlockup,t3_ajbhr8,t3_ajbhr8,1548343504,5,False,1,0,0,0,0,0,0,0,0,0,0,0,0,0,0,0,0,0,0,0,0,0,0,0,0,0,0,0,admiration,10.647269,1.9464618,1,2
haha! She is so creepy at times. What a great actress.,ee55qb6,very_good_business1,PandR,t3_ag8mn7,t3_ag8mn7,1547582095,15,False,1,0,0,0,0,0,0,0,0,0,0,0,0,0,0,0,0,0,0,0,0,0,0,0,0,0,0,0,admiration,12.726379,3.5229445,0,2
I'll always be here to accept you. :),eepnu3o,ChiefWamsutta,lgbt,t3_aiqdtr,t3_aiqdtr,1548185402,40,False,1,0,0,0,0,0,0,0,0,0,0,0,0,0,0,0,0,0,0,0,0,0,0,0,0,0,0,0,admiration,10.172924,6.95812,1,1
I’m happy I can help.,eejd9hu,strwrs12,atheism,t3_ahu3mu,t1_eei6tn0,1547997664,37,False,0,0,0,0,1,0,0,0,0,0,0,0,0,0,0,0,0,1,0,0,0,0,0,0,0,0,0,0,approval,10.701898,6.818571,1,1
You can pull yourself out of it. Fight those urges.,edzklmh,MitchKramer1989,depression,t3_afg559,t1_edzki9d,1547401380,36,False,0,0,0,0,1,0,0,0,0,0,0,0,0,0,0,0,0,0,0,0,0,0,0,0,0,0,0,0,approval,8.475095,5.5289254,1,3
"Starting super simple helps; compliment strangers! Nothing else - smile, compliment and keep walking your merry way. Hell of a confidence booster too ",eczpr3k,VitaminAyee,seduction,t3_abdx9v,t3_abdx9v,1546314869,41,False,0,0,0,0,1,0,0,0,0,0,0,0,0,0,0,0,0,0,0,0,0,0,0,0,0,0,0,0,approval,10.58614,6.8253117,1,1
"So obvious you got downvoted 40 times, ok!",eepgd5q,Bigbackjay,ChoosingBeggars,t3_aiebdj,t1_eepg5p4,1548180239,15,False,0,0,0,0,1,0,0,0,0,0,0,0,0,0,0,0,0,0,0,0,0,0,0,0,0,0,0,0,approval,6.6716313,2.7019997,1,0
AOC has tons of corporate Dollars backing her recent wins. I cant believe anyone would see her as presidential material.,eczzlwa,Grace8543,WayOfTheBern,t3_ab8aot,t1_ecyxutc,1546326562,50,False,0,0,0,0,1,0,0,0,0,0,0,0,0,0,0,0,0,0,0,0,0,0,0,0,0,0,0,0,approval,13.041305,3.405674,0,2
actually pretty hot tho,edhovet,Bobertorino,WhyWereTheyFilming,t3_adei6f,t3_adei6f,1546884577,4,False,0,0,0,0,1,0,0,0,0,0,0,0,0,0,0,0,0,0,0,0,0,0,0,0,0,0,0,0,approval,11.656375,4.640898,1,1
They're only part of it. There are subliminals as well. My sa is cured. Have a blast keeping yours if that's what you want,ed09n9p,jackalhead,socialanxiety,t3_abgkk2,t1_ed03bfv,1546340396,51,False,0,0,0,0,1,0,0,0,0,0,0,0,0,0,0,0,0,0,0,0,0,0,0,0,0,0,0,0,approval,9.282816,3.3033392,1,0
literally exactly my thoughts on this!!! also happy cake day!!,edls42d,alice-ish,BeautyGuruChatter,t3_ae0pgj,t1_edlqivd,1546999740,4,False,0,0,0,0,1,0,0,0,0,0,0,0,0,0,0,0,0,1,0,0,0,0,0,0,0,0,0,0,approval,10.59077,5.922608,1,1
I’d like to add that it’s British slang. We also use ‘kiddy fiddler’.,edmw1w2,Gopnikolai,rant,t3_ae36jf,t1_edmuvpm,1547044377,19,False,0,0,0,0,1,0,0,0,0,0,0,0,0,0,0,0,0,0,0,0,0,0,0,0,0,0,0,0,approval,8.810826,3.855018,1,3
right. which is why he got suspended. because nothing happened. makes sense.,eey7b6u,Kendallsan,minnesotavikings,t3_ajr00j,t1_eey5zfj,1548441069,5,False,0,0,0,0,1,0,0,0,0,0,0,0,0,0,0,0,0,0,0,0,0,0,0,0,0,0,0,0,approval,9.791881,1.0918368,1,0
[NAME] will be the 2nd best player in Juve team now.,ed5ljb9,clarence_gomes,Gunners,t3_ac6qjx,t1_ed5ld9w,1546529756,50,False,0,0,0,0,1,0,0,0,0,0,0,0,0,0,0,0,0,0,0,0,0,0,0,0,0,0,0,0,approval,10.493017,1.3116279,1,2
"I agree with that, that's really the only reason I play pk too. Probably the reason my win rate for her is 40%",eedoqbr,Sprinkler_Head,CompetitiveForHonor,t3_ah36py,t1_eedl6jv,1547840789,15,False,0,0,0,0,1,0,0,0,0,0,0,0,0,0,0,0,0,0,0,0,0,0,0,0,0,0,0,0,approval,13.157828,3.613208,0,2
I definitely wouldn’t do a role change at the tournament but definitely when they get home. I should’ve clarified that sry.,eeaqhve,inBound_NoXX,CoDCompetitive,t3_ah1r7y,t1_eeapqlq,1547755788,23,False,0,0,0,0,1,0,0,0,0,0,0,0,0,0,0,0,0,0,0,0,0,0,0,0,1,0,0,0,approval,8.759326,1.1890638,1,0
"Gotcha. Given how contentious even the top-tiers are, I wanted to play it safe.",ee4cbii,JoseElEntrenador,SSBM,t3_afs5jh,t1_ee468k9,1547561629,12,False,0,0,0,0,1,0,0,0,0,0,0,0,0,0,0,0,0,0,0,0,0,0,0,0,0,0,0,0,approval,8.589449,1.4972382,1,0
I feel for you (at a title 1 middle school in lausd) I had a tough day today and reading this made me feel a little better ✊🏼,eet4vqv,potsticker0011,Teachers,t3_aj1gr6,t3_aj1gr6,1548291312,37,False,0,0,0,0,1,0,0,0,0,0,0,0,0,0,0,0,0,0,0,0,0,0,1,0,0,0,0,0,approval,9.138265,5.435571,1,3
"> I'm going to retire over a decade early How long before I see articles about ""healthcare has failed me?""",edz277v,CongenialVirus,KotakuInAction,t3_afaiyh,t1_edxdzvc,1547387411,35,False,0,0,0,0,1,0,0,0,0,0,0,0,0,0,0,0,0,0,0,0,0,0,0,0,0,0,0,0,approval,9.340385,6.274434,1,1
"Timestamp it for me then, apparently I didn't listen when Mom said that would make me go blind. ",eeil874,sickofaltspin,moderatepolitics,t3_ahtdjk,t1_eeid2pz,1547975656,50,False,0,0,0,0,1,0,0,0,0,0,0,0,0,0,0,0,0,0,0,0,0,0,0,0,0,0,0,0,approval,9.415004,3.4995656,1,0
"I agree, this subs being a little overly toxic about it",edhv2hq,Timelord--win,minnesotavikings,t3_adc3g3,t1_edh21vp,1546887831,20,False,0,0,0,0,1,0,0,0,0,0,0,0,0,0,0,0,0,0,0,0,0,0,0,0,0,0,0,0,approval,9.519065,3.6108358,1,0
Counteracting my cold soul takes sacrifice,efefr7x,jhilden13,gay_irl,t3_alcc98,t1_efdmx6n,1548892146,3,False,0,0,0,0,1,0,0,0,0,0,0,0,0,0,0,0,0,0,0,0,0,0,0,0,0,0,0,0,approval,8.422026,5.113592,1,3
"I like this title, fun to picture a violent lake stealing dogs! :)",edkws8k,TraumaticTuna,nonononoyes,t3_aduwb8,t3_aduwb8,1546976056,62,False,0,0,0,0,1,0,0,0,0,0,0,0,0,0,0,0,0,0,0,0,0,0,0,0,0,0,0,0,approval,11.080762,4.4298515,1,1
"I feel the same way! It just doesn’t get better for some of us, I’m sick of hearing that it gets better.",ef4jxwk,AnotherTrowaway12,SuicideWatch,t3_akg90n,t3_akg90n,1548625723,73,False,0,0,0,0,1,0,0,0,1,0,0,0,0,0,0,0,0,0,0,0,0,0,0,0,0,0,0,0,approval,8.880873,5.0040855,1,3
Reports of a small fire or a transformer that blew. Nothing that I’ve seen has confirmed either though.,ee90jpy,bwlo222,chicago,t3_agsskj,t3_agsskj,1547697904,23,False,0,0,0,0,1,0,0,0,0,0,0,0,0,0,0,0,0,0,0,0,0,0,0,0,0,0,0,0,approval,9.674572,4.154661,1,3
"This is the kind of relationship i want to have,a warm soothing one.... ",edzn5rp,InfinityDragon777,Marriage,t3_aflj8j,t3_aflj8j,1547402999,42,False,0,0,0,0,1,0,0,0,1,0,0,0,0,0,0,0,0,0,0,0,0,0,0,0,0,0,0,0,approval,7.5780253,5.645693,1,3
"Love the Ana's that peek snipe and get wrecked by [NAME], [NAME] or [NAME]. Good times.",eeuxtnz,JoeDeluxe,OverwatchUniversity,t3_ajdfkv,t1_eeuw0rz,1548352223,62,False,0,0,0,0,1,0,0,0,0,0,0,0,0,0,0,0,0,0,1,0,0,0,0,0,0,0,0,0,approval,11.582494,2.14496,1,2
Both are on the right though.,ee777bm,SlowJay11,ENLIGHTENEDCENTRISM,t3_agm9nh,t3_agm9nh,1547653794,20,False,0,0,0,0,1,0,0,0,0,0,0,0,0,0,0,0,0,0,0,0,0,0,0,0,0,0,0,0,approval,7.830003,3.826162,1,3
Right. You can fix ignorant. You can’t fix stupid.,ede45ty,ButILikeFire,exchristian,t3_ad5jws,t1_ede40ot,1546791586,42,False,0,0,0,0,1,0,0,0,0,0,0,0,0,0,0,0,0,0,0,0,0,0,0,0,0,0,0,0,approval,7.929055,3.8792398,1,3
True i hate going to parties or concerts but love going to a bar or a houseparty.,ee4j6k1,Verypneumatic,aspergers,t3_afxs47,t1_ee2rfjf,1547566984,4,False,0,0,0,0,1,0,0,0,0,0,0,0,0,0,0,0,0,1,0,0,0,0,0,0,0,0,0,0,approval,9.177021,3.7290165,1,3
I did that a lot as well. I always loved going with her.,eessgkg,InternetIntroverts,WhitePeopleTwitter,t3_aj2q36,t1_eesptw3,1548282128,4,False,0,0,0,0,1,0,0,0,0,0,0,0,0,0,0,0,0,1,0,0,0,0,0,0,0,0,0,0,approval,12.938132,3.8952994,0,2
"Meanwhile, in r/nba *Typical [NAME] publicity stunt with a grandmother, the perfect deflection smh* Probably.",eduuk2l,WHO_AHHH_YA,timberwolves,t3_af1xho,t3_af1xho,1547255378,15,False,0,0,0,0,1,0,0,0,0,0,0,0,0,0,0,0,0,0,0,0,0,0,0,0,0,0,0,0,approval,11.141743,2.7275882,1,2
"Well, actually it is a joke on how mansplainers often start their mansplaining with: ""well, actually"".",ee5hse3,Fedorito_,TrollXChromosomes,t3_ag1c88,t1_ee3kqn1,1547590505,61,False,0,0,0,0,1,0,0,0,0,0,0,0,0,0,0,0,0,0,0,0,0,0,0,0,0,0,0,0,approval,8.673241,3.2583404,1,0
aaand it's time for the refs to take over the game again,edoln2q,but_then_i_got_highh,MkeBucks,t3_aed3um,t3_aed3um,1547088192,66,False,0,0,0,0,1,0,0,0,0,0,0,0,0,0,0,0,0,0,0,0,0,0,0,0,0,0,0,0,approval,8.814926,1.3254868,1,0
"That doesn't mean they're impossible. Minnesota's 7th district is 64% rural, R+12, and represented by [NAME], a [NAME].",ef97f6m,omnipotentsandwich,VoteBlue,t3_aknfcw,t1_ef7ilb6,1548764912,70,False,0,0,0,0,1,0,0,0,0,0,0,0,0,0,0,0,0,0,0,0,0,0,0,0,0,0,0,0,approval,6.6607943,2.4884753,1,0
Agreed. Was just pointing out the rules to OP.,edtfjff,sg514,NewYorkMets,t3_aew4my,t1_edtcysr,1547224112,15,False,0,0,0,0,1,0,0,0,0,0,0,0,0,0,0,0,0,0,0,0,0,0,0,0,0,0,0,0,approval,7.5108633,3.7517607,1,3
Looked like [NAME] for some reason,efbhm33,sirnacreations,FlashTV,t3_al75yk,t1_efbhkns,1548813045,61,False,0,0,0,0,1,0,0,0,0,0,0,0,0,0,0,0,0,0,0,0,0,0,0,0,0,0,0,0,approval,11.003029,2.1654522,1,2
I think this is my favourite story of the year so far.,eeosooe,Jerry_Hat-Trick,MaliciousCompliance,t3_aij4hh,t3_aij4hh,1548162812,4,False,0,0,0,0,1,0,0,0,0,0,0,0,0,0,0,0,0,1,0,0,0,0,0,0,0,0,0,0,approval,11.285325,5.256811,1,1
"Wow, this is bizarre. Well, I agree too. A wealth tax is exactly what we need.",edar0t7,SteamPoweredShoelace,WayOfTheBern,t3_ackro6,t1_edam2sw,1546695770,55,False,0,0,0,0,1,0,0,0,0,0,0,0,0,0,0,0,0,0,0,0,0,0,0,0,0,0,1,0,approval,7.0554185,2.1137207,1,0
Is that seriously the story? I haven’t googled it. I just thought it was cool as a WW2 buff,eduzvf5,_no_pants,BattlefieldV,t3_aezo1s,t3_aezo1s,1547259385,28,False,0,0,0,0,1,0,0,1,0,0,0,0,0,0,0,0,0,0,0,0,0,0,0,0,0,0,0,0,approval,10.044396,3.240876,1,2
Look I'm not saying I don't understand your sentiment but we really ought to save this one for people openly advocating for genocide.,ef56vpe,TheJollyLlama875,ATBGE,t3_akd6kk,t1_ef50co7,1548643043,61,False,0,0,0,0,1,0,0,0,0,0,0,0,0,0,0,0,0,0,0,0,0,0,0,0,0,0,0,0,approval,7.14519,3.5596478,1,3
I'll keep an eye out.,ee1r59a,changachanga2,ontario,t3_aezy1e,t3_aezy1e,1547476367,73,False,0,0,0,0,1,0,0,0,0,0,0,0,0,0,0,0,0,0,0,0,0,0,0,0,0,0,0,0,approval,11.106991,5.7109857,1,1
"will watch the films, thanks for the recommendation ",eeok1ct,wavedoutwillie,China,t3_aij6vc,t3_aij6vc,1548151095,4,False,0,0,0,0,1,0,0,0,0,0,0,0,0,0,0,0,0,0,0,0,0,0,0,0,0,0,0,0,approval,11.720963,4.053229,1,2
I guess we're just gonna have to agree to disagree.,eefb57e,eire1979au,melbourne,t3_agwxop,t1_eebmrov,1547886999,40,False,0,0,0,0,1,0,0,0,0,0,0,0,0,0,0,0,0,0,0,0,0,0,0,0,0,0,0,0,approval,7.17193,3.4046676,1,0
lol deiaa. I went to school with the guy.,eedwsi3,bwxsf,49ers,t3_ah6oom,t1_eebvn9l,1547845498,4,False,0,0,0,0,1,0,0,0,0,0,0,0,0,0,0,0,0,0,0,0,0,0,0,0,0,0,0,0,approval,9.907084,2.6538088,1,0
"Thanks for the advice, i appreciate it.",edk172r,LateTeenAnubis,confession,t3_adorra,t1_edj2dba,1546950626,62,False,0,0,0,0,1,0,0,0,0,0,0,0,0,0,0,1,0,0,0,0,0,0,0,0,0,0,0,0,approval,9.887508,6.8569255,1,1
Totally zero bias at all as we know feminist scholars aren't bias and always correct no matter what.,eduz41p,FineLow,OkCupid,t3_aezm3q,t1_edubvpd,1547258784,28,False,0,0,0,0,1,0,0,0,0,0,0,0,0,0,0,0,0,0,0,0,0,0,0,0,0,0,0,0,approval,7.246141,4.9548388,1,3
Was literally just on rags subreddit. Even they knew our first shot would be a goal.,edroyto,psyfi9,NewYorkIslanders,t3_aeopto,t3_aeopto,1547174309,56,False,0,0,0,0,1,0,0,0,0,0,0,0,0,0,0,0,0,0,0,0,0,0,0,0,0,0,0,0,approval,9.340215,3.0674882,1,0
"Thank you, I know you’re right, I’m just overthinking for sure ",ed1504w,SurpriseDragon,socialanxiety,t3_abkd9f,t1_ed14u9z,1546372995,76,False,0,0,0,0,1,0,0,0,0,0,0,0,0,0,0,1,0,0,0,0,0,0,0,0,0,0,0,0,approval,7.984263,4.512843,1,3
You're right! What a nightmare.,ee1tfnc,[deleted],vanderpumprules,t3_afif81,t1_ee1rtq1,1547478403,5,False,0,0,0,0,1,0,0,0,0,0,0,0,0,0,0,0,0,0,0,0,0,0,0,0,0,0,0,0,approval,8.96364,4.68206,1,3
"You should be much, much more worried about a rise in fascism than pedophilia. Thinking that pedophilia will be normal is just plain paranoid.",eczq1hv,No_One_On_Earth,rant,t3_abbx8g,t1_eczp1u7,1546315182,17,False,0,0,0,0,1,0,0,0,0,0,0,0,0,0,0,0,0,0,0,0,0,0,0,0,0,0,0,0,approval,6.769907,3.4798427,1,3
"I thought it got a nerf when the spirit got released. My bad. But I still stand by, healing against the legion is pointless. ",edf32jd,la90pp6165,deadbydaylight,t3_ada2y7,t1_edf2sbc,1546810871,40,False,0,0,0,0,1,0,0,0,0,0,0,0,0,0,0,0,0,0,0,0,0,0,0,0,0,0,0,0,approval,9.235361,2.7925231,1,0
I saw that twice last year.,ee2u3ui,RanTheRedCedar,OkCupid,t3_ag173r,t1_ee2tx9g,1547504775,53,False,0,0,0,0,1,0,0,0,0,0,1,0,0,0,0,0,0,0,0,0,0,0,0,0,0,0,0,0,approval,9.443168,3.8414173,1,3
Realize that no girl is perfect for you if you're not perfect for her. I feel for your disappointment tho. Keep on truckin'.,ef3e1sc,HebrewJohnson,dating_advice,t3_ak7ij4,t3_ak7ij4,1548591598,61,False,0,0,0,0,1,1,0,0,0,0,0,0,0,0,0,0,0,0,0,0,0,0,0,0,0,0,0,0,approval,7.00524,5.114515,1,3
[NAME] just keeps hopping backwards and forwards in time with no repercussions?,ee5z00k,MoMisteries,FlashTV,t3_agfmzr,t3_agfmzr,1547603876,73,False,0,0,0,0,1,0,0,0,0,0,0,0,0,0,0,0,0,0,0,0,0,0,0,0,0,0,0,0,approval,11.429797,1.5648133,1,2
Destroyed property is the same as lynching someone for their race.,eebh57q,dipstuck,ENLIGHTENEDCENTRISM,t3_ah0x8h,t3_ah0x8h,1547774194,3,False,0,0,0,0,1,0,0,0,0,0,0,0,0,0,0,0,0,0,0,0,0,0,0,0,0,0,0,0,approval,7.1624064,3.7772107,1,3
I moved to the construction industry because it's less mental stress and I can myself better,eesfjdp,TheOnlyLonelyPickle,BPD,t3_aiz2de,t1_eesf99t,1548273431,72,False,0,0,0,0,1,0,0,0,0,0,0,0,0,0,0,0,0,1,0,0,0,0,0,0,0,0,0,0,approval,8.624441,5.5705395,1,3
A 20% win percentage really sneaks up on ya :( no wonder this sub has to have a toxicity talk lmfao,ed21mg6,comeonmang124,DetroitPistons,t3_abpaye,t1_ed21kw5,1546399358,36,False,0,0,0,0,1,0,0,0,0,0,0,0,0,0,0,0,0,0,0,0,0,0,0,0,0,0,0,0,approval,10.0309925,3.510073,1,2
"I swear, I don't know where the bombs are! Only the miners know that!",ee8t2u6,Ilshan,TheSimpsons,t3_agnxy5,t3_agnxy5,1547691731,53,False,0,0,0,0,1,0,0,0,0,0,0,0,0,0,0,0,0,0,0,0,0,0,0,0,0,0,0,0,approval,9.688773,4.612605,1,1
Yes! My Big Fat Fabulous Life,eemln9t,Nicolesweave,90DayFiance,t3_aia6sk,t1_eembn4o,1548090506,28,False,0,0,0,0,1,0,0,0,0,0,0,0,0,0,0,0,0,0,0,0,0,0,0,0,0,0,0,0,approval,11.286138,5.8076243,1,1
To me his not doing it right because he is breaking contact with the skin. Keep contact and go back and forth!,ed8mf9u,estamachin,youseeingthisshit,t3_acf3yk,t3_acf3yk,1546623845,73,False,0,0,0,0,1,0,0,0,0,0,0,0,0,0,0,0,0,0,0,0,0,0,0,0,0,0,0,0,approval,9.678121,1.5500658,1,0
Exactly. Thank you.,eek1ge3,jocmurray,WayOfTheBern,t3_ahz47a,t1_eejnuzd,1548010758,15,False,0,0,0,0,1,0,0,0,0,0,0,0,0,0,0,1,0,0,0,0,0,0,0,0,0,0,0,0,approval,10.629076,6.7928596,1,1
"At the very least, I’m glad he tried something other than the standard blue. And yeah, I think the title is above-average as well. ",edin7u8,apocalypsemeow111,starwarsspeculation,t3_adnb01,t1_edilvam,1546902874,12,False,0,0,0,0,1,0,0,0,0,0,0,0,0,0,0,0,0,0,0,0,0,0,0,0,0,0,0,0,approval,9.78432,1.6559659,1,0
There’s tons of stories of animals taking care of kids....I believe the story! :),ef7noih,LinaJo88,AnimalsBeingBros,t3_akqvus,t3_akqvus,1548716098,4,False,0,0,0,0,1,0,0,0,0,0,0,0,0,0,0,0,0,0,0,0,0,0,0,0,0,0,0,0,approval,11.149188,4.760498,1,1
"To be fair, I’m not slaughtering my own food ",eczlc6s,[deleted],philosophy,t3_ab9b3d,t1_ecymld8,1546310318,46,False,0,0,0,0,1,0,0,0,0,0,0,0,0,0,0,0,0,0,0,0,0,0,0,0,0,0,0,0,approval,9.453018,4.4052877,1,3
That's the opposite of a bad thing.,efe691k,UTbeep,TIHI,t3_al7ijk,t3_al7ijk,1548885349,23,False,0,0,0,0,1,0,0,0,0,0,0,0,0,0,0,0,0,0,0,0,0,0,0,0,0,0,0,0,approval,7.677648,3.9615684,1,3
[NAME] is available,eecu47w,Denim_Milksteak,Braves,t3_ah2vl5,t1_eeb0gs6,1547821678,62,False,0,0,0,0,1,0,0,0,0,0,0,0,0,0,0,0,0,0,0,0,0,0,0,0,0,0,0,0,approval,11.477354,1.8339659,1,2
Those scars look fairly recent. Just remember no matter what there are people who love you and will support you unconditionally!,eczsnv3,romp48,popping,t3_abeyj9,t3_abeyj9,1546318094,26,False,0,0,0,0,1,0,0,0,0,0,0,0,0,0,0,0,0,0,0,0,0,0,0,0,0,0,0,0,approval,9.970276,5.729658,1,1
Downside of city based police. State level policing is where it's at. Problem on the Gold Coast? Send police from Brisbane.,ee1ox9v,PingEVE,ChoosingBeggars,t3_afmqja,t1_ee19nl1,1547474231,60,False,0,0,0,0,1,0,0,0,0,0,0,0,0,0,0,0,0,0,0,0,0,0,0,0,0,0,0,0,approval,6.854759,2.4824092,1,0
"That's just....sorry, but stupid is the only correct word.",eepawzc,Brains4Beauty,antiMLM,t3_aioqe1,t3_aioqe1,1548176436,41,False,0,0,0,0,1,0,0,0,0,0,0,0,0,0,0,0,0,0,0,0,0,0,0,0,0,0,0,0,approval,8.514337,3.877446,1,3
Ive been asked this in a similar situation as well. Interviewer was female and i would bet it was female in OP's case too,edmub15,07osrs,ForeverAlone,t3_ae4zbh,t1_edml9iu,1547043132,60,False,0,0,0,0,1,0,0,0,0,0,0,0,0,0,0,0,0,0,0,0,0,0,0,0,0,0,0,0,approval,6.8663597,4.5049653,1,3
If someone posts it I would need some hard fuckin proof that it’s actually a [NAME] pick,edimmdo,fadeit2,sportsbook,t3_addjy7,t1_edieb84,1546902523,19,False,0,0,0,0,1,0,0,0,0,0,0,0,0,0,0,0,0,0,0,0,0,0,0,0,0,0,0,0,approval,11.217595,1.6867827,1,2
"I imagined as much, but I wasn’t sure, thanks for the clarification.",eeub700,O_Cuin,COMPLETEANARCHY,t3_ajb8j4,t1_eeu9t60,1548336580,66,False,0,0,0,0,1,0,0,0,0,0,0,0,0,0,0,1,0,0,0,0,0,0,0,0,0,0,0,0,approval,8.003612,4.4430475,1,3
Yes. Ignore and move on,ed6v57b,Napalmenator,legaladvice,t3_accal5,t1_ed6uaf4,1546563094,60,False,0,0,0,0,1,0,0,0,0,0,0,0,0,0,0,0,0,0,0,0,0,0,0,0,0,0,0,0,approval,9.039488,5.0981507,1,3
maybe now it'll go up to 3 an hour😎,efgws64,i_am_styrofoam,2meirl4meirl,t3_altoua,t3_altoua,1548966934,37,False,0,0,0,0,1,0,0,0,0,0,0,0,0,0,0,0,0,0,0,0,1,0,0,0,0,0,0,0,approval,9.381893,6.199002,1,1
"While we watch the private form of Operation Chokepoint with Patreon, it's bizarre that people don't believe this stuff is real. ",ed43nfi,StevenMulraney,JordanPeterson,t3_abxlxo,t1_ed43h58,1546472847,74,False,0,0,0,0,1,0,0,0,0,0,0,0,0,0,0,0,0,0,0,0,0,0,0,0,0,0,0,0,approval,7.92779,3.1402557,1,0
105 strikeouts over 81 2/3 innings. that's good lol [NAME],ed50lk8,imeantnomalice,NYYankees,t3_abv2w1,t3_abv2w1,1546505967,26,False,0,0,0,0,1,0,0,0,0,0,0,0,0,0,0,0,0,0,0,0,0,0,0,0,0,0,0,0,approval,8.710442,1.4613196,1,0
Yah. I unfortunately was sitting and watching this documentary with my Mother. That was very awkward.,eenvcj6,FLcitizen,news,t3_aid5br,t1_eenv5wl,1548123458,15,False,0,0,0,0,1,0,0,0,0,0,0,0,1,0,0,0,0,0,0,0,0,0,0,0,0,0,0,0,approval,10.940893,3.3393698,1,2
You're welcome. I'm always up for providing ammo for fighting the narrow minded and religiously intolerant.,edmoaf1,eccentricaunt,JUSTNOMIL,t3_ae39br,t1_edmnzhx,1547038121,22,False,0,0,0,0,1,0,0,0,0,0,0,0,0,0,0,1,0,0,0,0,0,0,0,0,0,0,0,0,approval,10.100102,6.9538474,1,1
I guess it's the word 'high',edhjh37,jeffinRTP,Jokes,t3_adjobo,t3_adjobo,1546881803,4,False,0,0,0,0,1,0,0,0,0,0,0,0,0,0,0,0,0,0,0,0,0,0,0,0,0,0,0,0,approval,10.399027,4.0422564,1,1
Good timing with the two breweries having just opened up. Gotta check them out when I'm in that neck of the woods again.,edgyr8b,letsseeaction,Connecticut,t3_ad52b0,t3_ad52b0,1546868720,65,False,0,0,0,0,1,0,0,0,1,0,0,0,0,0,0,0,0,0,0,0,0,0,0,0,0,0,0,0,approval,10.808471,5.342017,1,1
"I mean, to be fair... She did say sorry. /s",eeo921s,LofiYokai,HadToHurt,t3_aii2ax,t1_eenztp8,1548135089,35,False,0,0,0,0,1,1,0,0,0,0,0,0,0,0,0,0,0,0,0,0,0,0,0,0,0,0,0,0,approval,12.597013,2.9897695,0,2
I already like the game. I don't to make the wins gimmicky for the game to be fun.,eenwl50,TurtleBird,Blackops4,t3_aig667,t1_eenpi7e,1548124386,23,False,0,0,0,0,1,0,0,0,0,0,1,0,0,0,0,0,0,0,0,0,0,0,0,0,0,0,0,0,approval,8.651262,1.3769416,1,0
You must be really slow. Life must be hard for you. You have my pity.,eet5f81,RegisterFlexOffender,news,t3_aj6acp,t1_eet4hd0,1548291710,1,False,0,0,0,0,1,0,0,0,0,0,0,0,0,0,0,0,0,0,0,0,0,0,0,0,0,0,0,0,approval,8.606026,5.1349807,1,3
This is great. Good Yard!,ede8a4e,BoomerKeith,cringepics,t3_ad1uvu,t3_ad1uvu,1546794038,78,False,0,0,0,0,1,0,0,0,0,0,0,0,0,0,0,0,0,0,0,0,0,0,0,0,0,0,0,0,approval,11.297327,5.8049273,1,1
I'm generally a supporter of law enforcement.... But what the actual fuck.,eeejbqt,rykki,phoenix,t3_ahgr2s,t1_eeeecyt,1547861478,9,False,0,0,0,0,1,0,0,0,0,0,1,0,0,0,0,0,0,0,0,0,0,0,0,0,0,0,0,0,approval,6.859713,2.4842813,1,0
Weed has never killed anyone. Until now.,eed11ny,bri9and,trees,t3_ah683p,t3_ah683p,1547826036,62,False,0,0,0,0,1,0,0,0,0,0,0,0,0,0,0,0,0,0,0,0,0,0,0,0,0,0,0,0,approval,7.3682966,4.8292217,1,3
a really cool acrylic painting of this same picture!,edvadcs,BusyWindow,KitchenConfidential,t3_af1pgw,t3_af1pgw,1547268664,40,False,0,0,0,0,1,0,0,0,0,0,0,0,0,0,0,0,0,0,0,0,0,0,0,0,0,0,0,0,approval,11.756117,3.4557898,1,2
He's manipulating you by using his mental illness as an excuse for his behavior. He knows what he's doing too.,eez8y74,BushOfEden,mentalhealth,t3_ajqxt5,t1_eez8ucm,1548465889,40,False,0,0,0,0,1,0,0,0,0,0,0,0,0,0,0,0,0,0,0,0,0,0,0,0,0,0,0,0,approval,9.350357,2.1420474,1,0
You other than the fact one likes little girls and piss/ keeping them as slaves where as [NAME] paid all his girls,edu7u78,15941,facepalm,t3_aezskq,t3_aezskq,1547240377,42,False,0,0,0,0,1,0,0,0,0,0,0,0,0,0,0,0,0,0,0,0,0,0,0,0,0,0,0,0,approval,7.053032,5.0614905,1,3
Understandable in this day and age of gaming.,eeusaj6,Bliss_of_edens_gate,Games,t3_aj3arc,t1_eeuof31,1548348696,61,False,0,0,0,0,1,0,0,0,0,0,0,0,0,0,0,0,0,0,0,0,0,0,0,0,0,0,0,0,approval,8.277157,2.0266037,1,0
Wrong person? Nothing I said could or should be construed in that way.,eex5i60,bisensual,forwardsfromgrandma,t3_ajeshi,t1_eex4gsb,1548418935,42,False,0,0,0,0,1,0,0,0,0,0,0,0,0,0,0,0,0,0,0,0,0,0,0,0,0,0,0,0,approval,7.877413,4.260945,1,3
I meant mainsource [NAME]. the one that assists you on your journey. >! not the one that is evil as fuck!<,edze284,knifegirlanddemons,danganronpa,t3_afksbx,t1_edzdytx,1547397114,40,False,0,0,0,0,1,0,0,0,0,0,0,0,0,0,0,0,0,0,0,0,0,0,0,0,0,0,0,0,approval,11.714124,1.7971066,1,2
"It's a Mercedes. Take it in for an oil change, and it's an enormous bill.",ed047z8,the_ocalhoun,Whatcouldgowrong,t3_abalmd,t1_ecz7fq8,1546332832,18,False,0,0,0,0,1,0,0,0,0,0,0,0,0,0,0,0,0,0,0,0,1,0,0,0,0,0,0,0,approval,7.327542,2.0454938,1,0
Like you said your tired probably mentally and physically. You need a dam break is what it sounds like my friend.,eeqyl4u,Al1258,SuicideWatch,t3_aiwaqv,t3_aiwaqv,1548220885,37,False,0,0,0,0,1,1,0,0,0,0,0,0,0,0,0,0,0,0,0,0,0,0,0,0,0,0,0,0,approval,8.755037,5.5058427,1,3
"Good mind, good luck.",eeixoui,gpearce52,atheism,t3_ahwiej,t1_eeixcyu,1547987246,4,False,0,0,0,0,1,0,0,0,0,0,0,0,0,0,0,0,0,0,0,0,0,0,0,0,0,0,0,0,approval,10.600817,6.006423,1,1
"Lowkey lyrics right there, revolution or genocide, it won't be televised. Something like that about [NAME] press",edxv79x,Thatsplumb,socialism,t3_af74m4,t1_edwb9bo,1547342458,37,False,0,0,0,0,1,0,0,0,0,0,0,0,0,0,0,0,0,0,0,0,0,0,0,0,0,0,0,0,approval,10.861343,3.0469012,1,2
"Nice, i have the crown help me and the 309. Can you compare it to those?",ee4dtda,Gutriot,Tekken,t3_afyzbw,t1_ee3xi9u,1547562836,57,False,0,0,0,0,1,0,0,1,0,0,0,0,0,0,0,0,0,0,0,0,0,0,0,0,0,0,0,0,approval,11.068236,6.287254,1,1
Yeah thats gucci man. You wander off into needy territory if she says no and you pester and beg her.,ednabpt,AnimalCartoons,askwomenadvice,t3_ae8jpx,t1_edn9cg8,1547054337,81,False,0,0,0,0,1,0,0,0,0,0,0,0,0,0,0,0,0,0,0,0,0,0,0,0,0,0,0,0,approval,9.821523,4.499486,1,1
[NAME] received millions of dollars from an MLM by endorsing it. Not sure what is so complicated about this indisputable fact for you.,eduxb8v,vividtulip,antiMLM,t3_aeuaup,t1_eduhb86,1547257355,3,False,0,0,0,0,1,0,0,1,0,0,0,0,0,0,0,0,0,0,0,0,0,0,0,0,0,0,0,0,approval,11.137192,1.5341948,1,2
Yes I agree,ee454s8,andyM1998,CapitalismVSocialism,t3_ag06fp,t3_ag06fp,1547554409,37,False,0,0,0,0,1,0,0,0,0,0,0,0,0,0,0,0,0,0,0,0,0,0,0,0,0,0,0,0,approval,9.777171,6.379708,1,1
I just had an overabundance of fudge. I took several pounds to my regular dispensary and they were thrilled.,eeox9tg,Late_Again68,phoenix,t3_aid9yu,t3_aid9yu,1548166671,3,False,0,0,0,0,1,0,0,0,0,0,0,0,0,0,0,0,0,0,0,0,0,0,0,0,0,0,1,0,approval,8.802361,3.7903922,1,3
"It's a shortcut, dude, he just knows the map!",edhd1sj,NomSang,holdmybeer,t3_acvhvq,t1_edb7bui,1546878222,42,False,0,0,0,0,1,0,0,0,0,0,0,0,0,0,0,0,0,0,0,0,0,0,0,0,0,0,0,0,approval,10.874292,2.6213279,1,2
Two wrongs don't make a right..,ed2lu9j,Harry-Manly,nrl,t3_abrrvy,t3_abrrvy,1546426921,78,False,0,0,0,0,1,0,0,0,0,0,0,0,0,0,0,0,0,0,0,0,0,0,0,0,0,0,0,0,approval,7.7360907,4.048801,1,3
One you don't like. It keeps messing up your contacts as well.,efaacig,SendarSlayer,ChoosingBeggars,t3_al34jx,t1_efaa9w5,1548788282,12,False,0,0,0,0,1,0,0,0,0,0,0,0,0,0,0,0,0,0,0,0,0,0,0,0,0,0,0,0,approval,8.399494,3.0852346,1,0
This sub absolutely gets personal within seconds of anything he says being postes,edi0rnb,viva_allende_,LabourUK,t3_adhft3,t1_edhi59f,1546890896,73,False,0,0,0,0,1,0,0,0,0,0,0,0,0,0,0,0,0,0,0,0,0,0,0,0,0,0,0,0,approval,10.343932,3.268101,1,2
The reason we’re stuck in the shutdown is the democrats. Plain and simple.,edu5i5x,dipshitandahalf,UpliftingNews,t3_aexwod,t1_edtxs4i,1547238942,4,False,0,0,0,0,1,0,0,0,0,0,0,0,0,0,0,0,0,0,0,0,0,0,0,0,0,0,0,0,approval,6.4460263,2.6707613,1,0
This. This is too realistic man. Too late for this too.,ef5rhti,AtomicBlaze573,2meirl4meirl,t3_akf3u9,t3_akf3u9,1548662268,50,False,0,0,0,0,1,0,0,0,0,0,0,0,0,0,0,0,0,0,0,0,0,0,0,0,0,0,0,0,approval,8.12774,4.7202554,1,3
Yeah I usually do it if no-one will,eeru33m,Looking4Maria,socialanxiety,t3_aiovf8,t1_eepcnlt,1548259032,37,False,0,0,0,0,1,0,0,0,0,0,0,0,0,0,0,0,0,0,0,0,1,0,0,0,0,0,0,0,approval,8.457793,4.969086,1,3
"Ahh okay, that makes a lot of sense. But you're totally right, we've just gotta work as hard as possible.",edlchw0,ishabad,VoteBlue,t3_adq9zk,t1_edl8ke7,1546987170,62,False,0,0,0,0,1,0,0,0,0,0,0,0,0,0,0,0,0,0,0,0,0,0,0,0,0,0,0,0,approval,9.7882805,6.335467,1,1
"The first guy had his balls covered, he knew.",eds2bdi,lazygeekninjaturtle,WatchPeopleDieInside,t3_aeq0s2,t3_aeq0s2,1547184723,62,False,0,0,0,0,1,0,0,0,0,0,0,0,0,0,0,0,0,0,0,0,0,0,0,0,0,0,0,0,approval,10.254194,1.4407506,1,2
Thanks for this. I was about to relapse but am still going strong.,edqs4ip,wassam1,NoFap,t3_aej55q,t3_aej55q,1547153332,81,False,0,0,0,0,1,0,0,0,0,1,0,0,0,0,0,1,0,0,0,0,0,0,0,0,0,0,0,0,approval,9.147616,6.0391774,1,1
"I was giving an example, not explicitly talking about aramusha. 🙃",eey9hmz,WildPhoenix12,CompetitiveForHonor,t3_ajma66,t1_eey0vfs,1548442363,72,False,0,0,0,0,1,0,0,0,0,0,0,0,0,0,0,0,0,0,0,0,0,0,0,0,0,0,0,0,approval,10.51035,4.2059793,1,1
"The finest example of an egotistical, ignorant and racist piece of trash. Humans like this disgust me.",edh38br,Bennzzyy_sim12,confessions,t3_adi580,t3_adi580,1546872154,18,False,0,0,0,0,1,0,0,0,0,0,0,1,0,0,0,0,0,0,0,0,0,0,0,0,0,0,0,0,approval,7.3640513,3.7604678,1,3
"I gotta say, that was a WELL fought period. I was worried a couple times...",ee5xx4i,Fixmy59bug,goldenknights,t3_ag87df,t1_ee5wf9s,1547603007,22,False,0,0,0,0,1,0,0,0,0,0,0,0,0,0,1,0,0,0,0,0,0,0,0,0,0,0,0,0,approval,9.271018,3.8476775,1,3
This joke has been on here a million times and never ceases to trick me,edbwtuu,cthejewel,dadjokes,t3_acsry8,t3_acsry8,1546724595,22,False,0,0,0,0,1,0,0,0,0,0,0,0,0,0,0,0,0,0,0,0,0,0,1,0,0,0,0,0,approval,10.189645,3.5787508,1,2
The Guardian are covering it. Naturally they think we're far-right activists and misogynists whose displeasure proves the necessity of the [NAME] campaign...,ee44dv2,nforne,MensRights,t3_ag1qkr,t1_ee3eqac,1547553466,15,False,0,0,0,0,1,0,0,0,0,0,0,0,0,0,0,0,0,0,0,0,0,0,0,0,0,0,0,0,approval,6.648903,3.330549,1,0
True. I'm just glad I didn't have to go through my high school years we the her...,ee1oxl5,ccpkip,pettyrevenge,t3_af1pod,t1_edzq6d2,1547474239,6,False,0,0,0,0,1,0,0,0,0,0,0,0,0,0,0,0,0,0,0,0,0,0,0,0,0,0,0,0,approval,12.999669,3.7936256,0,2
"They probably take slight step back, by that I mean still the best defense in the league, but closer.",edniz6u,packcubsmu,GreenBayPackers,t3_ae9ie5,t3_ae9ie5,1547059881,49,False,0,0,0,0,1,0,0,0,0,0,0,0,0,0,0,0,0,0,0,0,0,0,0,0,0,0,0,0,approval,8.723965,1.1214895,1,0
I would love to see some encouragement and smiles on the sideline instead of yelling and whining.,edkyrqt,DrAbeSacrabin,timberwolves,t3_adxwln,t3_adxwln,1546977481,56,False,0,0,0,0,1,0,0,0,0,0,0,0,0,0,0,0,0,0,0,0,0,0,0,0,0,0,0,0,approval,10.461791,6.855604,1,1
This reminds me of when it came out that the Hello Kitty! character is actually a human girl.,eepjk61,RdyStdyFrddy,TwoXChromosomes,t3_aipwfy,t3_aipwfy,1548182440,32,False,0,0,0,0,1,0,0,0,0,0,0,0,0,0,0,0,0,0,0,0,0,0,0,0,0,0,0,0,approval,10.999225,3.8058174,1,2
He insisted on a monogamous break and I agreed.,ed8prm1,lookitsmeyay,survivinginfidelity,t3_acf7jj,t1_ed8cwe4,1546625996,52,False,0,0,0,0,1,0,0,0,0,0,0,0,0,0,0,0,0,0,0,0,0,0,0,0,0,0,0,0,approval,8.766626,6.093209,1,3
I love [NAME] and totally understand. I hope she and [NAME] are able to have their healthy baby.,eedqp50,dripping-peaches,BeautyGuruChatter,t3_ahd7f0,t3_ahd7f0,1547842034,23,False,0,0,0,0,1,0,0,0,0,0,0,0,0,0,0,0,0,0,0,0,1,0,0,0,0,0,0,0,approval,12.791512,3.4768455,0,2
"I hadn’t even noticed the hairline, was too busy looking at the rest of the awful stuff going on.",ee06wv5,Fluffysox,awfuleverything,t3_afmej2,t1_edzwerd,1547415073,40,False,0,0,0,0,1,0,0,0,0,0,0,0,0,0,0,0,0,0,0,0,0,0,0,0,0,0,0,0,approval,9.854573,3.2503226,1,2
"Correct. I still play NHL Faceoff 98 and I always turn that rule off, because it's terrible.",edzwmxs,DankNastyAssMaster,todayilearned,t3_afjmtn,t1_edzw9kh,1547408780,62,False,0,0,0,0,1,0,0,0,0,0,0,0,0,0,1,0,0,0,0,0,0,0,0,0,0,0,0,0,approval,8.650049,1.3198822,1,0
"[](/ironwillthumbsup) True! Weird, but true!",efah7ba,CCC_037,MaliciousCompliance,t3_akxqde,t1_ef9x6un,1548791829,81,False,0,0,0,0,1,0,0,0,0,0,0,0,0,0,0,0,0,0,0,0,0,0,0,0,0,0,0,0,approval,9.948627,4.856904,1,1
"Yes, I am 100% superior to [NAME]. If you're not, I'm sorry ",ed9u6e6,BrutusHawke,poker,t3_acboy0,t1_ed9tp7l,1546656619,42,False,0,0,0,0,1,0,0,0,0,0,0,0,0,0,0,0,0,0,0,0,0,0,0,0,0,0,0,0,approval,10.120944,6.9541426,1,1
this is the type of high level discussion I come to this sub for!,edorrea,ThirdMorrisTwin,DetroitPistons,t3_aee02p,t1_edorqcb,1547093139,22,False,0,0,0,0,1,0,0,0,0,0,0,0,0,0,0,0,0,0,0,0,0,0,0,0,0,0,0,0,approval,10.476668,3.8979506,1,2
"I bow to the mighty OP, this is perfect",ed7y785,bocriss,teenagers,t3_acfsjm,t3_acfsjm,1546605273,6,False,0,0,0,0,1,0,0,0,0,0,0,0,0,0,0,0,0,0,0,0,0,0,0,0,0,0,0,0,approval,10.747093,6.4369373,1,1
"These are lovely, I have one.",eet3mrq,candlesandfish,Christianity,t3_aj6bfs,t1_eet0pti,1548290363,61,False,0,0,0,0,1,0,0,0,0,0,0,0,0,0,0,0,0,0,1,0,0,0,0,0,0,0,0,0,approval,11.552992,5.069948,1,1
"Man, never underestimate the power of a crock pot, some frozen chicken, veggies and cottage cheese.",edv18gz,IFixxThings,canes,t3_af1vtn,t3_af1vtn,1547260479,19,False,0,0,0,0,1,0,0,0,0,0,0,0,0,0,0,0,0,0,0,0,0,0,0,0,0,0,0,0,approval,9.881314,4.409653,1,1
Extremely relatable.,ef57e4e,MichaelM3023,FunnyandSad,t3_akixlh,t3_akixlh,1548643427,15,False,0,0,0,0,1,0,0,0,0,0,0,0,0,0,0,0,0,0,0,0,0,0,0,0,0,0,0,0,approval,11.83599,5.3155293,1,1
"Anyone who can pass the test proceeds. The standard exists to protect everyone in Britain, including the failed candidate. They should be recognized for volunteering. ",edzoi3q,[deleted],Military,t3_aflb5j,t3_aflb5j,1547403818,76,False,0,0,0,0,1,0,0,0,0,0,0,0,0,0,0,0,0,0,0,0,0,0,0,0,0,0,0,0,approval,6.84943,2.9246187,1,0
Eh. I think either works. But sure. Replies is probably more accurate,ef5suva,delinquentsaviors,arrow,t3_akivbz,t1_ef5ssxn,1548664073,2,False,0,0,0,0,1,0,0,0,0,0,0,0,0,0,0,0,0,0,0,0,0,0,0,0,0,0,0,0,approval,9.5077,6.2724957,1,1
I think this isn't allowed on /r/cringe and I think that's why they hid that sub.,edlqyto,weiss27md,conspiracy,t3_ady7ym,t3_ady7ym,1546998836,12,False,0,0,0,0,1,0,0,0,0,0,0,0,0,0,0,0,0,0,0,0,0,0,0,0,0,0,0,0,approval,10.039153,3.5504375,1,2
"Sure you are, comrade. You've met your quota of replies now, yes?",ee4ifq6,Schrecht,worldpolitics,t3_ag8dyh,t1_ee4ibpu,1547566422,22,False,0,0,0,0,1,0,0,1,0,0,0,0,0,0,0,0,0,0,0,0,0,0,0,0,0,0,0,0,approval,9.985918,6.816794,1,1
"Yeah, this just sounds like the usual Seattle understatement.",eepc212,Enchelion,SeattleWA,t3_ainfuc,t1_eep4v97,1548177250,30,False,0,0,0,0,1,0,0,0,0,0,0,0,0,0,0,0,0,0,0,0,0,0,0,0,0,0,0,0,approval,8.510797,1.0368729,1,0
"[NAME] just has the runs. Don't worry, [NAME] is lacing up to replace him",ed48tq9,enterthedragonpunch,canucks,t3_abzfeg,t3_abzfeg,1546476997,10,False,0,0,0,0,1,0,0,0,0,0,0,0,0,0,0,0,0,0,0,0,1,0,0,0,0,0,0,0,approval,10.511244,1.5155809,1,2
"Especially given today's hyperawareness of sexual harassment, it seems like the smart thing to do, to me.",ef75dys,Starbuck_83,dating_advice,t3_akqxwl,t3_akqxwl,1548704925,61,False,0,0,0,0,1,0,0,0,0,0,0,0,0,0,0,0,0,0,0,0,0,0,0,0,0,0,0,0,approval,7.2692447,4.1507483,1,3
Ok. I got it. But it was a house. Just seemed odd lol,efdi4pz,us4hvnbnd,doordash,t3_aik5fu,t3_aik5fu,1548870321,15,False,0,0,0,0,1,0,0,0,0,0,0,0,0,0,0,0,0,0,0,0,0,0,1,0,0,0,0,0,approval,9.58043,3.757025,1,3
Nah [NAME] gonna be an asexual for sure.,edk3kve,ItWasLitFamJFK,Overwatch,t3_admrfj,t1_ediomf7,1546953375,79,False,0,0,0,0,1,0,0,0,0,0,0,0,0,0,0,0,0,0,0,0,0,0,0,0,0,0,0,0,approval,11.646872,1.6902423,1,2
Happy cake day bro... or ma'am. You have to see this to really take it in.,edga3rn,Dawjman,southafrica,t3_ada72m,t1_edf6isl,1546840411,19,False,0,0,0,0,1,1,0,0,0,0,0,0,0,0,0,0,0,0,0,0,0,0,0,0,0,0,0,0,approval,10.60947,5.8188753,1,1
Recently got this book! I would be interested as well!,ed75byo,steadsie,BPD,t3_ac0nxk,t3_ac0nxk,1546571561,35,False,0,0,0,0,1,0,0,1,0,0,0,0,0,0,0,0,0,0,0,0,0,0,0,0,0,0,0,0,approval,11.103479,4.777259,1,1
"Crating your dog is also banned in some places, that doesn't make it cruel.",edl5ngt,VoraBora,gifs,t3_adony1,t1_edl13e6,1546982310,18,False,0,0,0,0,1,0,0,0,0,0,0,0,0,0,0,0,0,0,0,0,0,0,0,0,0,0,0,0,approval,7.2040453,3.9293654,1,3
"Agreed 100%, Governor [NAME] will have some say in this, they broke Wisconsin law, plain and simple !",ee2kfxs,SpiritWolf395,MakingaMurderer,t3_afyq88,t1_ee2f34w,1547498158,27,False,0,0,0,0,1,0,0,0,0,0,0,0,0,0,0,0,0,0,0,0,0,0,0,0,0,0,0,0,approval,6.6380167,2.4809415,1,0
Are you implying this is not CGI?,edrv5yu,devotchko,gifs,t3_aer5kv,t3_aer5kv,1547179141,49,False,0,0,0,0,1,0,0,0,0,0,0,0,0,0,0,0,0,0,0,0,0,0,0,0,0,0,0,0,approval,10.899353,3.8749774,1,2
"Yep, it would be super easy. Honestly makes me regret not doing that to the flames sub... /S kind of",eduag3k,CSPmyHart,EdmontonOilers,t3_aewbmy,t1_edu6ygc,1547242004,57,False,0,0,0,0,1,0,0,0,0,0,0,0,0,0,0,0,0,0,0,0,0,0,0,0,0,0,0,0,approval,10.789422,5.334386,1,1
Looks like Plastique stans will be our cringey stans of the season.,eeyhaq7,FarrahClones,rpdrcringe,t3_ajsgb9,t3_ajsgb9,1548447065,67,False,0,0,0,0,1,0,0,0,0,0,0,0,0,0,0,0,0,0,0,0,0,0,0,0,0,0,0,0,approval,9.925905,5.3337536,1,1
Me too.. which left me conflicted about how to feel.,efachuw,I_Nice_Human,Whatcouldgowrong,t3_al24rd,t1_ef9y979,1548789372,15,False,0,0,0,0,1,0,0,0,0,0,0,0,1,0,0,0,0,0,0,0,0,0,0,0,0,0,0,0,approval,8.4940405,4.7879744,1,3
"Horrendous , this is also reflected in my experience act school where you are not allowed to defend yourself at all ",edgpn54,tomtheawesome123,The_Donald,t3_adb4x3,t1_edgjc8n,1546860407,79,False,0,0,0,0,1,0,0,0,0,0,0,0,1,0,0,0,0,0,0,0,0,0,0,0,0,0,0,0,approval,7.2663445,3.4625723,1,0
You are right OP didnt think this 1 through,ee3ecsr,clickclickbitch,TrollXChromosomes,t3_ag24su,t1_ee37fwd,1547520695,37,False,0,0,0,0,1,0,0,0,0,0,0,0,0,0,0,0,0,0,0,0,0,0,1,0,0,0,0,0,approval,8.762439,4.822973,1,3
"yeah, it's basically Hillsong with sugary shakes pretending to be food. ",ee445a1,lipsync4urlife,antiMLM,t3_afdcc9,t3_afdcc9,1547553157,73,False,0,0,0,0,1,0,0,0,0,0,0,0,0,0,0,0,0,0,0,0,0,0,1,0,0,0,0,0,approval,9.801566,4.3225303,1,1
Back in my day the only bars you could find were real ones👴,edtv08i,Ganjaleaves,benzodiazepines,t3_aev1fm,t1_edt1f3c,1547232972,72,False,0,0,0,0,1,0,0,0,0,0,0,0,0,0,0,0,0,0,0,0,0,0,0,0,0,0,0,0,approval,9.698355,3.5273552,1,0
"Whatever you say, mate. Good luck trying to tell kids not to love their parents.",efekm4x,Threedom_isnt_3,SubredditDrama,t3_aley47,t1_efejm9e,1548895937,26,False,0,0,0,0,1,0,0,0,0,0,0,0,0,0,0,0,0,0,0,0,0,0,0,0,0,0,0,0,approval,8.212837,6.391694,1,3
Hopefully she lives in a very vaccinated area that will protect her baby. Hopefully.,edsvehr,Astro_Deneb,vaxxhappened,t3_aeque9,t3_aeque9,1547211132,24,False,0,0,0,0,1,0,0,0,0,0,0,0,0,0,0,0,0,0,0,0,0,0,0,0,0,0,0,0,approval,12.83605,3.379845,0,2
"I instinctively thought that meant ""That's gotta hurt""",ed8cext,Highway62,Whatcouldgowrong,t3_acg21g,t1_ed7nq1e,1546617335,37,False,0,0,0,0,1,0,0,0,0,0,0,0,0,0,0,0,0,0,0,0,0,0,0,0,0,0,0,0,approval,8.438565,4.543829,1,3
Op is likely young and clueless. There’s likely a reason they’re in retail.,ed5eobg,MPTN1973,confessions,t3_ac5msr,t1_ed5dd6o,1546524483,15,False,0,0,0,0,1,0,0,0,0,0,0,0,0,0,0,0,0,0,0,0,0,0,1,0,0,0,0,0,approval,7.7563725,2.9644926,1,0
"There are millions and millions of girls in the world. You will find someone better, trust me",eekrpm1,Nettwoel,AskMen,t3_ai3gr1,t3_ai3gr1,1548025681,61,False,0,0,0,0,1,0,0,0,0,0,0,0,0,0,0,0,0,0,0,0,1,0,0,0,0,0,0,0,approval,6.8983045,5.0399165,1,3
Damn. Alright.,ed2cflc,Massive_Cope,IncelsWithoutHate,t3_abhkwy,t1_ed2bjoa,1546410715,2,False,0,0,0,0,1,0,0,0,0,0,0,0,0,0,0,0,0,0,0,0,0,0,0,0,0,0,0,0,approval,9.382853,4.8116474,1,3
"Is that supposed to be outrageous? Assuming he met the requirements and earned them all, good on the guy for planning for his future.",eema5gu,Top_Chef,politics,t3_ai9p1c,t1_eem7bsa,1548081845,60,False,0,0,0,0,1,0,0,0,0,0,0,0,0,0,0,0,0,0,0,0,0,0,0,0,0,0,0,0,approval,9.741575,1.679295,1,0
I would take that deal. We could however eliminate the hatch & noed so there isn't a reward for bad play.,edl3r57,GRosado,deadbydaylight,t3_adrdks,t1_edk31nx,1546980969,35,False,0,0,0,0,1,0,0,0,0,0,0,0,0,0,0,0,0,0,0,0,0,0,0,0,0,0,0,0,approval,8.342123,1.9270157,1,0
And ALL of you will tune in next week because it’s the best trash TV ever created!,edcn1al,Lar5031,loveafterlockup,t3_ad0von,t1_edciqh3,1546742567,81,False,0,0,0,0,1,0,0,0,0,0,0,0,0,0,0,0,0,0,0,0,0,0,0,0,0,0,0,0,approval,11.336623,3.6146421,1,2
Exactly! When the mom went to kekeing in [NAME] face to FaceTime with [NAME] in all of 10 minutes my jaw fell to the floor!,edd232r,brwneyedgyrl,loveafterlockup,t3_ack66c,t1_edb2z18,1546753716,15,False,0,0,0,0,1,0,0,0,0,0,0,0,0,0,0,0,0,0,0,0,0,0,0,0,0,0,1,0,approval,9.298528,3.3556063,1,0
The only objectives elements I read is : industrial farming/industrially farmed. The rest is only self-godism.,ed0imx9,BigYoLife,philosophy,t3_ab9b3d,t3_ab9b3d,1546354725,40,False,0,0,0,0,1,0,0,0,0,0,0,0,0,0,0,0,0,0,0,0,0,0,0,0,0,0,0,0,approval,7.523072,3.3173602,1,0
Ha congrats!,ed8niuw,SpardaSpawn,offmychest,t3_acb9kd,t3_acb9kd,1546624510,54,False,0,0,0,0,1,0,0,0,0,0,0,0,0,0,0,0,0,0,0,0,0,0,0,0,0,0,0,0,approval,10.941736,6.666486,1,1
"I’m fully onboard with you there, I was more commenting that to get the liberals in this sub thinking, since ACAB gets downvoted into oblivion ",ef0bhly,BenCobbs,TrollXChromosomes,t3_ajuhc4,t1_ef08akt,1548504292,4,False,0,0,0,0,1,0,0,0,0,0,0,0,0,0,0,0,0,0,0,0,0,0,0,0,0,0,0,0,approval,6.5140476,2.9027274,1,0
I know that's what she said they dont repackage they have to toss them so instead she brought them home,ef52l20,courtneyjp1,Marriage,t3_akhpun,t1_ef52ee5,1548640008,4,False,0,0,0,0,1,0,0,0,0,0,0,0,0,0,0,0,0,0,0,0,0,0,0,0,0,0,0,0,approval,13.135321,3.2164583,0,2
"😂 Dude, ok your cool now",ecziwm2,[deleted],PurplePillDebate,t3_abad8v,t1_eczikbe,1546307844,4,False,0,0,0,0,1,0,0,0,0,0,0,0,0,0,0,0,0,0,0,0,0,0,0,0,0,0,0,0,approval,10.306308,5.3723626,1,1
"Ah I see, maybe the [NAME] have a touch more romantic interaction between the two than the web novel.",ef02qvs,IamNotaPro870,shieldbro,t3_ajt0qf,t1_eez9d21,1548493811,19,False,0,0,0,0,1,0,0,0,0,0,0,0,0,0,0,0,0,0,0,0,0,0,0,0,0,0,0,0,approval,11.253841,1.7953919,1,2
This guy here,ed29o85,dmh2493,TheSimpsons,t3_abouk6,t1_ed24s9r,1546407291,18,False,0,0,0,0,1,0,0,0,0,0,0,0,0,0,0,0,0,0,0,0,0,0,0,0,0,0,0,0,approval,10.246098,2.8068333,1,2
shitposts are hazardous to your health.,ef2epu3,Nightcaste,OkCupid,t3_ak7ljb,t1_ef2acer,1548557894,61,False,0,0,0,0,1,1,0,0,0,0,0,0,0,0,0,0,0,0,0,0,0,0,0,0,0,0,0,0,approval,8.78942,3.5071213,1,0
"We still have one somewhere at home. Decades old, comes from Russia.",edyitl6,#NAME?,China,t3_affcc6,t1_edybdlo,1547364347,6,False,0,0,0,0,1,0,0,0,0,0,0,0,0,0,0,0,0,0,0,0,0,0,0,0,0,0,0,0,approval,9.595357,3.3597755,1,0
"That's awful. If I were a celebrity, I would probably do the same.",efdvcwb,GoodbyeEarl,Judaism,t3_algeut,t3_algeut,1548878482,2,False,0,0,0,0,1,0,0,0,0,0,0,1,0,0,0,0,0,0,0,0,0,0,0,0,0,0,0,0,approval,8.456201,3.88835,1,3
I can finally play 'Kabhi kabhi aaditi'. Only hindi song I listen to.,eefr6l2,thisisAHNAF,ABCDesis,t3_ahftce,t3_ahftce,1547904516,74,False,0,0,0,0,1,0,0,0,0,0,0,0,0,0,0,0,0,0,0,0,0,0,0,0,0,0,0,0,approval,10.411281,4.61718,1,1
I personally wish that they stuck with the spin offs but if their happy I’m good.👌,edm5gn8,gameboy614,gamegrumps,t3_ae251z,t1_edm4qs0,1547011256,4,False,0,0,0,0,1,0,0,0,1,0,0,0,0,0,0,0,0,0,0,0,0,0,0,0,0,0,0,0,approval,8.556964,1.81287,1,0
You could be right!,eexpvcf,DrFeargood,TopMindsOfReddit,t3_ajom7z,t1_eexpoaq,1548431497,46,False,0,0,0,0,1,0,0,0,0,0,0,0,0,0,0,0,0,0,0,0,0,0,0,0,0,0,0,0,approval,10.298496,5.4833455,1,1
I love this sub,ef2nsi8,Kaitah,socialanxiety,t3_ak5ahd,t3_ak5ahd,1548565439,41,False,0,0,0,0,1,0,0,0,0,0,0,0,0,0,0,0,0,0,1,0,0,0,0,0,0,0,0,0,approval,10.837216,3.8137307,1,2
"Someone tell Disney. The evil mouse has sued daycare centers for painting Mickey on their walls, they sure as hell will sue for this abomination.",edtamqj,Snownova,atheism,t3_aewi2q,t3_aewi2q,1547221082,15,False,0,0,0,0,1,0,0,0,0,0,0,0,0,0,0,0,0,0,0,0,0,0,0,0,0,0,0,0,approval,8.365641,3.0333986,1,0
Good for them,edjqmhh,Turbo_Offender,ComedyCemetery,t3_ads0w1,t3_ads0w1,1546933948,19,False,0,0,0,0,1,0,0,0,0,0,0,0,0,0,0,0,0,0,0,0,0,0,0,0,0,0,0,0,approval,10.39331,6.126498,1,1
"I mean, yeah, I'd complain a little. But then I'd eat the crap outta that.",edasbkz,5MinOfPeacE,WeWantPlates,t3_acudo4,t3_acudo4,1546697078,60,False,0,0,0,0,1,0,0,0,0,0,0,0,0,0,0,0,0,0,0,0,0,0,0,0,0,0,0,0,approval,8.565089,4.048978,1,3
"Feel free to use as many rhymes as you want, after all you have the final say of your word play.",eev3ti0,HGpennypacker,GifRecipes,t3_ajdu8q,t1_eev1a1x,1548355922,70,False,0,0,0,0,1,0,0,0,0,0,0,0,0,0,0,0,0,0,0,0,0,0,0,0,0,0,0,0,approval,10.590678,3.9389226,1,2
Someone should do a “what posting any related [NAME] romance is like.” The comments in these posts are a real treat.,ediu9wm,Defective_Knight,Persona5,t3_adjgit,t3_adjgit,1546907476,26,False,0,0,0,0,1,0,0,0,0,0,0,0,0,0,0,0,0,0,0,0,0,0,0,0,0,0,0,0,approval,11.117412,4.9743047,1,1
"Adding a few projectile characters only made the game better, not worse. Bars can go though.",eegmp1r,00o0o00,Tekken,t3_ahm0a0,t1_eegiig0,1547924932,74,False,0,0,0,0,1,0,0,0,0,0,0,0,0,0,0,0,0,0,0,0,0,0,0,0,0,0,0,0,approval,8.620978,1.74633,1,0
I just watched the entire episode. They never once hint that they were having an affair. That information didn't come from the show.,edytfom,jcafaro17,MorbidReality,t3_af9b1k,t1_edy2eil,1547376888,22,False,0,0,0,0,1,0,1,1,0,0,0,0,0,0,0,0,0,0,0,0,0,0,0,0,0,0,0,0,approval,11.454315,3.329092,1,2
You got down voted.. but you're absolutely right. I am now looking into one. Sweet.,ed4nee9,NerdzRcool,PUBGXboxOne,t3_abzk6g,t1_ed4khj1,1546489485,20,False,0,0,0,0,1,0,0,0,0,0,0,0,0,0,0,0,0,0,0,0,0,0,0,0,0,0,0,0,approval,6.5137167,2.7323542,1,0
Wellllll...it's a look.,eelgsh2,Sdosullivan,Justfuckmyshitup,t3_ahwwhf,t3_ahwwhf,1548044036,35,False,0,0,0,0,1,0,0,0,0,0,0,0,0,0,0,0,0,0,0,0,0,0,0,0,0,0,0,0,approval,11.017785,4.775779,1,1
"ITLL BE OKAY MOUNTAIN FRIEND, JUST ACCEPT IT",eev8ejl,Bukowskified,CollegeBasketball,t3_ajdwbd,t1_eev6ugf,1548358802,20,False,0,0,0,0,1,0,0,0,0,0,0,0,0,0,0,0,0,0,0,0,0,0,0,0,0,0,0,0,approval,10.377591,5.8837824,1,1
U can still pour it out the lock holes. Hook it up,ed5jdri,FartDragon,Wellthatsucks,t3_ac4ppx,t3_ac4ppx,1546528099,22,False,0,0,0,0,1,0,0,0,0,0,0,0,0,0,0,0,0,0,0,0,0,0,0,0,0,0,0,0,approval,9.544128,5.344427,1,1
Yes I prefer smaller boobs,eeb5zkz,Obsolete_Human,TooAfraidToAsk,t3_agwbrp,t3_agwbrp,1547765932,4,False,0,0,0,0,1,0,0,0,0,0,0,0,0,0,0,0,0,0,0,0,0,0,0,0,0,0,0,0,approval,7.224367,5.479814,1,3
But the right to not have your property taken away from you is a right.,eej7urr,sparkyfibonacci,Libertarian,t3_ahwnw3,t1_eeizcdt,1547994330,76,False,0,0,0,0,1,0,0,0,0,0,0,0,0,0,0,0,0,0,0,0,0,0,0,0,0,0,0,0,approval,7.236962,3.694804,1,3
"Nah, I like that they come here and tell on themselves. ",eesfj33,Triquetra4715,unpopularopinion,t3_aj3g7y,t3_aj3g7y,1548273426,12,False,0,0,0,0,1,0,0,0,0,0,0,0,0,0,0,0,0,0,0,0,0,0,0,0,0,0,0,0,approval,11.532271,5.079737,1,1
"[NAME] can stuff it, but I’ll take the disengagement from the Administration for what it is.",ed6ip6k,AModestGent93,syriancivilwar,t3_ac64vr,t1_ed6ieh4,1546553405,3,False,0,0,0,0,1,0,0,0,0,0,0,0,0,0,0,0,0,0,0,0,0,0,1,0,0,0,0,0,approval,11.10684,1.2978605,1,2
"Oh I love flirtationships! This is normally us, but work takes us to a long distance relationship half of the year. ",efdqmtz,90cannaaktivistish,bipolar,t3_alctjq,t1_efdn7g0,1548875565,3,False,0,0,0,0,1,0,0,0,0,0,0,0,0,0,0,0,0,0,1,0,0,0,0,0,0,0,0,0,approval,7.5030427,5.6155877,1,3
Its less than a year old... Doesnt it seem longer,edbbwc0,drunkenpinecone,ChoosingBeggars,t3_acqh1p,t1_edaqytn,1546710884,4,False,0,0,0,0,1,0,0,0,0,0,0,0,0,0,0,0,0,0,0,0,0,0,0,0,0,0,0,0,approval,10.11053,4.64134,1,1
Ur right. It was a loose comparrison.. I hope i got my point across at least.,edll2zq,masterdebator300,MensRights,t3_adxo1q,t1_edlhi4e,1546993971,40,False,0,0,0,0,1,0,0,0,0,0,0,0,0,0,0,0,0,0,0,0,0,0,0,0,0,0,0,0,approval,9.437716,3.115445,1,0
"Ah yes, the romantic concept of a meal in bed.",eexx4hm,daydreamer028,WeWantPlates,t3_ajqwm8,t3_ajqwm8,1548435498,62,False,0,0,0,0,1,0,0,0,0,0,0,0,0,1,0,0,0,0,0,0,0,0,0,0,0,0,0,0,approval,10.466624,5.2093706,1,1
They actively supported it before *mysteriously* going silent about it during and after the 2015 Labour leadership election.,edzy35n,Tophattingson,LabourUK,t3_afmrdg,t1_edzxydj,1547409669,1,False,0,0,0,0,1,0,0,0,0,0,0,0,0,0,0,0,0,0,0,0,0,0,0,0,0,0,0,0,approval,6.6289873,3.095743,1,0
They should be liable for this abuse. It’s just insane!,edxi54r,LDS-UGH,exmormon,t3_afc98y,t3_afc98y,1547334369,3,False,0,0,0,0,1,0,0,0,0,0,0,0,0,0,0,0,0,0,0,0,0,0,0,0,0,0,1,0,approval,7.525528,3.4944766,1,0
Why him* Having a healthy sex drive isn't a problem.,een7lj4,APIPAMinusOneHundred,DeadBedrooms,t3_aic97k,t1_een5a5t,1548105523,18,False,0,0,0,0,1,0,0,0,0,0,0,0,0,0,0,0,0,0,0,0,0,0,0,0,0,0,0,0,approval,9.480384,2.0174038,1,0
"No offense taken, and I agree with your last statement.",ef4eh5e,ppenn777,unpopularopinion,t3_akclpv,t1_ef4dyn5,1548620639,4,False,0,0,0,0,1,0,0,0,0,0,0,0,0,0,0,0,0,0,0,0,0,0,0,0,0,0,0,0,approval,10.027717,6.6358423,1,1
"Truth. If he had time for another relationship, he has time to pay for it. ",eeo17rw,EggSLP,survivinginfidelity,t3_aielo5,t1_een9i1s,1548128001,36,False,0,0,0,0,1,0,0,0,0,0,0,0,0,0,0,0,0,0,0,0,0,0,0,0,0,0,0,0,approval,9.684444,1.7073832,1,0
You definitely have a sexy [NAME] look going on.,ed9haku,zazaroo,datingoverthirty,t3_acncun,t1_ed9go6b,1546645674,4,False,0,0,0,0,1,0,0,0,0,0,0,0,0,0,0,0,0,0,0,0,0,0,0,0,0,0,0,0,approval,12.149077,4.1230164,-1,2
This is one of my favorite of [NAME] songs although all of them are really good. Either beautiful of funny all of them,edngz7w,Hayttman,BreadTube,t3_ae87fp,t3_ae87fp,1547058564,22,False,0,0,0,0,1,0,0,0,0,0,0,0,0,0,0,0,0,0,0,0,0,0,0,0,0,0,0,0,approval,11.314458,3.0872793,1,2
Wow! Congratulations on taking your sex life back! Nice to wake up and see such positivity.,edpk12u,judgymcjudgypants,DeadBedrooms,t3_aefqcu,t3_aefqcu,1547127214,37,False,0,0,0,0,1,0,0,0,0,0,0,0,0,1,0,0,0,0,0,0,0,0,0,0,0,0,1,0,approval,10.111828,5.8831434,1,1
"I agree with that, that's really the only reason I play pk too. Probably the reason my win rate for her is 40%",eedoqbr,Sprinkler_Head,CompetitiveForHonor,t3_ah36py,t1_eedl6jv,1547840789,20,False,0,0,0,0,1,0,0,0,0,0,0,0,0,0,0,0,0,0,0,0,0,0,0,0,0,0,0,0,approval,13.182392,3.5972154,0,2
No I didn't. PM me your username here and I'll reach out to you.,edfi4zy,PM_ME_YOUR_LASSI,exmuslim,t3_ad2nx2,t1_edfhcdv,1546819787,40,False,0,0,0,0,1,0,0,0,0,0,0,0,0,0,0,0,0,0,0,0,0,0,0,0,0,0,0,0,approval,11.090715,2.3883946,1,2
That’s actually a great idea if I ever have a kid that acts like I did!,ee1u158,FrappeInMyStache,LetsNotMeet,t3_afo0aj,t1_ee1hkab,1547478911,66,False,0,0,0,0,1,0,0,0,0,0,0,0,0,0,0,0,0,0,0,0,0,0,0,0,0,0,0,0,approval,8.25577,6.436408,1,3
Girl I got you. guys haven’t experienced culture where basically every girl calls herself fat or tries to restrict their eating because they have insecurity or dysmorphia,edit9l4,HotMessCentral,EDAnonymous,t3_ado4nd,t1_edistoy,1546906755,12,False,0,0,0,0,1,0,0,0,0,0,0,0,0,0,0,0,0,0,0,0,0,0,0,0,0,0,0,0,approval,7.0398593,5.086779,1,3
It’s still undeniably them though. Drawn in the foreground in somewhat true color to make sure it’s a clear homage.,edsrsay,sironej,rickandmorty,t3_aeqh86,t1_edrqilx,1547208229,23,False,0,0,0,0,1,0,0,0,0,0,0,0,0,0,0,0,0,0,0,0,0,0,0,0,0,0,0,0,approval,8.5629425,2.7889574,1,0
You're right. I forgot more Democratic seats were up for reelection! Thanks!,edty6dk,hereforthebenzene,PoliticalDiscussion,t3_aepk3j,t1_edtua1i,1547234715,81,False,0,0,0,0,1,0,0,0,0,0,0,0,0,0,0,1,0,0,0,0,0,0,1,0,0,0,0,0,approval,6.4063964,2.7240546,1,0
Fast as [NAME] will carry me. Seriously uptown to downtown via Claiborne or broad isn’t that bad,eczazk6,Uptownorbust,NewOrleans,t3_abbbq3,t1_eczavr9,1546300819,74,False,0,0,0,0,1,0,0,0,0,0,0,0,0,0,0,0,0,0,0,0,0,0,0,0,0,0,0,0,approval,11.187175,5.6376905,1,1
"Ah yes, crafting their proof using the Convington School [NAME] techniques.",efgbtz2,JFGFNY,Conservative,t3_alcndc,t1_efg9fdm,1548953212,81,False,0,0,0,0,1,0,0,0,0,0,0,0,0,0,0,0,0,0,0,0,0,0,0,0,0,0,0,0,approval,7.0272055,3.167114,1,0
"I have a Secrets engagement ring, I love it, cost 1/10th of a real diamond and no one can tell. Would highly recommend!",eex1qvd,DrBakerPlantPurveyor,melbourne,t3_ajn4l1,t1_eex1kx7,1548415517,23,False,0,0,0,0,1,0,0,0,0,0,0,0,0,0,0,0,0,0,1,0,0,0,0,0,0,0,0,0,approval,10.978917,2.5755668,1,2
I totally read that wrong and was about to shout COLBY 2012,edj65i1,decade240,self,t3_adneoi,t3_adneoi,1546915725,35,False,0,0,0,0,1,0,0,0,0,0,0,0,0,0,0,0,0,0,0,0,0,0,0,0,0,0,0,0,approval,8.831906,3.6250951,1,3
Definitely didn’t give [NAME] a huge scar,ef44i8b,MidEEBoi,TheWalkingDeadGame,t3_ake3gw,t3_ake3gw,1548611194,19,False,0,0,0,0,1,0,0,0,0,0,0,0,0,0,0,0,0,0,0,0,0,0,0,0,0,0,0,0,approval,11.21023,2.3999782,1,2
I know! So relieved.,ed1tqhd,Mintgreenunicorn,90DayFiance,t3_abjgb5,t1_ed0rncg,1546392368,18,False,0,0,0,0,1,0,0,0,0,0,0,0,0,0,0,0,0,0,0,0,0,0,0,0,0,0,0,0,approval,10.799473,6.532012,1,1
No need to apologize. It definitely put things in perspective. I’m just glad your DD ended up ok.,eeqmnhz,Rosegoesplatinum,JUSTNOMIL,t3_aitrue,t1_eeqmhu9,1548210471,73,False,0,0,0,0,1,0,0,0,0,0,0,0,0,0,0,0,0,1,0,0,0,0,0,0,0,0,0,0,approval,9.906607,5.9674945,1,1
Nice try..Hulu exec.,efbynxr,babybopp,HumansBeingBros,t3_al53jb,t1_efbrtkm,1548825357,56,False,0,0,0,0,1,0,0,0,0,0,0,0,0,0,0,0,0,0,0,0,0,0,0,0,0,0,0,0,approval,10.810328,5.7055287,1,1
I like this.,edi0xaa,Liberty_Pr1me,Conservative,t3_adkzyd,t1_edhw66p,1546890979,62,False,0,0,0,0,1,0,0,0,0,0,0,0,0,0,0,0,0,0,0,0,0,0,0,0,0,0,0,0,approval,11.426733,5.0802317,1,1
We always look so hot headed at road 😞,ed9obsl,Rajevic,Mavericks,t3_acgq9t,t3_acgq9t,1546651588,4,False,0,0,0,0,1,0,0,0,0,0,0,0,0,0,0,0,0,0,0,0,0,0,0,0,0,0,0,0,approval,11.837026,4.6167345,1,1
THESAURUS THREW UP ON THIS COMMENT,ef580ll,#NAME?,Documentaries,t3_akbaxf,t1_ef3stnp,1548643857,3,False,0,0,0,0,1,0,0,0,0,0,0,0,0,0,0,0,0,0,0,0,0,0,0,0,0,0,0,0,approval,8.712729,4.7620206,1,3
That actually makes a lot of sense. I stand corrected.,eeb43em,Mr_Ncrdbl,IdiotsInCars,t3_ah2t51,t1_eeaytr4,1547764685,46,False,0,0,0,0,1,0,0,0,0,0,0,0,0,0,0,0,0,0,0,0,0,0,0,0,0,0,0,0,approval,8.122378,5.302307,1,3
I’m still waiting for two of mine as well. This gives me hope that it’s still on its way.. :),edlmkzj,BlackYumes1206,Dodgers,t3_ae0oqh,t3_ae0oqh,1546995213,22,False,0,0,0,0,1,0,0,0,0,0,0,0,0,0,0,0,0,0,0,0,1,0,0,0,0,0,0,0,approval,9.295802,6.21428,1,1
I REALLY should get my breaks checked.,eetundo,Blacbamboo,KidsAreFuckingStupid,t3_aj4nk0,t3_aj4nk0,1548313915,20,False,0,0,0,0,1,0,0,0,0,0,0,0,0,0,0,0,0,0,0,0,0,0,0,0,0,0,0,0,approval,9.132934,6.084605,1,1
Wait for real? That's how they met? lol that's both terrifying and completely fitting considering how nuts they both are,ed22gpz,Comfortfoods,BravoRealHousewives,t3_abpaap,t1_ed21o6j,1546400158,15,False,0,0,0,0,1,0,0,1,0,0,0,0,0,0,1,0,0,0,0,0,0,0,0,0,0,0,0,0,approval,11.615161,3.4950795,1,2
Omg yes feels like being new born.,edpzavx,NotHannaMarin,Trufemcels,t3_ae3s4i,t3_ae3s4i,1547138334,9,False,0,0,0,0,1,0,0,0,0,0,0,0,0,1,0,0,0,0,0,0,0,0,0,0,0,0,1,0,approval,8.968199,5.3312697,1,3
Exactly. Stop talking and let the adults speak u/MeatheadVernacular.,eeaxc4w,Code2008,SeattleWA,t3_agxph1,t1_eearrn5,1547760199,35,False,0,0,0,0,1,0,0,0,0,0,0,0,0,0,0,0,0,0,0,0,0,0,0,0,0,0,0,0,approval,9.162618,4.9766765,1,3
Yes. Ignore and move on,ed6v57b,Napalmenator,legaladvice,t3_accal5,t1_ed6uaf4,1546563094,37,False,0,0,0,0,1,1,0,0,0,0,0,0,0,0,0,0,0,0,0,0,0,0,0,0,0,0,0,0,approval,9.136613,5.1534305,1,3
I’ll buy it i don’t care,eczkygh,hasselhoffbb,raimimemes,t3_abe34c,t1_eczkxo5,1546309923,23,False,0,0,0,0,1,0,0,0,0,0,0,0,0,0,0,0,0,0,0,0,0,0,0,0,0,0,0,0,approval,8.224118,4.7954187,1,3
I'm [NAME] and I'll leave you with what we all came here to see ... [NAME]!,ee7faen,ammexico,TheSimpsons,t3_aglo89,t3_aglo89,1547659359,57,False,0,0,0,0,1,0,0,0,0,0,0,0,0,0,0,0,0,0,0,0,0,0,0,0,0,0,0,0,approval,11.78286,1.7609864,1,2
I've been really into reading nonfiction lately and ancient religious history sounds fascinating! Do you have any books you recommend?,een9ben,mzlapq-1,AskFeminists,t3_aibokc,t1_eemo0fk,1548106704,4,False,0,0,0,0,1,0,0,1,0,0,0,0,0,0,0,0,0,0,0,0,0,0,0,0,0,0,0,0,approval,11.175419,4.894662,1,1
Fair enough. You know him better than any of us do.,edppitt,azngirl7689,breakingmom,t3_aejaef,t1_edpp5ka,1547131074,61,False,0,0,0,0,1,0,0,0,0,0,0,0,0,0,0,0,0,0,0,0,0,0,0,0,0,0,0,0,approval,9.97647,1.6784755,1,0
"Not evenly proportional, and not what I said. I'm talking just overall shape for proportion. I like a mom belly.... They're pretty sexy.",eee5gjo,Dad_the_Geek,adultery,t3_ah576l,t1_eee4jtf,1547851044,62,False,0,0,0,0,1,0,0,0,0,0,0,0,0,0,0,0,0,0,0,0,0,0,0,0,0,0,0,0,approval,7.2236447,5.501163,1,3
It defiantly shapes up the picture.,ee2ng4o,KINGPEYTON,NYGiants,t3_ag011g,t1_ee2n0s6,1547500063,66,False,0,0,0,0,1,0,0,0,0,0,0,0,0,0,0,0,0,0,0,0,0,0,0,0,0,0,0,0,approval,9.096347,4.0128255,1,3
"Ya did good, kid. ",eetoho2,Metrologyyy,wildhockey,t3_aj7l6d,t1_eetogvu,1548307041,60,False,0,0,0,0,1,0,0,0,0,0,0,0,0,0,0,0,0,0,0,0,0,0,0,0,0,0,0,0,approval,10.655502,6.0195694,1,1
Good try now turn the lights on.,efeoind,walmartgreeter4,awfuleverything,t3_alipxf,t3_alipxf,1548898979,26,False,0,0,0,0,1,0,0,0,0,0,0,0,0,0,0,0,0,0,0,0,0,0,0,0,0,0,0,0,approval,10.683953,5.32299,1,1
A year later the store closed because they don't know how markets work,eep6bw7,SpinCity07,UpliftingNews,t3_aimdku,t3_aimdku,1548173127,23,False,0,0,0,0,1,0,0,0,0,0,0,0,0,0,0,0,0,0,0,0,0,0,0,0,0,0,0,0,approval,7.828282,2.6171715,1,0
Seriously. A lot of small businesses especially rely on federal work. I hope this gets solved soon.,edv6a2g,buttercup_mauler,Denver,t3_af04b0,t1_eduroca,1547264898,61,False,0,0,0,0,1,0,0,0,0,0,0,0,0,0,0,0,0,0,0,0,1,0,0,0,0,0,0,0,approval,6.5359883,2.6755886,1,0
"No that's plenty, you've already proved the original comments point even further.",ee8zqz8,JackOscar,AdviceAnimals,t3_agsklj,t1_ee8vy8g,1547697210,26,False,0,0,0,0,1,0,0,0,0,0,0,0,0,0,0,0,0,0,0,0,0,0,0,0,0,0,0,0,approval,10.219063,6.702763,1,1
Yeah... major design flaw.,ed5qu96,Flyasablackguy,tifu,t3_ac7djo,t1_ed5qszl,1546533875,57,False,0,0,0,0,1,0,0,0,0,1,0,0,0,0,0,0,0,0,0,0,0,0,0,0,0,0,0,0,approval,8.040982,2.632955,1,0
"I knew there is always an Orochi, even in a [NAME] vs [NAME] duel. Hiding, waiting...",eecez3y,Cobolock,forhonor,t3_ah5h2q,t1_eeblxs2,1547807806,42,False,0,0,0,0,1,0,0,0,0,0,0,0,0,0,0,0,0,0,0,0,0,0,0,0,0,0,0,0,approval,11.410159,1.8345605,1,2
right. which is why he got suspended. because nothing happened. makes sense.,eey7b6u,Kendallsan,minnesotavikings,t3_ajr00j,t1_eey5zfj,1548441069,23,False,0,0,0,0,1,0,0,0,0,0,0,0,0,0,0,0,0,0,0,0,0,0,0,0,0,0,0,0,approval,9.8020115,1.0729102,1,0
Any response helps and makes me feel like I’m not alone....thank you❤️,ef4dp8e,mrsanonymous999,socialanxiety,t3_akfdm9,t3_akfdm9,1548619772,62,False,0,0,0,0,1,0,0,0,0,0,0,0,0,0,0,1,0,0,0,0,0,0,0,0,0,0,0,0,approval,10.155924,6.6512413,1,1
"[NAME], [NAME], [NAME], hey [NAME]. [NAME]! I’m a prostitute robot from the future.",edaqfix,annaftw,HighQualityGifs,t3_actim1,t1_edaq5fb,1546695159,75,False,0,0,0,0,1,0,0,0,0,0,0,0,0,0,0,0,0,0,0,0,0,0,0,0,0,0,0,0,approval,11.7562,1.8233873,1,2
23/68 last 9 games. Yeah that’s a bad %,edjftzf,HokieinFL28,OrlandoMagic,t3_ado3sd,t1_edjf1hq,1546922529,22,False,0,0,0,0,1,0,0,0,0,1,0,0,0,0,0,0,0,0,0,0,0,0,0,0,0,0,0,0,approval,8.609595,1.3411868,1,0
Her promo's alone would be a great addition to the promotion.,edkwtoo,TheFergPunk,SquaredCircle,t3_ads647,t3_ads647,1546976084,40,False,0,0,0,0,1,0,0,0,0,0,0,0,0,0,0,0,0,0,0,0,0,0,0,0,0,0,0,0,approval,13.055381,3.5193157,0,2
The American way is to show some empathy for others come on dude,ee1vuua,sayNoToEscalators,environment,t3_afvnnd,t1_ee1uaaa,1547480410,37,False,0,0,0,0,1,1,0,0,0,0,0,0,0,0,0,0,0,0,0,0,0,0,1,0,0,0,0,0,approval,8.102155,5.4867477,1,3
my good girl,eeky3lo,SaltyBabe,wholesomememes,t3_ahy0s1,t3_ahy0s1,1548029899,60,False,0,0,0,0,1,0,0,0,0,0,0,0,0,0,0,0,0,0,0,0,0,0,0,0,0,0,0,0,approval,10.76046,5.8382015,1,1
Prepare for it and become happy with yourself but also accept its impermanence.,edlmod0,evbu9898,AskMen,t3_adz513,t3_adz513,1546995292,40,False,0,0,0,0,1,0,0,0,0,0,0,0,0,0,0,0,0,0,0,0,0,0,0,0,0,0,0,0,approval,8.446276,5.5483413,1,3
It’s counterfeit. Just morally wrong.,ee12d9a,dylantus,NewYorkIslanders,t3_afrekb,t1_ee12aum,1547441302,3,False,0,0,0,0,1,0,0,0,0,0,0,0,0,0,0,0,0,0,0,0,0,0,0,0,0,0,0,0,approval,7.8225036,3.526412,1,0
Please for the love of [NAME] be right 🙏🏼,edjcgas,wconti27,NYYankees,t3_adplvz,t1_edj9a0z,1546920060,72,False,0,0,0,0,1,0,0,0,0,0,0,0,0,0,0,0,0,0,0,0,0,0,0,0,0,0,0,0,approval,11.670953,1.6267736,1,2
Dam 😣 that was awesome!,edyp9kw,ThaOutlandish1,nonononoyes,t3_afffu3,t3_afffu3,1547371845,4,False,0,0,0,0,1,0,0,0,0,0,0,0,0,0,0,0,0,0,0,0,0,0,0,0,0,0,0,0,approval,11.587235,5.4740944,1,1
right. which is why he got suspended. because nothing happened. makes sense.,eey7b6u,Kendallsan,minnesotavikings,t3_ajr00j,t1_eey5zfj,1548441069,15,False,0,0,0,0,1,0,0,0,0,0,0,0,0,0,0,0,0,0,0,0,0,0,0,0,0,0,0,0,approval,9.761066,1.1540213,1,0
You summed it up perfectly. I can’t even say anything else because I have nothing else better to say.,edzcvb6,Tokoloshe_Man15,atheism,t3_afj6a2,t1_edz7mz1,1547396302,26,False,0,0,0,0,1,0,0,0,0,0,0,0,0,0,0,0,0,0,0,0,0,0,0,0,0,0,0,0,approval,10.161038,6.626903,1,1
Yep and what a wonderful land it is. My favorite place in the world Edit: omg everybody so mad 🤣🤣🤣🤣🤣,efgupiy,AimedRocket,NYKnicks,t3_altgnp,t1_efgun3g,1548965539,4,False,0,0,0,0,1,0,0,0,0,0,0,0,0,0,0,0,0,0,0,0,0,0,0,0,0,0,0,0,approval,11.353657,5.7827964,1,1
"See my previous post, I put them there! :)",eehutnl,TillyBelly,90DayFiance,t3_ahse16,t1_eehujzc,1547952136,40,False,0,0,0,0,1,0,0,0,0,0,0,0,0,0,0,0,0,0,0,0,0,0,0,0,0,0,0,0,approval,9.686861,3.6851912,1,0
"Not necessarily, plenty of people in my small town that will buy your food stamps.",edyb21u,DepressedDopeMom,Drugs,t3_afb0u6,t1_edy4j3b,1547354936,19,False,0,0,0,0,1,0,0,0,0,0,0,0,0,0,0,0,0,0,0,0,0,0,0,0,0,0,0,0,approval,7.288752,2.2962003,1,0
That's no trip. That's a hip check with flair.,edclq07,Sonny_Zwack,sabres,t3_acutyv,t3_acutyv,1546741671,78,False,0,0,0,0,1,0,0,0,0,0,0,0,0,0,0,0,0,0,0,0,0,0,0,0,0,0,0,0,approval,9.585835,3.382667,1,0
My mistake. I just glanced over your last post.,ef4o0fy,Huz647,islam,t3_ajz2nz,t1_ef4nu2i,1548629268,22,False,0,0,0,0,1,0,0,0,0,1,0,0,0,0,0,0,0,0,0,0,0,0,0,0,0,0,0,0,approval,9.440158,3.4666855,1,0
I suppose inducing vomiting is a sort of detox...,ed4nlzb,Paula92,antiMLM,t3_abt4zi,t1_ed3lads,1546489683,3,False,0,0,0,0,1,0,0,0,0,0,0,0,0,0,0,0,0,0,0,0,0,0,0,0,0,0,0,0,approval,9.18456,4.158988,1,3
"I think, call before you come and limit it to an hour is reasonable if you have relatives that need to be told that. ",ed2cvhn,shhh_its_me,entitledparents,t3_ab9yrs,t1_ecyn2rq,1546411326,1,False,0,0,0,0,1,0,0,0,0,0,0,0,0,0,0,0,0,0,0,0,0,0,0,0,0,0,0,0,approval,8.600229,6.5045905,1,3
I'll be honest - I just want new stories. Not prequels. Doing things in the past are just too limiting with storytelling.,ef12dgc,thundersnow528,masseffect,t3_ak2qw9,t3_ak2qw9,1548525426,3,False,0,0,0,0,1,0,0,0,0,0,0,0,0,0,0,0,0,0,0,0,0,0,0,0,0,0,0,0,approval,11.363151,5.2044597,1,1
Let's not forget that local politicians don't like it and give them hell for their efforts.,eddlpl8,harshgandhiin,wholesomememes,t3_ad1rm8,t1_edcv4ht,1546775946,42,False,0,0,0,0,1,0,0,0,0,0,0,0,0,0,0,0,0,0,0,0,0,0,0,0,0,0,0,0,approval,6.753298,2.5409918,1,0
He's gotta be a robot or a test tube baby. Only explanation.,eewzmjl,HokageEzio,NYGiants,t3_ajm342,t3_ajm342,1548412762,15,False,0,0,0,0,1,0,0,0,0,0,0,0,0,0,0,0,0,0,0,0,0,0,0,0,0,0,0,0,approval,9.883424,1.8601096,1,0
"It has its moments, that's for sure.",efdrc4w,klechem,Battlefield,t3_albl8f,t1_efdlaed,1548875995,20,False,0,0,0,0,1,0,0,0,0,0,0,0,0,0,0,0,0,0,0,0,0,0,0,0,0,0,0,0,approval,9.012605,4.5292726,1,3
"I completely agree, I just think there is more of a chance of Clowney getting tagged than [NAME] getting tagged a second time.",edek6fz,Rugger11,nyjets,t3_ad2o7c,t1_eddyi82,1546800708,8,False,0,0,0,0,1,0,0,0,0,0,0,0,0,0,0,0,0,0,0,0,0,0,0,0,0,0,0,0,approval,11.158804,2.015544,1,2
"Well he's right. The evil is a choice, it's not inherent.",eeeu4qb,critically_damped,ENLIGHTENEDCENTRISM,t3_ahf79j,t1_eeeavh3,1547870224,18,False,0,0,0,0,1,0,0,0,0,0,0,0,0,0,0,0,0,0,0,0,0,0,0,0,0,0,0,0,approval,7.6250663,3.8589916,1,3
"""This is good. What is it?"" ""Es carne de burro."" ""Heh, my name's [NAME].""",efarufp,dfc85,TheSimpsons,t3_al4w4k,t3_al4w4k,1548797842,41,False,0,0,0,0,1,0,0,0,0,0,0,0,0,0,0,0,0,0,0,0,0,0,0,0,0,0,0,0,approval,11.625806,1.5907892,1,2
Yes! She lost more!,ed4h88o,jacobr1020,My600lbLife,t3_a8owy5,t3_a8owy5,1546483985,9,False,0,0,0,0,1,0,0,0,0,0,0,0,0,1,0,0,0,0,0,0,0,0,0,0,0,0,0,0,approval,13.079213,3.3423371,0,2
They were really supportive!,eeabqza,Foot-Clock,traaaaaaannnnnnnnnns,t3_aguoym,t1_ee9rfa3,1547746623,4,False,0,0,0,0,1,0,0,0,0,0,0,0,0,0,0,0,0,0,0,0,0,0,0,0,0,0,0,0,approval,10.881358,6.801517,1,1
This really bothers me too. I completely agree. It would have helped us avoid a US situation. Now I think we're barreling toward it,ee6shux,spazmodic-,onguardforthee,t3_agez0f,t1_ee6l666,1547639760,23,False,0,0,0,0,1,0,0,0,0,1,0,0,0,0,0,0,0,0,0,0,0,0,0,0,0,0,0,0,approval,7.1218853,2.8778973,1,0
"Yes I am. Not sure other than to give me your best answer. Yes, walking in your moccasins is my goal. Thank you.",eehvb0o,LillyEpstein,AskALiberal,t3_aht3xl,t1_eehuzlq,1547952500,2,False,0,0,0,0,1,0,0,0,0,0,0,0,0,0,0,1,0,0,0,0,1,0,0,0,0,0,0,0,approval,10.086747,6.934577,1,1
"I can't stop staring at ""[NAME]"". ",eezbkyh,gulowulo,vanderpumprules,t3_ajtqjx,t3_ajtqjx,1548467993,3,False,0,0,0,0,1,0,0,0,0,0,0,0,0,0,0,0,0,0,0,0,0,0,0,0,0,0,0,0,approval,11.547203,2.0084844,1,2
I’m sure [NAME] was thinking this when he told his daughter that she stunk like a toilet on his deathbed.,edrf0al,censor-design,gifs,t3_aelzl2,t1_edrd6mb,1547166834,12,False,0,0,0,0,1,0,0,0,0,0,0,0,0,0,0,0,0,0,0,0,0,0,0,0,0,0,0,0,approval,10.038335,2.1343756,1,2
Not under [NAME]. Under [NAME] desperate greedy extreme partisan coward politics. They purposely brought racism front and center.,eeqm42t,rockcandymtns,TopMindsOfReddit,t3_ais8qd,t1_eeqfpkw,1548210049,73,False,0,0,0,0,1,0,0,0,0,0,0,0,0,0,0,0,0,0,0,0,0,0,1,0,0,0,0,0,approval,6.70107,3.1402912,1,0
"She is blackmailing him, which is illegal. If she releases the pics, that would also be illegal. How old is/was she?",ed8fv74,ResidentAsylum,legaladvice,t3_acjtm1,t3_acjtm1,1546619753,56,False,0,0,0,0,1,0,0,0,0,0,0,0,0,0,0,0,0,0,0,0,0,0,0,0,0,0,0,0,approval,12.919431,3.1710086,0,2
He said great investment definitely not lost is this sub going to get back on track. Just because a post is bad doesn't mean they're lost.,ee8138r,Geksinforce,lostredditors,t3_agm3cm,t3_agm3cm,1547673014,62,False,0,0,0,0,1,0,0,0,0,0,0,0,0,0,0,1,0,0,0,0,0,0,0,0,0,0,0,0,approval,10.258179,6.093785,1,1
Have you never been to this sub before? This is like 40 percent of the people here,ed0n8nf,[deleted],deadbydaylight,t3_abjc04,t1_ed0musr,1546359893,42,False,0,0,0,0,1,0,0,1,0,0,0,0,0,0,0,0,0,0,0,0,0,0,0,0,0,0,0,0,approval,10.46664,3.6168606,1,2
This is the beginning of a comeback for the ages.,ee1cohh,blackb0xes,tennis,t3_afl4j4,t3_afl4j4,1547455630,15,False,0,0,0,0,1,0,0,0,0,0,0,0,0,0,0,0,0,0,0,0,0,0,0,0,0,0,0,0,approval,11.231402,4.2897377,1,1
Sadly the Request a Book of [RELIGION] requires a phone number now. But if you have theirs it might work;,ef314aq,[deleted],exmormon,t3_ak7z2d,t1_ef30twm,1548577790,3,False,0,0,0,0,1,0,0,0,0,0,0,0,0,0,0,0,0,0,0,0,0,0,1,0,0,0,0,0,approval,11.0857115,1.3433628,1,2
[NAME] everyone hated that map on lans we played.... but i loved it and forced it up their throat,ee1qgh4,clone1337,GlobalOffensive,t3_afvbx9,t3_afvbx9,1547475724,60,False,0,0,0,0,1,0,0,0,0,0,0,0,0,0,0,0,0,0,0,0,0,0,0,0,0,0,0,0,approval,10.938041,2.5123582,1,2
They might not be intending to use the main actors.,ednpbcq,Joseyfish,starwarsspeculation,t3_ae91r5,t1_ednl00h,1547064308,74,False,0,0,0,0,1,0,0,0,0,0,0,0,0,0,0,0,0,0,0,0,0,0,0,0,0,0,0,0,approval,8.114618,2.9122229,1,0
"He believed Ireland had a right to exist, he just didn’t believe in the way the IRA(1919-1921) went about their business. ",edxjy8p,2pi628,northernireland,t3_afalio,t1_edx09y4,1547335458,40,False,0,0,0,0,1,0,0,0,0,0,0,0,0,0,0,0,0,0,0,0,0,0,0,0,0,0,0,0,approval,7.4983134,2.149513,1,0
"Don't apologize for a joke,especially when its true.",eecgtp6,Tallonius,Jokes,t3_ah4ryf,t3_ah4ryf,1547810089,40,False,0,0,0,0,1,0,0,0,0,0,0,0,0,0,0,0,0,0,0,0,0,0,0,0,0,0,0,0,approval,10.240436,3.564198,1,2
I chopped it up a little for you. I hope that helps. I'm not sure I can make that much more concise.,eeljmo9,Vinylismist,Anarchism,t3_ahr5zx,t1_eeljfjr,1548046869,40,False,0,0,0,0,1,0,0,0,0,0,0,0,0,0,0,0,0,0,0,0,0,0,0,0,0,0,0,0,approval,9.065788,5.5225854,1,3
I know what I said son,ee9ahmd,Home_,worldnews,t3_agueal,t1_ee9a4l5,1547708504,22,False,0,0,0,0,1,0,0,0,0,0,0,0,0,0,0,0,0,0,0,0,0,0,0,0,0,0,0,0,approval,8.79082,5.809677,1,3
Tinder is mostly for fucking not a LTR. Men also do this.,eemomp2,StariUniverse,IncelTears,t3_ai58md,t1_eemnlzu,1548092559,78,False,0,0,0,0,1,0,0,0,0,0,0,0,0,0,0,0,0,0,0,0,0,0,0,0,0,0,0,0,approval,8.364634,3.1297803,1,0
"Ah yes of course, how could I have been such a Horseshoe crab!",eephbkf,[deleted],ENLIGHTENEDCENTRISM,t3_aimolp,t1_eeph674,1548180898,37,False,0,0,0,0,1,0,0,0,0,0,0,0,0,0,0,0,0,0,0,0,0,0,1,0,0,0,0,0,approval,9.498062,3.840915,1,3
Way to go mama for being so supportive!,edp6bff,StephLathClark,breakingmom,t3_aedtuj,t3_aedtuj,1547110446,52,False,0,0,0,0,1,0,0,0,0,0,0,0,0,0,0,0,0,0,0,0,0,0,0,0,0,0,0,0,approval,10.659092,7.047308,1,1
[NAME] out? [NAME] is losing his mind!,eczh7ro,WRWRanchonReddit,Mavericks,t3_ab5f7o,t3_ab5f7o,1546306211,6,False,0,0,0,0,1,0,0,0,0,0,0,0,0,0,0,0,0,0,0,0,0,0,0,0,0,0,0,0,approval,10.996642,1.7950722,1,2
Yeah [NAME] has won worlds,ef72ea5,Ajwf,leagueoflegends,t3_akmoga,t1_ef61nz8,1548703137,37,False,0,0,0,0,1,0,0,0,0,0,0,0,0,0,0,0,0,0,0,0,0,0,0,0,0,0,0,0,approval,12.101174,1.8501246,1,2
Huh? Mutts are usually healthier than pure-breds. It's the pure-bred dogs that have weird genetic issues.,ed7lcq5,jaiagreen,unpopularopinion,t3_acd999,t1_ed7l29m,1546586718,61,False,0,0,0,0,1,0,0,0,0,0,0,0,0,0,0,0,0,0,0,0,0,0,0,0,0,0,0,0,approval,7.2051263,4.24452,1,3
"“Thrive has changed not just your life but mine as well.” 🙄 yeah, definitely a child’s sentence structure",edexcy1,JohnOliversPenis,antiMLM,t3_ad18ma,t3_ad18ma,1546807792,37,False,0,0,0,0,1,0,0,0,0,0,0,0,0,0,0,0,0,0,0,0,0,0,0,0,0,0,0,0,approval,8.298517,4.9854918,1,3
That's the exact person who would buy one of those,ee884u2,bplzizcool,ATBGE,t3_agn4np,t3_agn4np,1547677524,66,False,0,0,0,0,1,0,0,0,0,0,0,0,0,0,0,0,0,0,0,0,0,0,0,0,0,0,0,0,approval,10.68239,2.195104,1,2
Sub... chill... I see what you did there...,eeqeoxy,coldgravyblues,MortalKombat,t3_aisw04,t1_eeqekgn,1548204485,22,False,0,0,0,0,1,0,0,0,0,0,0,0,0,0,0,0,0,0,0,0,0,0,0,0,0,0,0,0,approval,10.330092,3.933449,1,2
Will you PM me too? I've been looking for a birthday present and I'd like to take a look at what you've got!,eese6si,YoureNotYouAnymore,ChoosingBeggars,t3_aj0zz7,t1_ees7lke,1548272529,4,False,0,0,0,0,1,0,0,0,0,0,0,0,0,0,0,0,0,0,0,0,0,0,0,0,0,0,0,0,approval,10.734308,6.088919,1,1
It depends... I understand if someone banns the champ in ranked.. but in normals i agree,ef69z72,Aorean,leagueoflegends,t3_aklszm,t1_ef67r49,1548684801,6,False,0,0,0,0,1,0,0,0,0,0,0,0,0,0,0,0,0,0,0,0,0,0,0,0,0,0,0,0,approval,8.734467,1.2872872,1,0
"I’ll untwist my knickers when you quit applying some arsehole opinion science on someone else’s mental health condition, deal?",ede2mpo,FumbleMyEndzone,ScottishFootball,t3_ad5ce2,t1_ede2iob,1546790515,5,False,0,0,0,0,1,0,0,0,0,0,0,0,0,0,0,0,0,0,0,0,0,0,0,0,0,0,0,0,approval,7.5056114,3.8837762,1,3
"I take it you'll be consistent in this stance and never go to the doctor, because there's nothing you can do to stop it. ",edhecvu,DemerzelHF,Shitstatistssay,t3_ade866,t1_edhatra,1546878940,23,False,0,0,0,0,1,0,0,0,1,0,0,0,0,0,0,0,0,0,0,0,0,0,0,0,0,0,0,0,approval,7.6808486,5.0416293,1,3
I can just do it with my eyes open. Is that weird? It kind of hurts.,edozj13,RedLockes1,TooAfraidToAsk,t3_ae94b6,t3_ae94b6,1547100959,3,False,0,0,0,0,1,0,0,1,0,0,0,0,0,0,0,0,0,0,0,0,0,0,0,0,0,0,0,0,approval,9.267935,4.5275793,1,3
It's also the only title that doesn't have to be defended. Convenient that.,ef2tzdc,doobie_5,Boxing,t3_ajxdua,t1_ef29qls,1548570906,51,False,0,0,0,0,1,0,0,0,0,0,0,0,0,0,0,0,0,0,0,0,0,0,0,0,0,0,0,0,approval,8.866464,2.2425938,1,0
"Yeeeaaaah, move out and keep showing off the clam.",edv9tyb,zoidbender,tifu,t3_aezy1p,t3_aezy1p,1547268174,22,False,0,0,0,0,1,1,0,0,0,0,0,0,0,0,0,0,0,0,0,0,0,0,0,0,0,0,0,0,approval,9.488662,5.185002,1,1
"Yeah that's about what I found. Not that specific page but I got into ""My Profile"" ",edofyho,Predatorftfw,walmart,t3_acpu8k,t1_edewt1x,1547083498,26,False,0,0,0,0,1,0,0,0,0,0,0,0,0,0,0,0,0,0,0,0,0,0,0,1,0,0,0,0,approval,10.774235,2.7906733,1,2
Yep...this sub blasted me for hating the casey hire and still refuses to admit his big faults,edpq7bd,Wolverwings,DetroitPistons,t3_aeh01t,t1_edpeg8l,1547131960,26,False,0,0,0,1,0,0,0,0,0,0,1,0,0,0,0,0,0,0,0,0,0,0,0,0,0,0,0,0,annoyance,9.387476,1.5810981,1,0
"Joat, mo nint. I don't question the dutch part, I question it being a staple/stable.",eefbepq,TheWanderingWriter,belgium,t3_ahgmue,t1_eef9rp9,1547887346,32,False,0,0,0,1,0,0,0,0,0,0,0,0,0,0,0,0,0,0,0,0,0,0,0,0,0,0,0,0,annoyance,8.720955,2.2018821,1,0
> Suggestions like this are why Blizzard don't take their own community seriously. This should be this sub's slogan.,efcielk,[deleted],Overwatch,t3_albh8o,t1_efci970,1548845320,19,False,0,0,0,1,0,0,0,0,0,0,0,0,0,0,0,0,0,0,0,0,0,0,0,0,0,0,0,0,annoyance,7.937358,3.2559254,1,0
The most my dad did to help with the housework in 35+ years of their marriage was to lift his legs while mum vacuums around the couch,eevhzdx,S9sasv,exmuslim,t3_aj11xs,t3_aj11xs,1548364706,60,False,0,0,0,1,0,0,0,0,0,0,0,0,0,0,0,0,0,0,0,0,0,0,0,0,0,0,0,0,annoyance,8.437686,6.616276,1,3
It makes customers uncomfortable because we're calling them on their BS and this is the only way to get them to own up to it.,ed250fo,toriemm,starbucks,t3_abktp4,t1_ed22u17,1546402554,77,False,0,0,0,1,0,0,0,0,0,0,0,0,0,0,0,0,0,0,0,0,0,0,0,0,0,0,0,0,annoyance,7.656748,2.9584079,1,0
The real comedycemetery is people still posting this joke for the hundredth time,eejzggs,SjorsTea,ComedyCemetery,t3_ahxz06,t3_ahxz06,1548009729,11,False,0,0,0,1,0,0,0,0,0,0,0,0,0,0,0,0,0,0,0,0,0,0,0,0,0,0,0,0,annoyance,10.205117,3.54961,1,2
If there is no goal on this powerplay it will be difficult not to be hopeless,ee61xwb,PoopInMyScoop,goldenknights,t3_agemys,t3_agemys,1547606178,76,False,0,0,0,1,0,0,0,0,0,0,0,0,0,0,0,0,0,0,0,0,0,0,0,0,0,0,0,0,annoyance,8.455923,5.5306497,1,3
"At least he was polite - ""please"" fuck off! ",edpchmr,Nomisisme,TalesFromRetail,t3_ae5fom,t3_ae5fom,1547119568,52,False,0,0,0,1,0,0,0,0,0,0,0,0,0,0,0,0,0,0,0,0,0,0,0,0,0,0,0,0,annoyance,9.869828,2.081831,1,0
Workers of the world unite! We have nothing to lose but our chains!,ed1ezv3,radtads,FellowKids,t3_abh6lh,t1_ed0kia3,1546380083,26,False,0,0,0,1,0,0,0,0,0,0,0,0,0,0,0,0,0,0,0,0,0,0,0,0,0,0,0,0,annoyance,9.837083,6.406606,1,1
Why would you doubt it dumbass?,eduun99,ugliestman1,Tinder,t3_aejwne,t1_edumeal,1547255444,79,False,0,0,0,1,0,0,0,1,0,1,0,0,0,0,0,0,0,0,0,0,0,0,0,0,0,0,0,0,annoyance,8.127151,3.7851949,1,3
"If he has to put up with people like you, I feel even more sorry for him now. Yikes. ",edtzphs,BlackWhiteRedYellow,ToolBand,t3_aeeq89,t1_edtzle7,1547235484,15,False,0,0,0,1,0,1,0,0,0,0,0,0,0,0,0,0,0,0,0,0,0,0,0,0,0,0,0,0,annoyance,9.644358,1.9365609,1,0
You're easily as classist as her.,ee1hrdg,kloppatam,ireland,t3_afu6eo,t1_ee1ginl,1547464904,52,False,0,0,0,1,0,0,0,0,0,0,0,0,0,0,0,0,0,0,0,0,0,0,0,0,0,0,0,0,annoyance,12.880625,3.4723215,0,2
“Start caring about Reddit downvotes” has to be the weirdest life advice I’ve received in years.,edqnqfk,ur_a_idiet,toronto,t3_aejjsp,t1_edqf6ns,1547151066,66,False,0,0,0,1,0,0,0,0,0,0,1,0,0,0,0,0,0,0,0,0,0,0,0,0,0,0,0,0,annoyance,8.030786,3.3927774,1,0
Adding this to the list of reason why Wales doesn't get the Celtic Union invite when it all goes to shit over there,ef12fto,DuskLab,ireland,t3_ak15kh,t1_ef0yx90,1548525469,76,False,0,0,0,1,0,0,0,0,0,0,0,0,0,0,0,0,0,0,0,0,0,0,0,0,0,0,0,0,annoyance,7.746317,1.7676446,-1,0
Ugh. I just hate seeing this name :(,eeycd6n,InvisibleTeeth,NewYorkMets,t3_ajs9c0,t3_ajs9c0,1548444134,61,False,0,0,0,1,0,0,0,0,0,0,0,0,0,0,0,0,0,0,0,0,0,0,0,0,0,0,0,0,annoyance,11.437438,1.9378959,1,2
He posted about white racists on a post that has nothing to do about racism. Pretty sure he is just racist.,efd71pg,AnotherPSA,holdmycosmo,t3_alca5s,t1_efd35nq,1548863434,4,False,0,0,0,1,0,0,0,0,0,0,0,0,0,0,0,0,0,0,0,0,0,0,0,0,0,0,0,0,annoyance,7.0218353,3.792788,1,3
Can confirm stop interrupting our Shaman bites with your reckless cent behavior,edp61iz,-_Chiron_-,forhonor,t3_ae7d9e,t1_edo3t8x,1547110031,21,False,0,0,0,1,0,0,0,0,0,0,0,0,0,0,0,0,0,0,0,0,0,0,0,0,0,0,0,0,annoyance,8.841974,4.8332314,1,3
"Hey now, don’t try to have the guy killed. This is an upstanding sub. ",ee3mhgt,osborn21,TooAfraidToAsk,t3_ag3npo,t1_ee3d6kp,1547527694,46,False,0,0,0,1,0,0,0,0,0,0,0,0,0,0,0,0,0,0,0,0,0,0,0,0,0,0,0,0,annoyance,10.347416,3.142785,1,2
"> Blame the person who made the rules, not the enforce I am sticking with blaming both. ",ee9hqqz,EpicSteak,MorbidReality,t3_agpy48,t1_ee9a787,1547719178,7,False,0,0,0,1,0,0,0,0,0,0,0,0,0,0,0,0,0,0,0,0,0,0,0,0,0,0,0,0,annoyance,7.3834867,3.6819928,1,3
I’m totally having a fantasy about publicly shaming someone for giving their server attitude right now. Sweet justice.,edluuyg,[deleted],aspergers,t3_adzs3m,t1_edlo4ix,1547001846,60,False,0,0,0,1,0,0,0,0,0,0,0,0,0,0,0,0,0,0,0,0,0,0,0,0,0,0,0,0,annoyance,7.5906115,3.4197147,1,0
me as fuck,ee3se8k,taaaabz,starbucks,t3_ag2wih,t3_ag2wih,1547534282,27,False,0,0,0,1,0,0,0,0,0,0,0,0,0,0,0,0,0,0,0,0,0,0,0,0,0,0,0,0,annoyance,9.578308,5.096699,1,1
The republicans are the military. You are an idiot.,eepirny,[deleted],ABoringDystopia,t3_aigz8x,t1_eeojr7f,1548181893,33,False,0,0,0,1,0,0,0,0,0,0,0,0,0,0,0,0,0,0,0,0,0,0,0,0,0,0,0,0,annoyance,7.1586375,3.1815014,1,0
To me the toenails is the grossest part! 🤮,ef4hwtm,Hkube574,My600lbLife,t3_akfoyh,t3_akfoyh,1548624066,61,False,0,0,0,1,0,0,0,0,0,0,0,1,0,0,0,0,0,0,0,0,0,0,0,0,0,0,0,0,annoyance,9.473175,3.3488762,1,0
I think it was roughing and unsportsmanlike conduct for the chirp or something stupid like that. I couldn't believe [NAME] got away with that,edhgy0t,Carlthefox,EdmontonOilers,t3_adil3r,t1_edhfjam,1546880324,81,False,0,0,0,1,0,0,0,0,0,0,0,0,0,0,0,0,0,0,0,0,0,0,0,0,0,0,1,0,annoyance,9.220831,3.1630573,1,0
"and as soon as I said ni IPAD tonight, I was like GIRL what the fresh hell is tonight gonna bring! ",eery2ob,Creatingpeace,breakingmom,t3_aj0627,t1_eerwakr,1548261824,38,False,0,0,0,1,0,0,0,0,0,0,0,0,0,0,0,0,0,0,0,0,0,0,0,0,0,0,0,0,annoyance,9.835419,5.3014274,1,1
Don't fucking disrespect the World's Largest Love Machine ever again,edj9yw8,Rabidgoat1,SquaredCircle,t3_adofz9,t1_edj9vw3,1546918372,30,False,0,0,0,1,0,0,0,0,0,0,0,0,0,0,0,0,0,0,0,0,0,0,0,0,0,0,0,0,annoyance,7.085299,5.2672815,1,3
I don't even cook the steel cut! I just love the chewiness! I'm usually fuller longer with steel cut too.,eemm0du,liftinggirl,AskWomen,t3_aiajgg,t1_eemlioz,1548090764,57,False,0,0,0,1,0,0,0,0,0,0,0,0,0,0,0,0,0,0,1,0,0,0,0,0,0,0,0,0,annoyance,8.926446,5.512911,1,3
that was a horrible mess with 3k skills,ef3fqhs,kalamari__,MMORPG,t3_ajzy4f,t1_ef0am74,1548593456,36,False,0,0,0,1,0,0,0,0,0,1,0,1,0,0,0,0,0,0,0,0,0,0,0,0,0,0,0,0,annoyance,8.785071,3.0350387,1,0
Women are dangerous as hell too.,efh5zya,[deleted],MensRights,t3_alp51r,t1_efg74yz,1548973024,61,False,0,0,0,1,0,0,0,0,0,0,1,0,0,0,0,0,0,0,0,0,0,0,0,0,0,0,0,0,annoyance,6.8168554,4.211899,1,3
I’m more worried about the dude getting pissed all over my shoes,edo8t8y,Broskifromdakioski,confessions,t3_ae93ks,t1_edo8rel,1547077617,24,False,0,0,0,1,0,0,0,0,0,0,0,0,0,0,0,0,0,0,0,0,0,0,0,0,0,0,0,0,annoyance,9.889961,1.5347475,1,0
Terfs smell like bigots in general. Sort of a salty smell,eex8ol2,candle_and_bra,SelfAwarewolves,t3_ajgkq7,t1_eewr7rw,1548421280,61,False,0,0,0,1,0,0,0,0,0,0,0,1,0,0,0,0,0,0,0,0,0,0,0,0,0,0,0,0,annoyance,9.565807,4.270816,1,3
"I will donate money to the ""Buy a striker fund"" [NAME] up top is beyond frustrating. ",eegoiv0,mcocklin,chelseafc,t3_ahp9ep,t3_ahp9ep,1547926074,74,False,0,0,0,1,0,0,0,0,0,0,0,0,0,0,0,0,0,0,0,0,0,0,0,0,0,0,0,0,annoyance,9.310287,1.4609475,1,0
Oh fuck I almost forgot to jerk off and smoke weed today. I'm so forgetful. Appreciate the reminder.,efavv2e,mydrumluck,lewronggeneration,t3_akvtnv,t1_efab52j,1548800255,19,False,0,0,0,1,0,0,0,0,0,0,0,0,1,0,0,0,0,0,0,0,0,0,0,0,0,0,0,0,annoyance,9.24528,4.4784155,1,3
The fucking worst game in the world.,eeq6947,kurokabau,london,t3_aioy7u,t1_eepqh7t,1548198327,78,False,0,0,0,1,0,0,0,0,0,0,1,0,0,0,0,0,0,0,0,0,0,0,0,0,0,0,0,0,annoyance,8.846463,2.7119348,1,0
Oh. Damn.,edzncyf,Brad_Wesley,AnimalsBeingJerks,t3_aflf94,t1_edzizfl,1547403124,11,False,0,0,0,1,0,0,0,0,0,0,0,0,0,0,0,0,0,0,0,0,0,0,0,0,0,0,0,0,annoyance,9.267722,4.654145,1,3
I feel ya man. Stayed up to prestige and now I can’t sleep anyways.,ed50xtl,BoredLoser98,Blackops4,t3_ac3zs5,t3_ac3zs5,1546506583,54,False,0,0,0,1,0,1,0,0,0,0,0,0,0,0,0,0,0,0,0,0,0,0,0,0,0,0,0,0,annoyance,9.311268,5.462561,1,1
I played in the WSHL last year and this really isn’t a surprise. It’s crazy how unbalanced the competition is in that league,ef2wnzs,ewilly30,hockey,t3_ak9wip,t3_ak9wip,1548573201,63,False,0,0,0,1,0,0,0,0,0,0,0,0,0,1,0,0,0,0,0,0,0,0,0,0,0,0,0,0,annoyance,8.601643,1.1780076,1,0
I mourn for you anti-intellectuals,ef5a27y,eversaur,ComedyCemetery,t3_ajcou1,t1_ef59ww8,1548645377,37,False,0,0,0,1,0,0,0,0,0,0,0,0,0,0,0,0,1,0,0,0,0,0,0,0,0,1,0,0,annoyance,8.547845,5.0033135,1,3
"I've said it before, and I'll say it again. ""I don't want fucking unity with racists who put children in cages"".",efesg4v,Valentinexyz,ENLIGHTENEDCENTRISM,t3_alcq0e,t1_efdgt0c,1548902217,6,False,0,0,0,1,0,0,0,0,0,0,0,0,0,0,0,0,0,0,0,0,0,0,0,0,0,0,0,0,annoyance,6.990492,3.8488884,1,3
I think I know why [NAME] put you on this earth. Go on now you have a job to do.,eeiey15,Mesmus,morbidquestions,t3_ahsyvs,t1_eehs3ri,1547968396,36,False,0,0,0,1,0,0,0,0,0,0,0,0,0,0,0,0,0,0,0,0,0,0,0,0,0,0,0,0,annoyance,10.299784,6.453882,1,1
You’re the one who is stupid,edrva1m,Borktista,devils,t3_ael04m,t1_edqfixz,1547179226,55,False,0,0,0,1,0,0,0,0,0,0,0,0,0,0,0,0,0,0,0,0,0,0,0,0,0,0,0,0,annoyance,8.08557,3.7646153,1,3
"Not your chair, not your problem. That's what I say.",ed90tqc,bosmama18,childfree,t3_ackgvb,t3_ackgvb,1546633344,19,False,0,0,0,1,0,0,0,0,0,0,0,0,0,0,0,0,0,0,0,0,0,0,0,0,0,0,0,0,annoyance,7.988916,4.9550905,1,3
I've never been more disturbed by a dog,eddkt6s,CeleryIsDevilSticks,TIHI,t3_ad206w,t3_ad206w,1546774898,76,False,0,0,0,1,0,0,0,0,0,1,0,0,0,0,0,0,0,0,0,0,0,0,0,0,0,0,0,0,annoyance,7.4085183,4.5175843,1,3
"Adjust your W4. Everyone has to pay taxes, so save it with the ""I have to send a check to the government!"" BS. ",ef6c4u9,CubeLifeDeskJob,Connecticut,t3_akdo5i,t1_ef608hr,1548686470,60,False,0,0,0,1,0,0,0,0,0,0,0,0,0,0,0,0,0,0,0,0,0,0,0,0,0,0,0,0,annoyance,7.038887,2.1076114,1,0
I'm so triggered!!!!!!! Please stop you are hurting us with your comments!?!?!?!?!?,effq7j4,RStevenss,TopMindsOfReddit,t3_alkpde,t1_effq0i3,1548939992,51,False,0,0,0,1,0,0,0,0,0,0,0,0,0,0,0,0,0,0,0,0,0,0,0,0,0,0,0,0,annoyance,9.7011795,5.381494,1,1
"When I worked in salon, we could never wear flip flops because of “hair splinters”",edbvkxe,mograms88,DoesAnybodyElse,t3_acya2c,t3_acya2c,1546723709,66,False,0,0,0,1,0,0,0,0,0,0,0,0,0,0,0,0,0,0,0,0,0,0,0,0,0,0,0,0,annoyance,9.924617,3.1066391,1,2
Watching porn on your phone is a thing people do now? It's such an inconvenient thing to do tbh.,ed0jl4g,WarpingLasherNoob,tifu,t3_abd13z,t3_abd13z,1546355934,4,False,0,0,0,1,0,0,0,0,0,0,0,0,0,0,0,0,0,0,0,0,0,0,0,0,0,0,0,0,annoyance,8.218501,3.1327305,1,0
Everyone who supports him knows. The [NAME] need educating.,ee11b39,SpaceDetective,SandersForPresident,t3_afrmth,t1_ee10xhg,1547440175,60,False,0,0,0,1,0,0,0,0,0,0,0,0,0,0,0,0,0,0,0,0,0,0,0,0,0,0,0,0,annoyance,10.069899,1.7103547,1,2
"I'd of pushed the little brat into the puddle, assuming I hadn't smacked him with the book",ef7wagp,Psuedo-Nymgames,entitledparents,t3_akr7l0,t3_akr7l0,1548721863,70,False,0,0,0,1,0,0,0,0,0,0,0,0,0,0,0,0,0,0,0,0,0,0,0,0,0,0,0,0,annoyance,8.677565,3.9947293,1,3
"They’re probably fighting, that’s why she’s *really* getting out of the house for “self care.”",ednjksb,formerclassm8,blogsnark,t3_adjd6k,t1_edniixy,1547060300,46,False,0,0,0,1,0,0,0,0,0,0,0,0,0,0,0,0,0,0,0,0,0,0,0,0,0,0,0,0,annoyance,13.171809,3.1872134,0,2
"[NAME] blew it by putting [NAME] on the WS roster. He was horrible, and he hadn't pitched in weeks.",ef72m0a,HideousControlNow,NYYankees,t3_ak5qen,t1_ef3vlca,1548703271,81,False,0,0,0,1,0,0,0,0,0,0,0,0,0,0,0,0,0,0,0,0,0,0,0,0,0,0,0,0,annoyance,9.581972,1.0692937,1,0
Now that's screwed up. I'm sorry you got put through that :( good on you though for handling it like you did,ee3ebbd,return-to-dust,BPDlovedones,t3_ag21sl,t1_ee3ca3n,1547520663,11,False,0,0,0,1,0,0,0,0,0,0,0,0,0,0,0,0,0,0,0,0,0,0,0,0,0,0,0,0,annoyance,8.736982,5.2446656,1,3
"rather than wait for the site to load, we'll just tell you it didn't load - Reddit",eez47aw,DELOUSE_MY_AGENT_DDY,mildlyinfuriating,t3_ajqjgc,t3_ajqjgc,1548461958,61,False,0,0,0,1,0,0,0,0,0,0,0,0,0,0,0,0,0,0,0,0,0,0,0,0,0,0,0,0,annoyance,8.902987,3.1551254,1,0
Still annoying.,edr0ka3,ThisIsTheNewSleeve,television,t3_aekhaj,t1_edqyspp,1547157861,4,False,0,0,0,1,0,0,0,0,0,0,0,0,0,0,0,0,0,0,0,0,0,0,0,0,0,0,0,0,annoyance,9.205696,4.407992,1,3
I never said anything about that lmao,eeb1tcc,PracticalBuilding,Libertarian,t3_aghkpn,t1_eeanhb1,1547763153,60,False,0,0,0,1,0,0,0,0,0,0,0,0,0,0,0,0,0,0,0,0,0,0,0,0,0,0,0,0,annoyance,8.152492,4.8256984,1,3
This is quite common on people on such forums. I have a feeling they are a tad sarcastic.,ed1cfv1,albeinstein,ChoosingBeggars,t3_abj5j7,t3_abj5j7,1546378122,26,False,0,0,0,1,0,0,0,0,0,0,0,0,0,0,0,0,0,0,0,0,0,0,0,0,0,0,0,0,annoyance,7.879233,3.332836,1,0
"Honestly, Queen kinda sucks. Obvious they were ripping off My Chemical Romance.",eeprdjp,artichoke420myheart,lewronggeneration,t3_aint0k,t1_eepjiir,1548187844,36,False,0,0,0,1,0,0,0,0,0,0,1,0,0,0,0,0,0,0,0,0,0,0,0,0,0,0,0,0,annoyance,8.670386,3.6335187,1,3
I am eternally grateful that youtube did not exist while I was doing all my weird shit growing grow.,ed2pc1x,asumfuck,cringe,t3_abqp8u,t3_abqp8u,1546432781,67,False,0,0,0,1,0,0,0,0,0,0,0,0,0,0,0,0,0,0,0,0,0,0,0,0,0,0,0,0,annoyance,11.272939,3.522565,1,2
"Yep, it was faked. Too bad, too",edzsedj,TheLittlestTiefling,lgbt,t3_afm8z7,t1_edzq3p4,1547406246,46,False,0,0,0,1,0,0,0,0,0,0,0,0,0,0,0,0,0,0,0,0,0,0,0,0,0,0,0,0,annoyance,8.552143,3.385335,1,0
"What an ugly shade [NAME] used to dye his hair. Well, I guess it matches the infamous shirt.",edalrhz,9TeeDaze,90dayfianceuncensored,t3_accp0p,t3_accp0p,1546688817,19,False,0,0,0,1,0,0,0,0,0,0,1,0,0,0,0,0,0,0,0,0,0,0,0,0,0,0,0,0,annoyance,10.704893,2.1263616,1,2
"Exactly, humans are selfish. That was kinda my point, my reasons are superficial and only affect me. Theirs are not. ",eef8r1b,I_Lke_Pretty_Things,antinatalism,t3_ahf5mu,t1_eee8h1d,1547884144,41,False,0,0,0,1,0,0,0,0,0,0,0,0,0,0,0,0,0,0,0,0,0,0,0,0,0,0,0,0,annoyance,7.849154,5.536916,1,3
"Self defense should be, and this man sexually assaulted this woman.",eex5vda,CocaineSympathy,justneckbeardthings,t3_ajiw2z,t1_eex3chr,1548419235,24,False,0,0,0,1,0,0,0,0,0,0,0,0,0,0,0,0,0,0,0,0,0,0,0,0,0,0,0,0,annoyance,6.811821,4.180595,1,3
I regret that I have but one downvote to give.,ef83nya,Hyperion1144,Christianity,t3_aknne7,t1_ef6nizv,1548726976,36,False,0,0,0,1,0,0,0,0,0,0,0,0,0,0,0,0,0,0,0,0,0,0,0,0,0,0,0,0,annoyance,6.5890284,2.7105014,1,0
You guys don't know what you're doing to me,edwd4m6,maplewheel,leafs,t3_aew1rz,t1_eduax8q,1547308637,61,False,0,0,0,1,0,0,0,0,0,0,0,0,0,0,0,0,0,0,0,0,0,0,0,0,0,0,0,0,annoyance,7.8451133,4.7480626,1,3
This person should be outed to the world. What a reckless pos,eexbnp3,elyk516,vaxxhappened,t3_ajjuue,t3_ajjuue,1548423227,19,False,0,0,0,1,0,0,0,0,0,0,0,0,0,0,0,0,0,0,0,0,0,0,0,0,0,0,0,0,annoyance,9.495088,2.7550807,1,0
"Yeah, it does that to me on my laptop. Nothing just happens. If I try on mobile I just get that error message.",ef65h4u,venomoussockss,youtube,t3_akmrkn,t1_ef65ava,1548680843,61,False,0,0,0,1,0,0,0,0,0,0,0,0,0,0,0,0,0,0,0,0,0,0,0,0,0,0,0,0,annoyance,8.610577,2.9889784,1,0
> Humans are empathetic and do this daily. I have to remind myself of this sometimes.,ed76wz1,Qwerty_Qwerty1993,exchristian,t3_accpug,t3_accpug,1546572946,5,False,0,0,0,1,0,0,0,0,0,0,0,0,0,0,0,0,0,0,0,0,0,0,0,0,0,0,0,0,annoyance,8.142966,5.440877,1,3
Unique in a subreddit dedicated to finding concurring views? xD Oof,edgbdfm,flutterymuffins,DoesAnybodyElse,t3_adefpn,t1_edgamee,1546841780,37,False,0,0,0,1,0,0,0,1,0,0,0,0,0,0,0,0,0,0,0,0,0,0,0,0,0,0,0,0,annoyance,10.747243,3.7521808,1,2
Because different characters have different advantages. Why do questions like this still get asked?,eengvqq,gabthebest99,CompetitiveForHonor,t3_ahjga9,t3_ahjga9,1548112148,5,False,0,0,0,1,0,0,0,0,0,0,0,0,0,0,0,0,0,0,0,0,0,0,0,0,0,0,0,0,annoyance,8.463026,3.3387048,1,0
Sweaty irritates me. But Its not exactly drag lingo. I've seen it on so many other subs too.,ed261nh,Acid_Petty,rpdrcringe,t3_abnpsu,t1_ed23iy9,1546403547,30,False,0,0,0,1,0,0,0,0,0,0,0,0,0,0,0,0,0,0,0,0,0,0,0,0,0,0,0,0,annoyance,9.823623,3.7296894,1,2
Literally everywhere. There's nothing especially Texan about any of this. I heard all of this in freaking SCONSIN.,eeochpb,KyleG,texas,t3_aiibrx,t1_eeo49lo,1548139110,60,False,0,0,0,1,0,0,0,0,0,0,0,0,0,0,0,0,0,0,0,0,0,0,0,0,0,0,0,0,annoyance,9.726187,4.6300826,1,1
The amount of Islamophobic media bias is disturbing.,eeplyyc,MAXMADMAN,worldpolitics,t3_aijox3,t3_aijox3,1548184112,72,False,0,0,0,1,0,0,0,0,0,0,0,0,0,0,0,0,0,0,0,0,0,0,0,0,0,0,0,0,annoyance,6.721324,3.4818373,1,3
"one's a rapist, and the other's a stingy yank a bit of a difference in situations no matter how much we hate [NAME]",edbhu6h,Torreira,Gunners,t3_acw1vf,t1_edbhrb2,1546714699,19,False,0,0,0,1,0,0,0,0,0,0,0,0,0,0,0,0,0,0,0,0,0,0,0,0,0,0,0,0,annoyance,11.202464,2.286095,1,2
Reality i could force people to have sex with me Im 14 btw,eew120p,FortniteXYZ,WouldYouRather,t3_ajglpb,t3_ajglpb,1548377606,49,False,0,0,0,1,0,0,0,0,0,0,0,1,0,0,0,0,0,0,0,0,0,0,0,0,0,0,0,0,annoyance,8.015105,5.417616,1,3
"That’s always what I thought as well, but isn’t that essentially being transphobic, etc? ",ed90fbe,kk072,LGBTeens,t3_acllb7,t1_ed8zb5p,1546633062,41,False,0,0,0,1,0,0,0,0,0,0,0,0,0,0,0,0,0,0,0,0,0,0,0,0,0,0,0,0,annoyance,7.4174805,4.740564,1,3
[RELIGION] iconography is absolutely filled with insanely shredded men.,eeyfz5b,Mediocratic_Oath,bestof,t3_ajp0za,t1_eexvryv,1548446246,70,False,0,0,0,1,0,0,0,0,0,0,0,0,0,0,0,0,0,0,0,0,0,0,0,0,0,0,0,0,annoyance,7.3639426,3.8837507,1,3
"I almost downvoted you, because “Boooooooo!”",edz8lro,TitchyBeacher,bestoflegaladvice,t3_afiyv4,t1_edz7ygj,1547393375,37,False,0,0,0,1,0,0,0,0,0,0,1,0,0,0,0,0,0,0,0,0,0,0,0,0,0,0,0,0,annoyance,6.5765657,2.6805217,1,0
"YES PLEASE... I thought they did a while back but maybe not. Either way, they should! Very annoying.",ee683gk,comicsandstuffidk,StarWarsBattlefront,t3_agggt5,t3_agggt5,1547611204,46,False,0,0,0,1,0,0,0,0,0,0,0,0,0,0,0,0,0,0,0,0,0,0,0,0,0,0,0,0,annoyance,8.360289,2.4930577,1,0
The ID cards wouldn't have been a problem if they were like the EU one. It was the fuckload of biometric data that was abhorrent.,eekhdvd,gsurfer04,badunitedkingdom,t3_ahsqbd,t1_eeikw5n,1548019764,65,False,0,0,0,1,0,0,0,0,0,0,1,0,0,0,0,0,0,0,0,0,0,0,0,0,0,0,0,0,annoyance,7.5796304,2.7258923,1,0
"Well, that was dumb.",ee3yzt5,Broken-Butterfly,liberalgunowners,t3_aesx2i,t1_edste50,1547544561,60,False,0,0,0,1,0,0,0,0,0,0,0,0,0,0,0,0,0,0,0,0,0,0,0,0,0,0,0,0,annoyance,8.346519,3.7542322,1,3
Seems like a lot of time to wait ... i might need other options.,edo9487,Tortogah,askwomenadvice,t3_aecwro,t1_edo8mio,1547077863,81,False,0,0,0,1,0,0,1,0,0,0,0,0,0,0,0,0,0,0,0,0,0,0,0,0,0,0,0,0,annoyance,9.27986,6.217096,1,1
"Yes, the Raptors need to stop committing dumb fouls.",ed71ia9,Qwyjibo_,torontoraptors,t3_acc5v2,t1_ed71eu0,1546568304,61,False,0,0,0,1,0,0,0,0,0,0,0,0,0,0,0,0,0,0,0,0,0,0,0,0,0,0,0,0,annoyance,8.457838,2.4207485,1,0
Seriously. I had 2 jobs and was in college. I sleep more now!,ed1tyzr,MizBird,entitledparents,t3_a3nkq4,t1_ebwtbhe,1546392575,79,False,0,0,0,1,0,0,0,0,0,1,0,0,0,0,0,0,0,0,0,0,0,0,0,0,0,1,0,0,annoyance,8.94756,5.6592784,1,3
So the article is pretty much nonsense.,ef3s9xo,Wellurdone,worldnews,t3_akb69q,t1_ef3npi3,1548603145,38,False,0,0,0,1,0,0,0,0,0,0,0,0,0,0,0,0,0,0,0,0,0,0,0,0,0,0,0,0,annoyance,8.038827,3.505158,1,0
Please never don't not reproduce.,ed4djas,Ku80_Snapcaster,vaxxhappened,t3_ab3oz0,t3_ab3oz0,1546480911,39,False,0,0,0,1,0,0,0,0,0,0,0,0,0,0,0,0,0,0,0,0,0,0,0,0,0,0,0,0,annoyance,7.6761403,4.838791,1,3
Me too. I have so much shit and I can’t imagine taking any of it into my car and piling it that high. Wtf?,eeg2swb,Hoophoop31,TeenMomOGandTeenMom2,t3_ahja7o,t1_eeft44t,1547913512,51,False,0,0,0,1,0,0,0,0,0,0,0,0,0,0,0,0,0,0,0,0,0,0,0,0,0,0,0,0,annoyance,8.5917,3.9167144,1,3
" Calm down and relax are the worst things to say to a woman, ever. ",ee4pf5s,wishfuldancer,AdviceAnimals,t3_ag9kv3,t1_ee4mdle,1547571262,57,False,0,0,0,1,0,0,0,0,0,0,0,0,0,0,0,0,0,0,0,0,0,0,0,0,0,0,0,0,annoyance,7.1027627,4.334566,1,3
"Apparently, you'd want an Alberta with a censor on what we read. Bully for you.",eebt0yo,vigorous,alberta,t3_aguxdr,t1_eeajcio,1547783399,60,False,0,0,0,1,0,0,0,0,0,0,0,0,0,0,0,0,0,0,0,0,0,0,0,0,0,0,0,0,annoyance,7.3389807,3.4577668,1,0
Pop doesn't like it sloppy,ed753s3,JG82,torontoraptors,t3_acc5v2,t3_acc5v2,1546571366,9,False,0,0,0,1,0,0,0,0,0,0,0,0,0,0,0,0,0,0,0,0,0,0,0,0,0,0,0,0,annoyance,8.999848,4.1900783,1,3
Wait so the aboleth only kills you if you dont do what the dm says,eevhx24,prootzy_zoots,rpghorrorstories,t3_aikesk,t3_aikesk,1548364665,81,False,0,0,0,1,0,0,0,0,0,0,0,0,0,0,0,0,0,0,0,0,0,0,0,0,0,0,0,0,annoyance,8.581441,4.844904,1,3
Never underestimate the stupidity of people,ee8jpwz,DrDiarrhea,instant_regret,t3_aglyls,t1_ee8ifb1,1547685011,4,False,0,0,0,1,0,0,0,0,0,0,0,0,0,0,0,0,0,0,0,0,0,0,0,0,0,0,0,0,annoyance,7.7711163,3.6536155,1,3
"I feel a lil dumb now, but not as dumb as the idea to switch those subreddits",edo7k0b,ThickCranberry,lostredditors,t3_aece17,t1_edo7fvm,1547076610,56,False,0,0,0,1,0,0,0,0,0,0,0,0,0,0,0,0,0,0,0,0,0,0,0,0,0,0,0,0,annoyance,7.8907533,3.2905164,1,0
I always get a kick out of the videos posted of cars and buses stuck around that area. Bathurst going up to St. Clair is also notorious.,ef8kt0g,funhousearcade,toronto,t3_akv6wn,t1_ef8fjkf,1548739635,52,False,0,0,0,1,0,0,0,0,0,0,0,0,0,0,0,0,0,0,0,0,0,0,0,0,0,0,0,0,annoyance,9.652237,4.7065663,1,1
Oh [NAME]... now you’re stealing my lines.,eduw2ij,drlove986,DenverBroncos,t3_aezzni,t1_eduumth,1547256457,60,False,0,0,0,1,0,0,0,0,0,0,0,0,0,0,0,0,0,0,0,0,0,0,0,0,0,0,0,0,annoyance,11.323318,1.8747137,1,2
My 3 year old is an asshole. His 8 year old sister was also an asshole at 3. It gets better!,eeq6iyb,mpp827,breakingmom,t3_aip3d7,t3_aip3d7,1548198535,38,False,0,0,0,1,0,1,0,0,0,0,0,0,0,0,0,0,0,0,0,0,0,0,0,0,0,0,0,0,annoyance,8.1532345,6.4205236,1,3
He said i am being rude to her,ed22875,Pxgf,woooosh,t3_abox6a,t1_ed221cg,1546399933,24,False,0,0,0,1,0,0,0,0,0,0,0,0,0,0,0,0,0,0,0,0,0,0,0,0,0,0,0,0,annoyance,12.738337,2.8871312,0,2
The absolute subhuman filth that worships [NAME] will believe that this isn't even a photoshop,edy2qyz,iforgotmypen,forwardsfromgrandma,t3_afej9c,t3_afej9c,1547347898,19,False,0,0,0,1,0,0,0,0,0,0,1,0,0,0,0,0,0,0,0,0,0,0,0,0,0,0,0,0,annoyance,11.05708,3.9232728,1,2
"With no mental work to do, we can do to the Earth that will make it outside your little democratic system.",edlsvuq,Futurology_SS,SubredditSimulator,t3_ae1uro,t1_edlrwtz,1547000316,46,False,0,0,0,1,0,0,0,0,0,0,0,0,0,0,0,0,0,0,0,0,0,0,0,0,0,0,0,0,annoyance,6.507007,2.6548705,1,0
Why would I do that?,eek393l,Chrysalii,forwardsfromgrandma,t3_ahxqmr,t1_eek1na7,1548011776,36,False,0,0,0,1,0,0,0,0,0,0,0,0,0,0,0,0,0,0,0,0,0,0,0,0,0,0,0,0,annoyance,8.188607,4.5442023,1,3
the act of using private companies as platforms to push indoctrination is no less vile than state run companies,eebogl3,Belrick_NZ,Anarcho_Capitalism,t3_agyg01,t1_eeb5gge,1547779809,66,False,0,0,0,1,0,0,0,0,0,0,1,0,0,0,0,0,0,0,0,0,0,0,0,0,0,0,0,0,annoyance,7.389199,3.1536229,1,0
That's one vicious cat.,effd637,Dreadedsemi,AnimalsBeingJerks,t3_all37g,t3_all37g,1548924310,81,False,0,0,0,1,0,0,0,0,0,0,0,0,0,0,0,0,0,0,0,0,0,0,0,0,0,0,0,0,annoyance,10.17396,4.258738,1,1
What are you rambling on about,eelzjf6,OriginalAntinatalist,antinatalism,t3_ai8z3v,t3_ai8z3v,1548069512,46,False,0,0,0,1,0,0,0,0,0,0,0,0,0,0,0,0,0,0,0,0,0,0,0,0,0,0,0,0,annoyance,8.265717,4.565951,1,3
I cant help it if i dream abt it damn,ed5rmkv,LeninaCrowning,2meirl4meirl,t3_ac5hzt,t3_ac5hzt,1546534452,26,False,0,0,0,1,0,0,0,0,0,0,0,0,0,0,0,0,0,0,0,0,0,0,0,0,0,0,0,0,annoyance,8.598637,5.0650086,1,3
"Her septum is crooked I'm hoping from the chain to her ear, but it's super irritating and I wanna snatch it out her face.",edp4rfw,2n1spook,awfuleverything,t3_ae0ixv,t3_ae0ixv,1547108174,49,False,0,0,0,1,0,0,0,0,0,0,0,0,0,0,0,0,0,0,0,0,1,0,0,0,0,0,0,0,annoyance,12.460552,3.2739587,0,2
"I’m a baptist and I laughed at this statement, have a nice day funny boi.",een9vzv,ADeadMeme69,ProRevenge,t3_aie7ih,t1_een7v6t,1548107112,2,False,0,0,0,1,0,0,0,0,0,0,0,0,0,0,0,1,0,0,0,0,0,0,0,0,0,0,0,0,annoyance,10.411188,3.8573742,1,2
Damn you and your facts.,edncm2k,LawyerJC,houston,t3_ae82ya,t1_ednbuw6,1547055825,8,False,0,0,0,1,0,0,0,0,0,0,0,0,0,0,0,0,0,0,0,0,0,0,0,0,0,0,0,0,annoyance,8.755465,4.5252957,1,3
Haha fucking gottem,eevbsyl,thebeardofnickleddy,NewYorkIslanders,t3_ajf4mv,t1_eev3xj0,1548360938,3,False,0,0,0,1,0,0,0,0,0,0,0,0,0,0,0,0,0,0,0,0,0,0,0,0,0,0,0,0,annoyance,9.670899,4.991335,1,1
That troll and his Kotaku cronies have no shame. None at all.,ef8ty60,Eworc,KotakuInAction,t3_akxezg,t3_akxezg,1548748629,12,False,0,0,0,1,0,0,0,0,0,0,0,0,0,0,0,0,0,0,0,0,0,0,0,0,0,0,0,0,annoyance,7.3976865,4.9553714,1,3
That's a rather annoying extrapolation of what I said.,ef16ld3,Voodoosoviet,youseeingthisshit,t3_ajwlpg,t1_ef07wcp,1548528034,37,False,0,0,0,1,0,0,0,0,0,0,0,0,0,0,0,0,0,0,0,0,0,0,0,0,0,0,0,0,annoyance,8.291866,4.026534,1,3
"I.e., you don't know what socialism is and what it strives for.",ee00702,yummybits,CapitalismVSocialism,t3_afmt1v,t3_afmt1v,1547410875,61,False,0,0,0,1,0,0,0,0,0,0,0,0,0,0,0,0,0,0,0,0,0,0,0,0,0,0,0,0,annoyance,6.825371,3.102138,1,0
"Yes, at home recuperating from a fractured ankle. ",ef9fyys,cty_hntr,IdiotsInCars,t3_akqgjp,t1_ef8qxyl,1548771296,38,False,0,0,0,1,0,0,0,0,0,0,0,0,0,0,0,0,0,0,0,0,0,0,0,0,0,0,0,0,annoyance,8.989424,6.09543,1,3
too damn often!! and i’m cute as hell! i’m mad!!,eegsfr0,jessi-avocadotoast,sugarlifestyleforum,t3_ahp3tg,t3_ahp3tg,1547928576,51,False,0,0,0,1,0,0,0,0,0,0,0,0,0,0,0,0,0,0,0,0,0,0,0,0,0,0,0,0,annoyance,9.694133,5.1838837,1,1
This sub is turning into r/childfree so fast. I actually love kids and want to adopt someday. I want to mod this sub smh,edc2p93,apost54,antinatalism,t3_acwr7l,t1_edbxnzf,1546728574,36,False,0,0,0,1,0,0,0,0,0,0,0,0,0,0,0,0,0,0,1,0,0,0,0,0,0,0,0,0,annoyance,10.494639,3.5109417,1,2
This kid is blatantly trolling and everyone is taking him seriously LMAO. You people should quit Salem your scum reading skills are horrible,eei94jc,pumpumpgone,TownofSalemgame,t3_ahs56z,t3_ahs56z,1547962833,12,False,0,0,0,1,0,0,0,0,0,0,0,0,0,0,0,0,0,0,0,0,0,0,0,0,0,0,0,0,annoyance,8.1207485,6.1774044,1,3
I don't think playing with her hair would work. Thats just creepy.,edpq6cw,NicolasDaBoss,Advice,t3_aedhij,t1_edou3nx,1547131926,66,False,0,0,0,1,0,0,0,0,0,0,0,0,0,0,0,0,0,0,0,0,0,0,0,0,0,0,0,0,annoyance,12.548041,3.3405797,0,2
extra hot on whipped drinks? excuse me? i don’t want to burn my tongue on my CDL. extra hot on sauce-based beverages.,ee3fysw,americanoconcrema,starbucks,t3_ag1njp,t3_ag1njp,1547521997,6,False,0,0,0,1,0,0,0,0,0,0,0,0,0,0,0,0,0,0,0,0,0,0,0,0,0,0,0,0,annoyance,9.757429,4.2841573,1,1
Not relatable I am not cool in public,edb4ig6,shronk4ever,2meirl4meirl,t3_acvdk0,t3_acvdk0,1546706288,38,False,0,0,0,1,0,0,0,0,0,0,0,0,0,0,0,0,0,0,0,0,0,0,0,0,0,0,0,0,annoyance,8.207376,5.231888,1,3
Crackly bois.,edy0w6h,michiganrag,juul,t3_afamxy,t3_afamxy,1547346457,15,False,0,0,0,1,0,0,0,0,0,0,0,0,0,0,0,0,0,0,0,0,0,0,0,0,0,0,0,0,annoyance,9.806732,4.987159,1,1
I post on the the Donald you think I give a fat flying fuck?,ee3u4dn,Bot_Spaghetti,terriblefacebookmemes,t3_afzvdi,t1_ee3u2jc,1547536613,50,False,0,0,0,1,0,0,0,0,0,0,0,0,0,0,0,0,0,0,0,0,0,0,0,0,0,0,0,0,annoyance,9.281403,2.7798698,1,0
So what happened is she tried to rape you,ed3b58h,karina_vb,relationships,t3_abu04b,t3_abu04b,1546452905,46,False,0,0,0,1,0,0,0,0,0,0,0,0,0,0,0,0,0,0,0,0,0,0,0,0,0,0,0,0,annoyance,12.734421,3.015505,0,2
Not available in my country. Can't believe this has to be a thing in the modern age.,efh30uw,EverythingSucks12,cringe,t3_als6gu,t3_als6gu,1548970976,61,False,0,0,0,1,0,0,0,0,0,1,0,0,0,0,0,0,0,0,0,0,0,0,0,0,0,0,0,0,annoyance,7.5010777,2.9269166,1,0
You have nothing to feel bad about. It sounds like he needs to grow up and start paying his way.,eeoocug,Pinkpandagames,relationship_advice,t3_ailzz8,t3_ailzz8,1548158149,54,False,0,0,0,1,0,1,0,0,0,0,0,0,0,0,0,0,0,0,0,0,0,0,0,0,0,0,0,0,annoyance,9.72856,1.6456302,1,0
"******fucking internet, am I right?",edov071,DaLastMeheecan,confession,t3_aec33y,t1_edot1n6,1547095945,46,False,0,0,0,1,0,0,0,0,0,0,0,0,0,0,0,0,0,0,0,0,0,0,0,0,0,0,0,0,annoyance,8.302159,3.1392236,1,0
[NAME] she wanted this so badly to be a choosingbeggers.,efdmbco,Dollylou,delusionalartists,t3_al80gp,t3_al80gp,1548872945,60,False,0,0,0,1,0,0,0,0,0,0,0,0,0,0,0,0,0,0,0,0,0,0,0,0,0,0,0,0,annoyance,12.8567,3.3569958,0,2
True. But I think it’s only [NAME] that pull the belly out of themselves to articles about the empire!,eeath0x,AmEirecan,northernireland,t3_ah1yle,t1_eeat4ip,1547757717,11,False,0,0,0,1,0,0,0,0,0,0,0,0,0,0,0,0,0,0,0,0,0,0,0,0,0,0,0,0,annoyance,8.836578,2.1667657,1,0
Why tarnish The Office this way?,efcxtzy,_FlyingTurtleComic_,ComedyCemetery,t3_alclj0,t3_alclj0,1548858193,19,False,0,0,0,1,0,0,1,0,0,0,0,0,0,0,0,0,0,0,0,0,0,0,0,0,0,0,0,0,annoyance,7.2451706,2.6653895,1,0
The phone calls in the first 10 minutes are absolutely damning.,ef61e7r,himit,China,t3_akj84d,t3_akj84d,1548676273,26,False,0,0,0,1,0,0,0,0,0,0,0,0,0,0,0,0,0,0,0,0,0,0,0,0,0,0,0,0,annoyance,8.5912285,3.481792,1,0
Don't do that. Only villains do that.,efaqu97,lumpyspacejams,rpghorrorstories,t3_akvv7j,t1_efaepnr,1548797241,26,False,0,0,0,1,0,0,0,0,0,0,1,0,0,0,0,0,0,0,0,0,0,0,0,0,0,0,0,0,annoyance,8.211286,3.3084319,1,0
I hate how much I love these and the Banquet brownies. Only redeeming part.,edaaxir,Brilliant_Cookie,ExpectationVsReality,t3_aca907,t3_aca907,1546673207,37,False,0,0,0,1,0,0,0,0,0,0,0,0,0,0,0,0,0,0,1,0,0,0,0,0,0,0,0,0,annoyance,9.339005,3.3799121,1,0
Wow she still hasn't helped even though you recognize it?,eecj7l9,souptastesgood11,rant,t3_agzlgw,t1_eeaxlal,1547812762,2,False,0,0,0,1,0,0,0,0,0,0,0,0,0,0,0,0,0,0,0,0,0,0,0,0,0,0,0,0,annoyance,12.848426,3.1673527,0,2
"Damn you, [NAME]. I’m a woman and yours are bigger than mine. It’s not fair!",edugeo7,InsertNameHere567,90DayFiance,t3_af0mnd,t3_af0mnd,1547245793,26,False,0,0,0,1,0,0,0,0,0,0,0,0,0,0,0,0,0,0,0,0,0,0,0,0,0,0,0,0,annoyance,7.142182,5.217603,1,3
I hated doing group work. Unless groups were assigned I always went by myself.,efgohdx,deadhead94,aspergers,t3_alrfi1,t3_alrfi1,1548961296,60,False,0,0,0,1,0,0,0,0,0,0,0,0,0,0,0,0,0,0,0,0,0,0,0,0,0,0,0,0,annoyance,8.984738,3.2200582,1,0
"That's far more expensive than, you know, recycling it...",ee49tm9,DuckDodgersIV,TooAfraidToAsk,t3_ag8k8d,t3_ag8k8d,1547559456,61,False,0,0,0,1,0,0,0,0,0,0,0,0,0,0,0,0,0,0,0,0,0,0,0,0,0,0,0,0,annoyance,7.29566,2.1267862,1,0
Not surprised at all tbh,ed2af70,TrizziiDaZombie,youtube,t3_abqg1t,t3_abqg1t,1546408163,77,False,0,0,0,1,0,0,0,0,0,0,0,0,0,0,0,0,0,0,0,0,0,0,0,0,0,0,0,0,annoyance,10.209353,6.351946,1,1
Arguing a player is the GOAT among every position is just a dumb argument to even begin with when it comes to football.,eeyrku1,PMinisterOfMalaysia,49ers,t3_ajq4z3,t1_eeyn9x2,1548453469,28,False,0,0,0,1,0,0,0,0,0,0,0,0,0,0,0,0,0,0,0,0,0,0,0,0,0,0,0,0,annoyance,8.374042,1.4681138,1,0
"Rude to NXT. They need to just let her go. She hasn’t improved in over a decade, she’s never going to",eeob9bv,psydave2000,WWE,t3_aiidte,t1_eeoab7k,1548137569,21,False,0,0,0,1,0,0,0,0,0,0,0,0,0,0,0,0,0,0,0,0,0,0,0,0,0,0,0,0,annoyance,13.1865225,3.2906134,0,2
What evidence are you basing this on? What evidence would you accept as convincing you're wrong?,ed52bfo,10ebbor10,changemyview,t3_ac40qi,t1_ed51wp6,1546509076,46,False,0,0,0,1,0,0,0,0,0,0,0,0,0,0,0,0,0,0,0,0,0,0,0,0,0,0,0,0,annoyance,7.723877,4.052429,1,3
"Your desperate attempts to pretend that this is nothing are...really weird, to be totally honest.",ee0nx6a,StandardWriting,CanadaPolitics,t3_aflfjd,t1_ee0i2mz,1547428065,62,False,0,0,0,1,0,0,0,0,0,0,1,0,0,0,0,0,0,0,0,0,0,0,0,0,0,0,0,0,annoyance,7.831688,4.532221,1,3
You don't have a Mrs do you?,efb6vct,Hot2Cold_,Anarcho_Capitalism,t3_akiqfr,t1_ef6xc3c,1548806489,2,False,0,0,0,1,0,0,0,0,0,0,0,0,0,0,0,0,0,0,0,0,0,0,0,0,0,0,0,0,annoyance,7.3533916,5.173294,1,3
I would never do such a thing. :P,eeycihv,N0rthWind,gay_irl,t3_ajkwgp,t1_eeybmgx,1548444219,61,False,0,0,0,1,0,0,0,0,0,0,0,0,0,0,0,0,0,0,0,0,1,0,0,0,0,0,0,0,annoyance,8.097767,4.5761404,1,3
Well I was balding at 22 so I didn't have choice lol,edngwsi,Recycleyourtrash,WhitePeopleTwitter,t3_ae6dwf,t3_ae6dwf,1547058521,4,False,0,0,0,1,0,0,0,0,0,0,0,0,0,0,0,0,0,0,0,0,0,0,0,0,0,0,0,0,annoyance,9.373979,3.6406937,1,0
Pretty fuking sure exit scam..,ef9wfsk,gohhan,CryptoCurrency,t3_al0b1w,t3_al0b1w,1548781055,28,False,0,0,0,1,0,0,0,0,0,0,0,0,0,0,0,0,0,0,0,0,0,0,0,0,0,0,0,0,annoyance,9.780576,5.1580257,1,1
Super boogers is one of the super weird and oddly satisfying parts of recovery imo.,eeley2a,cygnets,popping,t3_ai01vr,t1_eejzy57,1548042376,38,False,0,0,0,1,0,0,0,0,0,0,0,0,0,0,0,0,0,0,0,0,0,0,0,0,0,0,0,0,annoyance,11.850259,5.3728027,1,1
As a student in DC Universities I hope to fucking god they get rid of blackboard and replace it with canvas.,edkwfdp,gingerboiii,washingtondc,t3_advo5b,t3_advo5b,1546975796,8,False,0,0,0,1,0,0,0,0,0,1,0,0,0,0,0,0,0,0,0,0,0,0,0,0,0,0,0,0,annoyance,8.2338505,2.462982,1,0
[NAME] tattoos were specifically design to augment his physique. This guy looks like his little sister scribbled on him while he was asleep.,eeoelj3,theredditbandid,bodybuilding,t3_aidofu,t1_eenals2,1548141992,62,False,0,0,0,1,0,0,0,0,0,0,0,0,0,0,0,0,0,0,0,0,0,0,0,0,0,0,0,0,annoyance,10.788801,2.180028,1,2
Also assumes a kid only has one teacher K-12 at school. Which is ridiculous.,eeelp9l,redleader,MensRights,t3_ahbgm4,t1_eedqaw6,1547863338,37,False,0,0,0,1,0,0,0,0,0,0,0,0,0,0,0,0,0,0,0,0,0,0,0,0,0,0,0,0,annoyance,8.227779,6.3727536,1,3
[NAME] will probably get something as worse as [NAME] in ep4,ee5fykb,SirDocv,TheWalkingDeadGame,t3_agbc1j,t1_ee5fvr8,1547589151,20,False,0,0,0,1,0,0,0,0,0,0,0,0,0,0,0,0,0,0,0,0,0,0,0,0,0,0,0,0,annoyance,11.410518,1.5546811,1,2
"""PPG Paints"" arena or whatever it's called now is worse",ee2s41x,fakesloover,pittsburgh,t3_af8z0u,t1_ee2rcrm,1547503318,36,False,0,0,0,1,0,0,0,0,0,0,0,1,0,0,0,0,0,0,0,0,0,0,0,0,0,0,0,0,annoyance,8.06209,2.4851007,1,0
"Oh, give me a break, it was worded like an insult, clear as a day. A mild one, but still.",edecsif,ilya39,danganronpa,t3_acvnpj,t1_edea7s8,1546796457,21,False,0,0,0,1,0,0,0,0,0,0,0,0,0,0,0,0,0,0,0,0,0,0,0,0,0,0,0,0,annoyance,8.569852,4.106472,1,3
"Wow, you an asshole much?",ede8bxy,andyzaltzman1,The_Mueller,t3_ad20b3,t1_eddx911,1546794065,77,False,0,0,0,1,0,0,0,0,0,0,0,0,0,0,0,0,0,0,0,0,0,0,0,0,0,0,0,0,annoyance,9.385582,4.838302,1,3
"""Being able to attract women"" shouldn't be the only way you rate how good a person is. That's ridiculous.",eehcs3f,doodlemonster1,IncelsWithoutHate,t3_ahev5d,t1_eehcmib,1547940712,58,False,0,0,0,1,0,0,0,0,0,0,1,0,0,0,0,0,0,0,0,0,0,0,0,0,0,0,0,0,annoyance,7.0410275,5.0426793,1,3
"We are. EU regulations, laws created by the European Parliament. Don't say something that is blatantly untrue",ee05f2l,FeelsBradMan01,ukpolitics,t3_afl8w6,t1_ee04y96,1547413986,76,False,0,0,0,1,0,0,0,0,0,0,0,0,0,0,0,0,0,0,0,0,0,0,0,0,0,0,0,0,annoyance,7.0350537,2.223211,1,0
That's a maryland fan comment. You should be ashamed of yourself.,edckc5y,Watchoutnow0,CollegeBasketball,t3_aczxt3,t1_edcjuvq,1546740674,6,False,0,0,0,1,0,0,0,0,0,0,0,0,0,0,0,0,0,0,0,0,0,0,0,0,0,0,0,0,annoyance,8.44185,4.2428665,1,3
You sure seem angry. #itwillbeokay,edrk5we,SaintKnowLa,NewOrleans,t3_aeoyjq,t1_edrfjpl,1547170676,26,False,0,0,0,1,0,0,0,0,0,0,0,0,0,0,0,0,0,0,0,0,0,0,0,0,0,0,0,0,annoyance,9.01952,4.5272646,1,3
Ok you're a little homophobic,ee7ouok,bewilder_house,sadcringe,t3_afy1vy,t1_ee5x6vw,1547665565,81,False,0,0,0,1,0,0,0,0,0,0,0,0,0,0,0,0,0,0,0,0,0,0,0,0,0,0,0,0,annoyance,7.3946767,4.747763,1,3
Why not touch them? then don't shove people out of lifts. that's hardly civil. just WAIT and let people get off.,ee980so,denizenz,confessions,t3_af5myr,t1_ee1tc3w,1547705567,21,False,0,0,0,1,0,0,0,1,0,0,0,0,0,0,0,0,0,0,0,0,0,0,0,0,0,0,0,0,annoyance,7.818136,2.3882487,1,0
ye but that is fucking [NAME]... there is a diffrence between [NAME] and [NAME]. [NAME] is good but he is no [NAME] ;),eeom3qm,Martoxic,Barca,t3_aevo8a,t1_eeoj9n5,1548154816,46,False,0,0,0,1,0,0,0,0,0,0,0,0,0,0,0,0,0,0,0,0,0,0,0,0,0,0,0,0,annoyance,11.372242,1.6614559,1,2
"It's like [NAME] said. They get motivated by a bad loss, they win a game, get unmotivated, and lose badly again",ednca22,45haddix,EdmontonOilers,t3_ae7q18,t3_ae7q18,1547055609,46,False,0,0,0,1,0,0,0,0,0,0,0,0,0,0,0,0,0,0,0,0,0,0,0,0,0,0,0,0,annoyance,8.039806,2.2963479,1,0
I don’t think people know how to use quotation marks,edg5gpd,brevelandclown,insanepeoplefacebook,t3_adaqrv,t3_adaqrv,1546836286,77,False,0,0,0,1,0,0,0,0,0,0,0,0,0,0,0,0,0,0,0,0,0,0,0,0,0,0,0,0,annoyance,8.610044,3.3639946,1,0
"Has someone mentioned ghost chips yet? If not, then here they are, because we learnt an important lesson then...",efccqj6,NZSloth,newzealand,t3_al8s71,t3_al8s71,1548839402,4,False,0,0,0,1,0,0,0,1,0,0,0,0,0,0,0,0,0,0,0,0,0,0,0,0,0,0,0,0,annoyance,9.73349,3.9016275,1,3
Replace smug with thug and you'll see how racist you are,eel5fus,Rush_Is_Right,moderatepolitics,t3_ahz5zq,t1_eel54iy,1548035582,46,False,0,0,0,1,0,0,0,0,0,0,0,0,0,0,0,0,0,0,0,0,0,0,0,0,0,0,0,0,annoyance,6.971038,3.8666584,1,3
Sometimes it’s annoying but I think it’s at an okay place right now,ee154yr,TryingMyHardestNot2,Artifact,t3_afsisd,t3_afsisd,1547444420,15,False,0,0,0,1,1,0,0,0,0,0,0,0,0,0,0,0,0,0,0,0,0,0,0,0,0,0,0,0,annoyance,8.92105,4.6781387,1,3
i mean it can if its a meritocracy and an uncorrupted government. Whereas in modern America theres a shit ton of nepotism and a corrupt state/federal government,edftihr,GatedGorilla,LateStageCapitalism,t3_ad908w,t3_ad908w,1546827222,72,False,0,0,0,1,0,0,0,0,0,0,0,0,0,0,0,0,0,0,0,0,0,0,0,0,0,0,0,0,annoyance,6.827427,2.430865,1,0
Do you understand now why it's so frustrating to hear this kind of stuff all the time?,edu3lp2,bball84958294,ShitPoliticsSays,t3_aeoni9,t1_edt8br1,1547237744,70,False,0,0,0,1,0,0,0,0,0,0,0,0,0,0,0,0,0,0,0,0,0,0,0,0,0,0,0,0,annoyance,8.664789,4.6563263,1,3
hell even clem would be if she witnessed it happen,ee8mryh,DarkStorm7017,TheWalkingDeadGame,t3_agqfov,t1_ee8m5od,1547687042,28,False,0,0,0,1,0,0,0,0,0,0,0,0,0,0,0,0,0,0,0,0,0,0,0,0,0,0,0,0,annoyance,12.560843,3.2998924,0,2
I can't even be mad that you scored a goal with your face.,edygatq,FixerFour,EdmontonOilers,t3_afgcce,t3_afgcce,1547360943,18,False,0,0,0,1,0,0,0,0,0,0,1,0,0,0,0,0,0,0,0,0,0,0,0,0,0,0,0,0,annoyance,8.903343,1.3936572,1,0
Its ridiculous.,ee0193t,TX18Q,MakingaMurderer,t3_aflmnb,t1_ee00m1c,1547411468,41,False,0,0,0,1,0,0,0,0,0,0,0,0,0,0,0,0,0,0,0,0,0,0,0,0,0,0,0,0,annoyance,8.547894,3.5494664,1,0
i love them both but I still think you have to be a stupid cunt to think they live happily everafter together in the end.,edn5kt7,NostradaMart,freefolk,t3_ae7rae,t1_edn2kap,1547050947,70,False,0,0,0,1,0,0,0,0,0,0,0,0,0,0,0,0,0,0,1,0,0,0,0,0,0,0,0,0,annoyance,11.833636,3.7230773,1,2
This almost certainly should not have gone to OT. SEC refs are bad CBB refs are bad,eetd9cu,Dtlgolf1,CollegeBasketball,t3_aj7s2g,t3_aj7s2g,1548297624,76,False,0,0,0,1,0,0,0,0,0,0,0,0,1,0,0,0,0,0,0,0,0,0,0,0,0,0,0,0,annoyance,7.61064,2.5316002,1,0
"Yes, clearly u/backwoodmenace was repeating misinformation intentionally.",edv47dh,Glblwrmingisfak,progun,t3_af0tv8,t1_edumm9u,1547263049,4,False,0,0,0,1,0,0,0,0,0,0,0,0,0,0,0,0,0,0,0,0,0,0,0,0,0,0,0,0,annoyance,8.303632,3.8940253,1,3
"People talk so much shit when I say [NAME] is just a fast as [NAME] again, [NAME] just barely wins ",eeztz9h,timmeedski,sabres,t3_ajwzsx,t3_ajwzsx,1548483550,36,False,0,0,0,1,0,0,0,0,0,1,0,1,0,0,0,0,0,0,0,0,0,0,0,0,0,0,0,0,annoyance,11.421644,1.7046757,1,2
"Maybe it has something to do with difficulty? I'm playing on hard. Just did another quest in this line, also gave me 407. Weird. ",eezq83l,PunchyThePastry,assassinscreed,t3_ajtdmc,t1_eezpjbx,1548480174,66,False,0,0,0,1,0,0,0,1,0,0,0,0,0,0,0,0,0,0,0,0,0,0,0,0,0,0,0,0,annoyance,9.777788,3.4880474,1,0
I really don’t want the I told you so moment to ever arrive. 😔,eetfuqx,DudleyDoRightly,collapse,t3_aiy61m,t3_aiy61m,1548299616,61,False,0,0,0,1,0,0,0,0,0,0,1,0,0,0,0,0,0,0,0,0,0,0,0,0,0,0,0,0,annoyance,8.321585,4.520778,1,3
We're ALL what's wrong with this country,eedy4z1,vicquid,funny,t3_ahevcp,t3_ahevcp,1547846261,77,False,0,0,0,1,0,0,0,0,0,0,0,0,0,0,0,0,0,0,0,0,0,0,0,0,0,0,0,0,annoyance,7.00285,3.4246886,1,0
Yeah.... I've always sucked at smiling honestly. I hate it. I hate selfies. I usually don't smile.,eet3ewt,Hamntor,JordanPeterson,t3_aj29na,t1_eet2tes,1548290195,41,False,0,0,0,1,0,0,0,0,0,0,1,0,0,0,0,0,0,0,0,0,0,0,0,0,0,0,0,0,annoyance,8.072545,4.9199085,1,3
"I am happy to receive constructive advice. If someone is short, or not constructive, I will react to it.",ed8cx3d,[deleted],datingoverthirty,t3_acifi3,t1_ed8cl49,1546617684,37,False,0,0,0,1,1,0,0,0,0,0,0,0,0,0,0,0,0,1,0,0,0,0,0,0,0,0,0,0,annoyance,10.203377,6.854778,1,1
I cannot answer this question without asking you to read a specific book.,edm92fp,GoldenAgeGodd,bodybuilding,t3_ae0lb4,t1_edm909j,1547015452,6,False,0,0,0,1,0,0,0,0,0,0,0,0,0,0,0,0,0,0,0,0,0,0,0,0,0,0,0,0,annoyance,8.098933,4.2556586,1,3
Sometimes I get jealous of [NAME].,ee998om,DravenPrime,TIHI,t3_ag4sgq,t3_ag4sgq,1547707017,26,False,0,0,0,1,0,0,0,0,0,0,0,0,0,0,0,0,0,0,0,0,0,0,0,0,0,0,0,0,annoyance,11.886401,2.7986803,-1,2
I was teased for being a virgin when I was a 6th grader- in 2005,ed0wflq,memez93,lewronggeneration,t3_abg87k,t3_abg87k,1546367253,37,False,0,0,0,1,0,0,0,0,0,0,0,0,0,0,0,0,0,0,0,0,0,0,1,0,0,0,0,0,annoyance,8.155267,5.791687,1,3
Did you noticed they removed my post? Yep.,eerrvod,MrFishTale,QuadrigaCX,t3_aiydl6,t1_eeridbp,1548257449,38,False,0,0,0,1,0,0,0,0,0,0,0,0,0,0,0,0,0,0,0,0,0,0,0,0,0,0,0,0,annoyance,9.563947,3.1568546,1,0
That’s because you’re not an elected official. Learn this one simple trick!,efdc586,spiralbatross,reactiongifs,t3_alca8n,t1_efdbnhw,1548866395,81,False,0,0,0,1,0,0,0,0,0,0,0,0,0,0,0,0,0,0,0,0,0,0,0,0,0,0,0,0,annoyance,6.681188,2.4834664,1,0
Hilariously wrong and uncontroversial.,ed2u7wt,mdclimber,Anarcho_Capitalism,t3_absabz,t1_ed2ozpr,1546438856,9,False,0,0,0,1,0,0,0,0,0,0,1,0,0,0,0,0,0,0,0,0,0,0,0,0,0,0,0,0,annoyance,7.688714,3.9673724,1,3
"Yeah, clear off. And tell your mates you had a horrible time too. ",ee3r176,Dunnersstunner,newzealand,t3_ag4zsj,t3_ag4zsj,1547532598,12,False,0,0,0,1,0,0,0,0,0,0,0,0,0,0,0,0,0,0,0,0,0,0,0,0,0,0,0,0,annoyance,8.5892315,4.8737073,1,3
And DICE has told us fuck all about how they intend to fix it and when to expect the fix.,eeo8ikj,OrranVoriel,BattlefieldV,t3_aiihxe,t1_eeo4nu5,1548134527,46,False,0,0,0,1,0,0,0,0,0,0,0,0,0,0,0,0,0,0,0,0,0,0,0,0,0,0,0,0,annoyance,7.8844647,2.7650619,1,0
good luck watching your career tank when you insist on working with a person because of their gender rather than their skill and talent..,ef4i8pw,rahsoft,MensRights,t3_akeuv1,t3_akeuv1,1548624345,2,False,0,0,0,1,0,0,0,0,0,0,0,0,0,0,0,0,0,0,0,0,0,0,0,0,0,0,0,0,annoyance,6.9095,5.0483603,1,3
this guy is such a douchebag,eczzvdt,Smackdaddy122,cringe,t3_abeksv,t3_abeksv,1546326913,60,False,0,0,0,1,0,0,0,0,0,0,0,0,0,0,0,0,0,0,0,0,0,0,0,0,0,0,0,0,annoyance,9.611591,2.6596975,1,0
American democracy is weak but it's not dead. If the intention of your comment was to discourage people from voting then you are the problem.,eek84mm,dysGOPia,The_Mueller,t3_ahynj9,t1_eek0ue6,1548014757,31,False,0,0,0,1,0,0,0,0,0,1,0,1,1,0,0,0,1,0,0,1,1,0,1,0,0,1,0,0,annoyance,6.594015,2.7872188,1,0
They didn't even spell his actor's name correctly...,eevf97x,chalupinator,iamverysmart,t3_ajeu8f,t3_ajeu8f,1548362981,46,False,0,0,0,1,0,0,0,0,0,0,0,0,0,0,0,0,0,0,0,0,0,0,0,0,0,0,0,0,annoyance,10.6300955,1.7631071,1,2
I thought that was more for women? I used to be on r/antinatalism but there were too many eugenics advocates.,ee9a10v,SluggyTheUnshaven,SubredditDrama,t3_agbtva,t1_ee99ke8,1547707930,60,False,0,0,0,1,0,0,0,0,0,0,0,0,0,0,0,0,0,0,0,0,0,0,0,0,0,0,0,0,annoyance,6.8632193,4.415343,1,3
"I hope your brother is okay. Don’t listen to this guy, he’s a cunt.",eeoju3r,Razzle_Dazzle08,perth,t3_aije97,t1_eeojr9v,1548150729,57,False,0,0,0,1,0,0,0,0,0,0,1,0,0,0,0,0,0,0,0,0,1,0,0,0,0,0,0,0,annoyance,8.093181,6.2156763,1,3
I’m not listening to a fucking plant.,eczqewq,MaximumCameage,GetMotivated,t3_ab7mtm,t3_ab7mtm,1546315596,46,False,0,0,0,1,0,0,0,0,0,0,0,1,0,0,0,0,0,0,0,0,0,0,0,0,0,0,0,0,annoyance,9.210978,4.45324,1,3
"By all means, tell me what I said that was incorrect. ",edqsuiy,Hunterofshadows,TalesFromYourServer,t3_aegc82,t1_edqrx3j,1547153720,72,False,0,0,0,1,0,0,0,0,0,0,0,0,0,0,0,0,0,0,0,0,0,0,0,0,0,0,0,0,annoyance,7.900071,4.106421,1,3
"Yea, very rude. Avoid anything with a strong smell like fish and popcorn, curry is just as strong. ",ee5gb4z,--lily--,TooAfraidToAsk,t3_agdufl,t3_agdufl,1547589409,60,False,0,0,0,1,0,0,0,0,0,0,0,0,0,0,0,0,0,0,0,0,0,0,0,0,0,0,0,0,annoyance,9.650935,4.31274,1,3
"If they stop the music, urine luck...",eezn85n,RoePats,pettyrevenge,t3_ajnow6,t1_eexn0ps,1548477487,26,False,0,0,0,1,0,0,0,0,0,0,0,0,0,0,0,0,0,0,0,0,0,0,0,0,0,0,0,0,annoyance,10.773781,3.4777427,1,2
"I mean, yeah, I'd complain a little. But then I'd eat the crap outta that.",edasbkz,5MinOfPeacE,WeWantPlates,t3_acudo4,t3_acudo4,1546697078,52,False,0,0,0,1,0,0,0,0,0,0,0,0,0,0,0,0,0,0,0,0,0,0,0,0,0,0,0,0,annoyance,8.505551,4.040187,1,3
Saw plenty. That is how to be a jerk to a cat. It will enforce bad behavior.,ed6j6sx,jh937hfiu3hrhv9,AnimalsBeingJerks,t3_ac6qvk,t1_ed6iq4o,1546553755,39,False,0,0,0,1,0,0,0,0,0,0,0,0,0,0,0,0,0,0,0,0,0,0,1,0,0,0,0,0,annoyance,10.149947,4.253152,1,1
It would be good if the producers can find a carrot to dangle that can get these idiots to spill on each other.,ee3vsnp,assignedflarity,BravoRealHousewives,t3_ag3wlc,t1_ee3q7fv,1547539150,60,False,0,0,0,1,0,0,0,0,0,0,0,0,0,0,0,0,0,0,0,0,0,0,0,0,0,0,0,0,annoyance,8.455503,2.402765,1,0
"lol i’m mean and i know it, it’s because i’m a pisces bitch 👅👅💅🏻💅🏻💅🏻💅🏻💅🏻",ef045mj,inpleted,reactiongifs,t3_ajwogb,t1_eeznsr2,1548495605,27,False,0,0,0,1,0,0,0,0,0,0,0,0,0,0,0,0,0,0,0,0,0,0,0,0,0,0,0,0,annoyance,9.695978,5.147689,1,1
All of Disney is cringey. It needs to be stopped,eeoojli,YaBoiNinJames,4PanelCringe,t3_aii9on,t1_eeob9bu,1548158378,41,False,0,0,0,1,0,0,0,0,0,0,0,0,0,0,0,0,0,0,0,0,0,0,0,0,0,0,0,0,annoyance,8.395207,2.8962543,1,0
Hello autism my old friend,ed72tpc,WhatIsMyGirth,melbourne,t3_ac9mzr,t1_ed6qusg,1546569417,19,False,0,0,0,1,0,0,0,0,0,0,0,0,0,0,0,0,0,0,0,0,0,0,0,0,0,0,0,0,annoyance,8.797089,6.2016664,1,3
Shhhhh you are devastating their argument. You might trigger them. It’s the only trigger they love.,ee4w11y,slopezski,progun,t3_ag8msl,t3_ag8msl,1547575653,55,False,0,0,0,1,0,0,0,0,0,0,0,0,0,0,0,0,0,0,0,0,0,0,0,0,0,0,0,0,annoyance,8.807747,4.466485,1,3
Yeah this angle is nauseating.,eedx9le,goddog_,Roadcam,t3_ahed3g,t1_eedqve5,1547845768,46,False,0,0,0,1,0,0,0,0,0,0,0,0,0,0,0,0,0,0,0,0,0,0,0,0,0,0,0,0,annoyance,9.233579,4.3318906,1,3
She represents window licking retards.,ee5wugq,bane9907,ShitPoliticsSays,t3_agcuow,t3_agcuow,1547602147,36,False,0,0,0,1,0,0,0,0,0,0,0,0,0,0,0,0,0,0,0,0,0,0,0,0,0,0,0,0,annoyance,12.50245,3.3151991,0,2
Wrong. And UBI sucks unless you include an expansive social safety net too,ee4l4z2,EcoSoco,SandersForPresident,t3_afxe2x,t1_ee2tva0,1547568363,37,False,0,0,0,1,0,0,0,0,0,1,0,0,0,0,0,0,0,0,0,0,0,0,0,0,0,0,0,0,annoyance,7.542464,2.6065614,1,0
Damn I WANT to hear this!!!,ee15fdc,gellidus151,rpghorrorstories,t3_afsbiv,t3_afsbiv,1547444770,36,False,0,0,0,1,0,0,0,0,0,0,0,1,0,0,0,0,0,0,0,0,0,0,0,0,0,0,0,0,annoyance,9.572216,4.8112845,1,1
Clean your room before daddy [NAME] gets home.,eerrsai,TheOneColt,disneyvacation,t3_aius6z,t1_eerfffm,1548257380,61,False,0,0,0,1,0,0,0,0,0,0,0,0,0,0,0,0,0,0,0,0,0,0,0,0,0,0,0,0,annoyance,8.529034,6.5503283,1,3
"thanks, got traded from the habs and I remembered liking his game during pre season, was wondering why he got sent down. oh, and fuck [NAME]",efc40zu,MuDDy_PaNDa,OttawaSenators,t3_al50d2,t1_efc3lty,1548830325,60,False,0,0,0,1,0,0,1,0,0,0,0,0,0,0,0,0,0,0,0,0,0,0,0,0,0,0,0,0,annoyance,9.644264,1.0994837,1,0
ugh.......,edycsbo,Shintarodrx,BattlefieldV,t3_afft8y,t3_afft8y,1547356727,79,False,0,0,0,1,0,0,0,0,0,0,0,0,0,0,0,0,0,0,0,0,0,0,0,0,0,0,0,0,annoyance,9.831338,4.9566035,1,1
Yes it is. It's *you* making up your odd little fabrications.,edwqtqr,HPB,badunitedkingdom,t3_af96mh,t1_edwoa5g,1547317028,14,False,0,0,0,1,0,0,0,0,0,0,0,0,0,0,0,0,0,0,0,0,0,0,0,0,0,0,0,0,annoyance,8.590698,4.195185,1,3
What a god,ed9upp9,Ryan_Alex,LGBTeens,t3_acprvt,t1_ed9tmwz,1546657094,54,False,0,0,0,1,0,0,0,0,0,0,0,0,0,0,0,0,0,0,0,0,0,0,0,0,0,0,0,0,annoyance,10.835184,4.624023,1,1
"i just want emotional connection, im not missing out on anything as far as not having sex for sex's sake is concerned ",ed6ly29,erykaWaltz,BPD,t3_ac6cwr,t1_ed66gdb,1546555778,46,False,0,0,0,1,0,0,0,0,0,0,0,0,0,0,0,0,0,0,0,0,0,0,0,0,0,0,0,0,annoyance,7.674329,5.51612,1,3
You can't choose what genes you pass on.,ee2ioqu,mshcat,MaliciousCompliance,t3_aftkss,t1_ee2d14w,1547497056,60,False,0,0,0,1,0,0,0,0,0,0,0,0,0,0,0,0,0,0,0,0,0,0,0,0,0,0,0,0,annoyance,7.6193533,4.750289,1,3
"Not true. Our knowledge of it is derived from the fossil record, which is geological.",ee6by84,Gillhoolie,4PanelCringe,t3_afv912,t1_ee3dc0y,1547614844,46,False,0,0,0,1,0,0,0,0,0,0,0,0,0,0,0,0,0,0,0,0,0,0,0,0,0,0,0,0,annoyance,7.7070303,3.8136206,1,3
Figured since [NAME] is expiring and you guys are tanking it didn’t really matter,ee99dvo,PerpetualWinter,OrlandoMagic,t3_aguv1b,t1_ee99cgb,1547707180,20,False,0,0,0,1,0,0,0,0,0,0,0,0,0,0,0,0,0,0,0,0,0,0,0,0,0,0,0,0,annoyance,10.955349,1.4483738,1,2
Don't forget the something else I clearly don't understand.,eetwkl8,Findlaym,alberta,t3_aj5ou2,t1_eet4rd6,1548316402,66,False,0,0,0,1,0,0,0,0,0,0,1,0,0,0,0,0,0,0,0,0,0,0,0,0,0,0,0,0,annoyance,7.876112,4.4750996,1,3
"Enough already. I'm sorry that the breakup is going to be painful, but you can do much better. ",eepvslq,mycha1nsarebroken,relationship_advice,t3_aijhzx,t3_aijhzx,1548190863,60,False,0,0,0,1,0,0,0,0,0,0,0,0,0,0,0,0,0,0,0,0,0,0,0,0,0,0,0,0,annoyance,8.836615,5.9546514,1,3
"Home field advantage is barely a thing lmao also I hate the Patriots, you're just being an idiot.",edwx4xt,socialjusticepedant,sports,t3_af91yi,t1_edwusvt,1547320763,49,False,0,0,0,1,0,0,0,0,0,0,1,0,0,0,0,0,0,0,0,0,0,0,0,0,0,0,0,0,annoyance,8.6330595,1.2001356,1,0
"wait, no more [NAME] SJW pwned vids in my recommended? YOU DARE DISGRACE OUR LORD AND SAVIOUR?",ef7q62r,ComfyDaze,worldnews,t3_akmt0s,t3_akmt0s,1548717726,12,False,0,0,0,1,0,0,0,0,0,0,0,0,0,0,0,0,0,0,0,0,0,0,0,0,0,0,0,0,annoyance,11.17837,1.7362323,1,2
WHAT THE HELL!,ee6iphy,IHateMaxRoyalGiants,raimimemes,t3_aggci6,t3_aggci6,1547623048,23,False,0,0,0,1,0,0,0,0,0,0,0,0,0,0,0,0,0,0,0,0,0,0,0,0,0,0,0,0,annoyance,9.491172,4.798094,1,3
Same here. I kept listening to the damn puns.,eefbsn2,Anvion,dadjokes,t3_ahbh0g,t1_eedfqd6,1547887879,4,False,0,0,0,1,1,0,0,0,0,0,0,0,0,0,0,0,0,0,0,0,0,0,0,0,0,0,0,0,annoyance,9.894876,3.4492288,1,2
"You're already watching the world crash and burn, buddy. The progress toward human extinction is irreversible now. Your tormented heart can rest easy.",eehld4o,Abgahlorma,mentalhealth,t3_ahsbu7,t3_ahsbu7,1547945772,54,False,0,0,0,1,0,0,0,0,0,0,0,0,0,0,0,0,0,0,0,0,0,0,0,0,0,1,0,0,annoyance,8.735008,4.91449,1,3
[NAME] is in no way comparable to [NAME]. [NAME] is an imbecile.,ef3n0sf,dajesus77,The_Mueller,t3_akaxk7,t3_akaxk7,1548599613,36,False,0,0,0,1,0,0,0,0,0,1,1,0,0,0,0,0,0,0,0,0,0,0,0,0,0,0,0,0,annoyance,11.570441,1.5261755,1,2
thats messed up...thats why i dont like reddit as much,efh8237,Marana_Himself,Brawlhalla,t3_alb9bo,t1_effy0gt,1548974480,39,False,0,0,0,1,0,0,0,0,0,1,1,0,0,0,0,0,0,0,0,0,0,0,0,0,0,0,0,0,annoyance,8.637021,3.3538685,1,0
Signing a 31yr old injury prone player for 5 years 60mil is pretty stupid. [NAME] would have been similar cost wise and he isn't made of glass,eeuyjg4,daviedanko,Dodgers,t3_ajeu77,t1_eeuxfpj,1548352659,61,False,0,0,0,1,0,0,0,0,0,1,0,0,0,0,0,0,0,0,0,0,0,0,0,0,0,0,0,0,annoyance,9.627514,1.036986,1,0
the fact that [NAME] still exists is somehow the strangest thing about this,ed3w6qz,goodoldfreda,rpdrcringe,t3_abexmm,t3_abexmm,1546467539,35,False,0,0,0,1,0,0,0,0,0,0,0,0,0,0,0,0,0,0,0,0,0,0,0,0,0,0,0,0,annoyance,11.205244,1.4886733,1,2
I'm not responding until you point me where any of my statements contradict cut and clear,eeq9jj8,psfrtps,changemyview,t3_air05o,t1_eeq8ifq,1548200700,54,False,0,0,0,1,0,0,0,0,0,0,1,0,0,0,0,0,0,0,0,0,0,0,0,0,0,0,0,0,annoyance,8.0540695,4.258352,1,3
I cannot imagine being so fragile that being able to smile threatens your identity and world view.,edfylob,Sand_Dargon,SelfAwarewolves,t3_ad7nz9,t1_edesj7g,1546831078,77,False,0,0,0,1,0,0,0,0,0,1,0,0,0,0,0,0,0,0,0,0,0,0,0,0,0,0,0,0,annoyance,7.8133984,5.1728783,1,3
Your boobs should be sisters not... completely unrelated,efcj6xd,Toast-in-the-machine,rpdrcringe,t3_al8k6l,t3_al8k6l,1548846065,72,False,0,0,0,1,0,0,0,0,0,0,1,0,0,0,0,0,0,0,0,0,0,0,0,0,0,0,0,0,annoyance,7.1886396,5.4299126,1,3
Sorry but this looks like from a Tumblr fetish fanfiction site. I don't think it belongs here.,ef5oct9,RandomGuyWithIssues,NoFap,t3_akg6tk,t1_ef4jhpr,1548658416,11,False,0,0,0,1,0,0,0,0,0,0,0,0,0,0,0,0,0,0,0,0,0,0,0,0,0,0,0,0,annoyance,11.038362,3.9011552,1,2
"If you're old school like me, you will always hate the Cowpokes more. ",edbixcv,OuTLi3R28,49ers,t3_acwi9h,t3_acwi9h,1546715407,14,False,0,0,0,1,0,0,0,0,0,0,0,0,0,0,0,0,0,0,0,0,0,0,0,0,0,0,0,0,annoyance,8.898602,2.8989031,1,0
So what I'm hearing is your dad didn't do a good job ~~brainwashing~~ raising you :-P,ee3lhvm,jjstatman,CollegeBasketball,t3_ag4mjj,t1_ee3l7yw,1547526737,2,False,0,0,0,1,0,0,0,0,0,0,0,0,0,0,0,0,0,0,0,0,0,0,0,0,0,0,0,0,annoyance,8.359059,6.6129694,1,3
I hate people.,edxn794,canyoutastethewaste,environment,t3_af90hp,t3_af90hp,1547337465,60,False,0,0,0,1,0,0,0,0,0,0,0,0,0,0,0,0,0,0,0,0,0,0,0,0,0,0,0,0,annoyance,8.843678,2.827773,1,0
Upvoted twice because this is EXACTLY what they think it is and it sucks rat balls.,eezgbd0,supervondilla,CODZombies,t3_ajs5kc,t1_eeyqvwx,1548471727,15,False,0,0,0,1,0,0,0,0,0,0,0,0,0,0,0,0,0,0,0,0,0,0,0,0,0,0,0,0,annoyance,7.790207,2.868733,1,0
I am bored of [NAME]. Next celebrity chef!,eenwy69,NukeDukem2,Documentaries,t3_ai32pd,t3_ai32pd,1548124661,34,False,0,0,0,1,0,0,0,0,0,0,0,0,0,0,0,0,0,0,0,0,0,0,0,0,0,0,0,0,annoyance,11.925332,1.8489636,1,2
"Dude want's to help his mother... cool I do the same, my mom lives in my basement. But he is doing it with my money!",een2lqh,j_roe,alberta,t3_ai2vow,t1_eeknvuh,1548102183,60,False,0,0,0,1,0,0,0,0,0,0,0,0,0,0,0,0,0,0,0,0,0,0,0,0,0,0,0,0,annoyance,8.432092,6.695329,1,3
"Online gaming is toxic. If those cuts were ever tapped, there would be lots of people in jail.",ef0if98,westel3,texas,t3_ajyl68,t3_ajyl68,1548511655,72,False,0,0,0,1,0,0,0,0,0,0,0,0,0,0,0,0,0,0,0,0,0,0,0,0,0,0,0,0,annoyance,8.098627,2.276415,1,0
Bisbee is a weird place.,ef2m9xb,TheBearJew125,TheSimpsons,t3_ak8e95,t1_ef2m7e7,1548564059,24,False,0,0,0,1,0,0,0,0,0,0,0,0,0,0,0,0,0,0,0,0,0,0,0,0,0,0,0,0,annoyance,9.730584,4.2836213,1,3
"AWWWWW, look at the little snowflake that can’t take cyberbullying and thinks others care!",ef4rk55,Madandworthless,confessions,t3_akh1zn,t3_akh1zn,1548632005,60,False,0,0,0,1,0,0,0,0,0,0,0,0,0,0,0,0,0,0,0,0,0,0,0,0,0,0,0,0,annoyance,7.9843473,3.1920376,1,0
I don’t get why you don’t post that hog.,efg756c,objet_grand,JordanPeterson,t3_alotn0,t1_efg49gs,1548950325,46,False,0,0,0,1,0,0,0,0,0,0,0,0,0,0,0,0,0,0,0,0,0,0,0,0,0,0,0,0,annoyance,8.3933525,3.5767121,1,0
At no point in the game has that been true,efbagij,Bgeezyy,MkeBucks,t3_al5yj3,t1_efbaa3r,1548808497,4,False,0,0,0,1,0,0,0,0,0,0,0,0,0,0,0,0,0,0,0,0,0,0,0,0,0,0,0,0,annoyance,8.693579,1.2047088,1,0
So you repeatedly stole money and are glad about it,ee19yfp,Pookle123,TalesFromRetail,t3_afnhjw,t3_afnhjw,1547451053,19,False,0,0,0,1,0,0,0,0,0,0,0,0,0,0,0,0,0,0,0,0,0,0,0,0,0,0,0,0,annoyance,9.592501,5.6464233,1,1
"I wish, the brainwashed idiots here in California love her. It makes me sick. California is a lost cause.",efd8e5q,TPBfan74,gunpolitics,t3_al9h43,t1_efbzpwy,1548864163,19,False,0,0,0,1,0,0,0,0,0,1,0,0,0,0,0,0,0,0,0,0,0,0,0,0,0,0,0,0,annoyance,13.14689,3.3258352,0,2
Could listen to it coz everyone talking.. not a bad thing coz the dude in the do rag was whack as fuck.,ef306xt,Shyartsy,cringe,t3_ak7ror,t3_ak7ror,1548576614,41,False,0,0,0,1,0,0,0,0,0,0,0,0,0,0,0,0,0,0,0,0,0,0,0,0,0,0,0,0,annoyance,10.5499935,3.62744,1,2
Damn I never had to wait that long. Then again where I live is a town more than a city so much less busy etc,ee9fxut,chipredux,rant,t3_agk2bs,t1_ee9bdmo,1547716109,61,False,0,0,0,1,0,0,0,0,0,0,0,0,0,0,0,0,0,0,0,0,0,0,0,0,0,0,0,0,annoyance,9.059945,5.710622,1,3
Omg stop spamming.,ed7a2gq,kebababab,ProtectAndServe,t3_ac21yp,t1_ed5q8z3,1546575830,36,False,0,0,0,1,0,0,0,0,0,0,0,0,0,0,0,0,0,0,0,0,0,0,0,0,0,0,0,0,annoyance,8.44603,3.1279728,1,0
"Doesn't matter if hes in this sub, hes sliding into your girl's DMs rn!",eeot5d0,poopypeepee24,OrlandoMagic,t3_aijjv4,t3_aijjv4,1548163231,61,False,0,0,0,1,0,0,0,0,0,0,1,0,0,0,0,0,0,0,0,0,0,0,0,0,0,0,0,0,annoyance,10.206447,3.057823,1,2
"I’d rather reply to you, simply because you sound like an idiot",ef01ljc,ThiccyLenin,wholesomememes,t3_aj39mq,t1_ef01bvv,1548492320,2,False,0,0,0,1,0,0,0,0,0,0,0,0,0,0,0,0,0,0,0,0,0,0,0,0,0,0,0,0,annoyance,8.060942,3.8660212,1,3
"As someone who works in the oil industry with a lot of big ships, this is badass.",edqie2o,flash2049,Anticonsumption,t3_aem8ku,t3_aem8ku,1547148368,66,False,0,0,0,1,0,0,0,0,0,0,1,0,0,0,0,0,0,0,0,0,0,0,0,0,0,0,0,0,annoyance,7.421776,2.0474005,1,0
It is definitely not a coincidence that he used women to represent both political sides.,efd7k9j,OneBlueAstronaut,terriblefacebookmemes,t3_albhsm,t3_albhsm,1548863708,76,False,0,0,0,1,0,0,0,0,0,0,0,0,0,0,0,0,0,0,0,0,0,0,0,0,0,0,0,0,annoyance,9.413423,1.8639749,1,0
"Drives to work, realizes its a holiday because nobody answers their phones. Still stuck at work... nothing to do. We dont get paid holidays :(",een0bg7,[deleted],AdviceAnimals,t3_aia52t,t3_aia52t,1548100581,38,False,0,0,0,1,0,0,0,0,0,1,0,0,0,0,0,0,0,0,0,0,0,0,0,0,0,0,0,0,annoyance,9.683854,6.193409,1,1
"That's awful. I'm glad [NAME] doing better, but he might have serious trust issues for life. ",eeye1pi,59926,MorbidReality,t3_ajmlwx,t1_eexvbz4,1548445089,40,False,0,0,0,1,0,0,0,0,0,0,0,0,0,0,0,0,0,0,0,0,0,0,0,0,0,0,0,0,annoyance,9.761106,1.5512884,1,0
We are killing this planet,ed02nla,ReligiousFreedomDude,environment,t3_ab7rh3,t3_ab7rh3,1546330667,1,False,0,0,0,1,0,0,0,0,0,0,0,0,0,0,0,0,0,0,0,0,0,0,0,0,0,0,0,0,annoyance,8.594537,4.833201,1,3
Is it weird that I was practically drooling while watching this,ee0h512,allshallbefree,popping,t3_afn9se,t3_afn9se,1547422780,61,False,0,0,0,1,0,0,0,0,0,0,0,1,0,0,0,0,0,0,0,0,0,0,0,0,0,0,0,0,annoyance,10.795294,3.3370957,1,2
oh man. it took me so long to figure out what you are saying. its literally [NAME],efgeuen,SolDerpguy,Tekken,t3_alr9jo,t1_efgcvlj,1548955158,46,False,0,0,0,1,0,0,0,0,0,0,0,0,0,0,0,0,0,0,0,0,0,0,0,0,0,0,0,0,annoyance,11.328257,1.6889999,1,2
"And trying to take [NAME] gun away. 😩 Like really people, it's his weapon, find yourself one and stop trying to teach him better",effi410,HSkyforger,TheWalkingDeadGame,t3_alnynh,t3_alnynh,1548931959,37,False,0,0,0,1,0,0,0,0,0,0,1,0,0,0,0,0,0,0,0,0,0,0,0,0,0,0,0,0,annoyance,9.480488,2.0057998,1,0
Once you get to great great the odds go down for unique male ancestors though.,eeucf5z,PlaugeofRage,todayilearned,t3_aj5o9e,t1_eetwao1,1548337683,66,False,0,0,0,1,0,0,0,0,0,0,0,0,0,0,0,0,0,0,0,0,0,0,0,0,0,0,0,0,annoyance,6.9552994,4.489578,1,3
"I tell them I've been a fan since the very beginning of the franchise, so there's no way I could be a bandwagoner",ef73999,Tankercow,goldenknights,t3_akm7sq,t3_akm7sq,1548703670,76,False,0,0,0,1,0,0,0,0,0,0,0,0,0,0,0,0,0,0,0,0,0,0,0,0,0,0,0,0,annoyance,9.209208,1.0659045,1,0
> i can't hug nagisa mood,efgk8la,chaeriin,danganronpa,t3_alr7a0,t1_efgdfxb,1548958663,76,False,0,0,0,1,0,0,0,0,0,0,0,0,0,0,0,0,0,0,0,0,0,0,0,0,0,0,0,0,annoyance,9.532397,5.3513365,1,1
Dude I have a verrrrry strong feeling the barber did that on purpose. Nowhere in the world is that an acceptable haircut. That’s fucked up,eehba2o,limprichard91,Justfuckmyshitup,t3_ahm3xr,t3_ahm3xr,1547939837,15,False,0,0,0,1,0,0,1,0,0,0,0,0,0,0,0,0,0,0,0,0,0,0,0,0,0,0,0,0,annoyance,9.984137,3.0496652,1,2
People are legitimately monsters.,effjejw,SalaciousSarah,MorbidReality,t3_alb1iv,t1_efe0sgi,1548933525,60,False,0,0,0,1,0,0,0,0,0,0,0,0,0,0,0,0,0,0,0,0,0,0,0,0,0,0,0,0,annoyance,7.5155754,3.4994657,1,0
Am I the only one who can't get the sound to work?,edwnpw4,Myxtro,Brawlhalla,t3_af82d3,t3_af82d3,1547315382,63,False,0,0,0,1,0,0,0,0,0,0,0,0,0,0,0,0,0,0,0,0,0,0,0,0,0,0,0,0,annoyance,9.31205,4.258215,1,3
I would absolutely claim it and yell that my Auntie was looking for it.,edoxqsp,[deleted],Wellthatsucks,t3_aeckyi,t3_aeckyi,1547098847,2,False,0,0,0,1,0,0,0,0,0,0,0,0,0,0,0,0,0,0,0,0,0,0,0,0,0,0,0,0,annoyance,11.199856,2.0696254,1,2
"Crisis centers are not only for battered women they are for abused women as well. From the looks of it, they are all abusing you. ",edmupsj,Saetetta,JUSTNOMIL,t3_ae6yq4,t1_edmualt,1547043428,7,False,0,0,0,1,0,0,0,0,0,0,0,0,0,0,0,0,0,0,0,0,0,0,0,0,0,0,0,0,annoyance,6.861905,3.950346,1,3
I hate how much I love it,eevmcmg,methylenebluestains,DiWHY,t3_ajd36b,t3_ajd36b,1548367472,20,False,0,0,0,1,0,0,0,0,0,0,0,0,0,0,0,0,0,0,0,0,0,0,0,0,0,0,0,0,annoyance,9.056256,2.9318044,1,0
i can't even stand up straight on a paddle board in the calmest water imaginable,ef82pu9,_pm_me_nude_selfies,nonononoyes,t3_akuknl,t3_akuknl,1548726327,78,False,0,0,0,1,0,0,0,0,0,0,0,0,0,0,0,0,0,0,0,0,0,0,0,0,0,0,0,0,annoyance,9.401037,4.0248256,1,3
"Oh [NAME], dont talk about clippers!",ef8xzmn,horseonpot,TooAfraidToAsk,t3_akryiv,t1_ef7dz5t,1548753309,8,False,0,0,0,1,0,0,0,0,0,0,1,0,0,0,0,0,0,0,0,0,0,0,0,0,0,0,0,0,annoyance,11.590185,1.992415,1,2
"It didn't take me any longer than the first, and I feel uncomfortable now",edogked,JAG319,socialanxiety,t3_aec3x7,t3_aec3x7,1547083993,61,False,0,0,0,1,0,0,0,0,0,1,0,0,0,0,0,0,0,0,0,0,0,0,0,0,0,0,0,0,annoyance,9.076718,4.258127,1,3
And? Did i say they didnt? Read the whole thread you bimbo,edps13p,Alisonscott-3,Shitstatistssay,t3_aegejq,t1_edpd76a,1547133940,70,False,0,0,0,1,0,0,0,0,0,0,0,1,0,0,0,0,0,0,0,0,0,0,0,0,0,0,0,0,annoyance,9.308279,3.0899653,1,0
"In what way is banning someone from using your service for copyright theft ""a completely over-the-top punishment"" ?",edx0kwd,RaptorPotractor,youtube,t3_af5vqw,t1_edwycew,1547322952,30,False,0,0,0,1,0,0,0,0,0,0,0,0,0,0,0,0,0,0,0,0,0,0,0,0,1,0,0,0,annoyance,7.4533396,3.3789313,1,0
That IS crazy!,eeboyto,skeezy_kaneezy,AskMen,t3_ah0h8n,t1_eebhpg3,1547780209,37,False,0,0,0,1,0,0,0,0,0,0,0,0,0,0,0,0,0,0,0,0,0,0,0,0,0,0,0,0,annoyance,9.597165,4.5997663,1,3
my mom.. she noticed the house oddly quiet started frantically looking around. found me in the neighbors hot tub thing having a nice soak.,eetpeyn,RedditsAdoptedSon,nononono,t3_aiuzbl,t1_eertmdk,1548307917,7,False,0,0,0,1,0,0,0,0,0,0,0,0,0,0,0,0,0,0,0,0,0,0,0,0,0,0,0,0,annoyance,9.379858,3.9123762,1,3
"Yep, had to chase and kept honking. Driver eventually stopped.",ee0htt6,Rdtaccount1,Roadcam,t3_afottk,t1_ee0hngn,1547423333,37,False,0,0,0,1,0,0,0,0,0,1,0,0,0,0,0,0,0,0,0,0,0,0,0,0,0,0,0,0,annoyance,8.6279125,2.4923458,1,0
That's only bad to some people. Being racist is bad to everyone.,ee2mno5,cantankerous4,KidsAreFuckingStupid,t3_afvv7c,t1_ee2l0dx,1547499545,21,False,0,0,0,1,0,0,0,0,0,0,0,0,0,0,0,0,0,0,0,0,0,0,0,0,0,0,0,0,annoyance,7.0020885,3.8793283,1,3
"Well yeah, you've gotta paint it white yourselves",eete3m3,hi850,TalesFromYourServer,t3_aiymal,t1_eesjrmi,1548298268,37,False,0,0,0,1,0,0,0,0,0,0,0,0,0,0,0,0,0,0,0,0,0,0,0,0,0,0,0,0,annoyance,8.385115,2.7361948,1,0
Does it tickle inside your nostril? I always imagined it would be annoying.,edkgol2,DarkSylver302,exmormon,t3_adrb6e,t3_adrb6e,1546964604,55,False,0,0,0,1,0,0,0,0,0,0,0,0,0,0,0,0,0,0,0,0,0,0,0,0,0,0,0,0,annoyance,9.409031,4.0311327,1,3
How old are you? It sounds like 90% of the guys you know who are your age also don’t have their shit together,ef4ink0,Josh709,seduction,t3_akd3m6,t1_ef4ardn,1548624681,52,False,0,0,0,1,0,0,0,0,0,0,0,0,0,0,0,0,0,0,0,0,0,0,0,0,0,0,0,0,annoyance,7.628424,5.087113,1,3
It's kinda odd that people are downvoting you without providing well-sourced counter-arguments to the points you're making.,ed075k7,Dunkaroos4breakfast,philosophy,t3_ab9b3d,t1_ecyyw33,1546337119,60,False,0,0,0,1,0,0,0,0,0,0,0,0,0,0,0,0,0,0,0,0,0,0,0,0,0,0,0,0,annoyance,7.3446355,2.8824065,1,0
My son brings *homework* from kindergarten. I feel betrayed.,eeub2jg,spangle_dangle,antiMLM,t3_aj8gb1,t1_eeu3ve9,1548336464,34,False,0,0,0,1,0,0,0,0,0,0,0,0,0,0,0,0,0,0,0,0,0,0,0,0,0,0,0,0,annoyance,8.214856,6.3338094,1,3
"obviously, its just a stupid question",edkf3u2,PemaleBacon,alberta,t3_adiz3g,t1_edk8fft,1546963433,18,False,0,0,0,1,0,0,0,0,0,0,0,0,0,0,0,0,0,0,0,0,0,0,0,0,0,0,0,0,annoyance,8.36779,3.822814,1,3
What? No way do I want to see a Boston coach behind our bench!,eej9jd1,FtheBruinsLeafsSens,Habs,t3_ahv34l,t1_eeim9vj,1547995406,66,False,0,0,0,1,0,0,0,0,0,0,1,0,0,0,0,0,0,0,0,0,0,0,0,0,0,0,0,0,annoyance,9.238436,1.1582046,1,0
"1, you,, you,, actually shat on a hamster? 2. Washing your hamster can kill it 3. You fucking shat on your hamster",edbfgx0,Hamplural,confession,t3_acsnst,t3_acsnst,1546713141,15,False,0,0,0,1,0,1,1,1,0,0,0,0,0,0,0,0,0,0,0,0,0,0,0,0,0,0,0,0,annoyance,9.815554,4.581087,1,1
also that fiat (if paid in Bolivares) will quickly depreciate in a week,ed6k6cp,gubatron,btc,t3_ac83eh,t1_ed62xiw,1546554469,62,False,0,0,0,1,0,0,0,0,0,0,1,0,0,0,0,0,0,0,0,0,0,0,0,0,0,0,0,0,annoyance,9.424269,6.3423233,1,1
"the game certainly feels unfinished, at least on PC. some horrible mouse controls, using a controller is almost necessary.",ef02ir1,Willydangles,Games,t3_ajiwfm,t1_eevw802,1548493511,61,False,0,0,0,1,0,0,0,0,0,1,0,0,0,0,0,0,0,0,0,0,0,0,0,0,0,0,0,0,annoyance,8.25115,2.2097862,1,0
Why would you miss school because your dad is in the hospital? Plot hole like you read about.,edzc38n,RulingFieldConfirmed,terriblefacebookmemes,t3_afjfks,t3_afjfks,1547395799,60,False,0,0,0,1,0,0,1,0,0,0,0,0,0,0,0,0,0,0,0,0,0,0,0,0,0,0,0,0,annoyance,8.261635,6.4424105,1,3
"[NAME] fuck my brain hurts, way to early for this shit. Sorry in advance if English is a 2nd language ",ees7n6p,towongfoothanks,CryptoCurrency,t3_aiwmro,t1_ees5zpd,1548268172,22,False,0,0,0,1,0,0,0,0,0,0,0,1,0,0,0,0,0,0,0,0,0,0,0,0,0,0,0,0,annoyance,11.553802,1.5967662,1,2
It would be a little less irritating if the 10 cents you pay if you want some paper bags didn't go to the government as a tax.,ee57n4o,Vulturedoors,TalesFromRetail,t3_ag5hz8,t1_ee4rbab,1547583408,46,False,0,0,0,1,0,0,0,0,0,0,0,0,0,0,0,0,0,0,0,0,0,0,0,0,0,0,0,0,annoyance,7.174777,2.150467,1,0
Yeah tis marketing tweet from the melbourne AFLW team about their captain seems like marketing being pushed down my throat. You woke af.,edlcwqy,c_c_combo,AFL,t3_adq21w,t1_edjurzw,1546987472,19,False,0,0,0,1,0,0,0,0,0,0,0,0,0,0,0,0,0,0,0,0,0,0,0,0,0,0,0,0,annoyance,8.894142,1.0206763,1,0
"Damn, I was really hoping for some comeuppance at the end, but at least you no longer have her for a boss, so silver lining.",eezx1k5,lesethx,MaliciousCompliance,t3_ajwjb7,t1_eezteam,1548486894,37,False,0,0,0,1,0,0,0,0,1,0,0,0,0,0,0,0,0,0,0,0,0,0,1,0,0,0,0,0,annoyance,13.20554,3.2892778,0,2
[NAME] is going to be jealous of this photo,eduowyt,TheRigSauce,DunderMifflin,t3_aevpqv,t3_aevpqv,1547251520,22,False,0,0,0,1,0,0,0,0,0,0,0,0,0,0,0,0,0,0,0,0,0,0,0,0,1,0,0,0,annoyance,11.859097,3.0823448,1,2
That was truly disgusting,eenfvuo,Hoophoop31,TeenMomOGandTeenMom2,t3_aidus2,t1_een5ncb,1548111399,57,False,0,0,0,1,0,0,0,0,0,0,0,1,0,0,0,0,0,0,0,0,0,0,0,0,0,0,0,0,annoyance,8.889445,3.5243828,1,0
They all did idiotic things on at least 1 occasion.,ee13ub5,International_Way,AskThe_Donald,t3_afl3bd,t1_ee0t1be,1547442916,52,False,0,0,0,1,0,0,0,0,0,0,0,0,0,0,0,0,0,0,0,0,0,0,0,0,0,0,0,0,annoyance,7.9525075,3.591097,1,3
This shit ain't rocket science GateKeeper,ee5ibbq,SubhumanShit,gatekeeping,t3_agd4lr,t1_ee5hrsn,1547590885,15,False,0,0,0,1,0,0,0,0,0,0,0,0,0,0,0,0,0,0,0,0,0,0,0,0,0,0,0,0,annoyance,9.613721,4.7030797,1,1
all the grumpy cats remind me of [NAME] except he wouldn't eat a watermelon.,eekv57e,VintageHelicopter,lostredditors,t3_ahy45b,t3_ahy45b,1548027759,66,False,0,0,0,1,0,0,0,0,0,0,0,0,0,0,0,0,0,0,0,0,0,0,0,0,0,0,0,0,annoyance,10.266101,4.180892,1,1
Fair. Actually fuck the last few songs on Bleach.,ef3h896,G-R_,lewronggeneration,t3_akbs4f,t1_ef3h74r,1548594856,70,False,0,0,0,1,0,0,0,0,0,0,0,0,0,0,0,0,0,0,0,0,0,0,0,0,0,0,0,0,annoyance,10.742937,3.4550908,1,2
"Sew up that cockholster son, no one gives a fuck.",edzxmt4,DangItsBatman,uberdrivers,t3_afh68g,t1_edymu1t,1547409388,60,False,0,0,0,1,0,0,0,0,0,0,0,0,0,0,0,0,0,0,0,0,0,0,0,0,0,0,0,0,annoyance,8.294129,5.8244243,1,3
"I'd give you a shovel so you could dig your head out of the sand, but I have a feeling you'd refuse.",ee78nq2,BobbysBabyDaddy,freefolk,t3_aglldw,t1_ee76pog,1547654792,37,False,0,0,0,1,0,0,0,0,0,0,0,0,0,0,0,0,0,0,0,0,0,0,0,0,0,0,0,0,annoyance,8.501878,4.1911273,1,3
you're misinformed,edzqwpj,tibb,OutOfTheLoop,t3_afihzu,t1_edzk6k2,1547405327,61,False,0,0,0,1,0,0,0,0,0,0,0,0,0,0,0,0,0,0,0,0,0,0,0,0,0,0,0,0,annoyance,7.7655644,4.113003,1,3
I constantly feel like I'm my husband's best friend and it's just a matter of time until we break up :(,efgf2km,braziliantapestry,DeadBedrooms,t3_alphwy,t1_effthfb,1548955301,3,False,0,0,0,1,0,0,0,0,0,0,0,0,0,0,0,0,0,0,0,0,0,0,0,0,0,0,0,0,annoyance,8.735336,6.0595818,1,3
Why did you post my autobiography,eee689s,Denpants,2meirl4meirl,t3_ahbh4z,t1_eedwm3q,1547851553,49,False,0,0,0,1,0,0,0,0,0,0,0,0,0,0,0,0,0,0,0,0,0,0,0,0,0,0,0,0,annoyance,11.222369,5.1038594,1,1
Thats weak as fuck.,edrrtb0,StealAllTheInternets,hockey,t3_aeq455,t3_aeq455,1547176526,9,False,0,0,0,1,0,0,0,0,0,0,1,0,0,0,0,0,0,0,0,0,0,0,0,0,0,0,0,0,annoyance,9.592985,4.9218802,1,1
